word,dat_frequency,mean_score,category,umap_x,umap_y
поднос,9,91.28375630555556,UNCATEGORIZED,2.8732939,4.3523154
комета,100,89.9437719368,NATURE,3.4150884,6.83253
объем,5,90.71629297199999,UNCATEGORIZED,7.5716224,6.305151
коромысло,60,90.65946524416667,OBJECT_HOME,2.5991504,4.358456
крупица,8,91.9713932175,UNCATEGORIZED,4.2495885,4.2813525
нарост,3,91.99527370333332,UNCATEGORIZED,4.8972306,3.6754594
труба,65,83.86698159753848,OBJECT_HOME,3.5385685,4.948741
деревня,26,86.69606846576923,UNCATEGORIZED,4.589053,6.750156
капот,77,92.73325577207791,OBJECT_TECH,2.8072467,5.2013216
ферзь,24,88.57996785249999,UNCATEGORIZED,4.431177,8.529143
кисть,36,86.33363225805556,UNCATEGORIZED,3.7634354,3.780535
астролог,36,96.03212800444443,UNCATEGORIZED,2.5597851,9.794027
кипа,3,92.49340857333334,UNCATEGORIZED,3.3318827,4.351036
жертва,8,87.05364305,UNCATEGORIZED,1.5614636,9.755809
любовь,376,85.8174369242553,ABSTRACT,9.3631935,5.8864317
морковь,111,83.74783627801799,FOOD,2.5186388,1.4625437
трейдинг,1,87.57900638,UNCATEGORIZED,2.6252823,6.881492
блистер,7,88.83053195714285,UNCATEGORIZED,2.695973,5.6161895
кластер,36,90.09331859444444,UNCATEGORIZED,4.268884,6.967729
печенка,1,87.57900638,UNCATEGORIZED,3.6908536,2.4480984
оракул,11,90.98510702727273,UNCATEGORIZED,2.2553642,9.240091
детерминант,7,91.87916347714285,UNCATEGORIZED,7.7411304,4.245014
гитара,99,86.77865789909092,ART_CULTURE,4.079014,7.9097247
каша,78,84.25970139705129,FOOD,2.9642966,1.880619
сердцебиение,2,91.72870939,UNCATEGORIZED,8.041273,3.2063825
сатана,7,88.03591050714286,UNCATEGORIZED,1.7480505,9.264521
гранатомет,3,90.06785631666666,UNCATEGORIZED,1.9375769,5.208441
склеп,5,89.27961352400001,UNCATEGORIZED,4.451894,6.174736
шуруп,103,94.08618112339806,OBJECT_HOME,2.1451774,5.039835
дельфин,42,89.72992515095238,UNCATEGORIZED,0.18602614,8.14132
кислота,62,89.63460567451612,SCIENCE,5.0154743,2.1994326
политик,5,88.584269042,UNCATEGORIZED,3.0115752,9.842712
отара,3,92.85667199333334,UNCATEGORIZED,2.8294542,7.2865324
орбита,47,91.27372107851063,SCIENCE,5.8863606,4.8247676
колбаса,93,86.92122746419356,FOOD,2.9222965,2.0440636
миля,11,90.4219272409091,UNCATEGORIZED,4.5395846,4.368063
коробка,88,84.1610592203409,OBJECT_HOME,3.2648294,4.2467275
планета,252,86.2188983211508,PLACE,4.832056,6.8405805
синтаксис,30,89.22978588433332,UNCATEGORIZED,6.7280316,4.966039
плюшка,9,88.59854100666666,UNCATEGORIZED,1.3839139,6.930835
комар,38,89.87533743842104,UNCATEGORIZED,0.32931677,8.097491
стакан,79,83.37509511202532,OBJECT_HOME,3.677745,1.9510231
лес,221,84.77273712230767,PLACE,4.649893,5.6138372
свекла,40,80.56932768375,UNCATEGORIZED,2.3721738,1.3992922
муха,27,85.61806219629631,UNCATEGORIZED,0.15382975,8.082087
пыль,94,87.73473802638298,NATURE,4.73653,3.7405388
закат,34,88.79836746852942,UNCATEGORIZED,4.896024,4.7940736
трава,193,84.27361637222798,NATURE,2.4949024,2.5627503
впадина,33,89.69028040151514,UNCATEGORIZED,4.42307,5.290798
спутник,46,88.58049627152174,UNCATEGORIZED,3.4832609,7.3398943
митохондрия,67,88.70187237910449,SCIENCE,5.946225,2.866663
молибден,7,82.97233460142857,UNCATEGORIZED,4.890503,2.2980068
парфюм,14,91.29241333142855,UNCATEGORIZED,3.8060393,2.8236792
лексикон,5,90.12424569999999,UNCATEGORIZED,6.292407,6.4706764
число,41,89.54592701707318,UNCATEGORIZED,6.61096,7.958656
ракета,137,86.47328676372263,OBJECT_TECH,2.963894,6.40851
хлеб,192,85.46636411916666,FOOD,3.1684358,2.0640612
мамонт,15,89.27550655066666,UNCATEGORIZED,0.16203566,8.57992
материк,22,87.62920567681817,UNCATEGORIZED,4.710387,6.174511
ложка,189,83.25467482867724,OBJECT_HOME,2.6134744,1.6383983
золото,47,85.57678017191489,NATURE,4.4002786,2.5840077
солнцестояние,23,89.84646081999999,UNCATEGORIZED,7.2595315,7.9972196
кенгуру,52,90.47860610403849,ANIMAL,0.037819847,8.464798
камень,196,84.36091351627552,NATURE,3.5367074,3.3161304
циклоп,7,88.33487572571427,UNCATEGORIZED,1.1278069,8.751682
иволга,11,89.35529763727271,UNCATEGORIZED,-0.02516523,7.8233237
чаруса,1,84.22766164,UNCATEGORIZED,1.1084366,7.02768
колонна,23,90.37530869086957,UNCATEGORIZED,5.177192,8.474046
палитра,24,87.14510475375,UNCATEGORIZED,6.261379,5.4028625
апокалипсис,28,90.41574694285714,UNCATEGORIZED,6.8762836,6.7571054
радуга,101,87.76848007475247,NATURE,4.671266,4.896286
кот,657,83.0603223575799,ANIMAL,0.054886926,8.582428
трамвай,58,88.68130821086207,OBJECT_TECH,3.615317,7.589474
олигарх,4,87.840256335,UNCATEGORIZED,2.9250762,9.843573
синхрофазотрон,96,88.75865787979166,OBJECT_TECH,2.9962595,5.807048
елка,57,85.54462611192984,NATURE,4.400713,4.930956
политология,3,93.07316340333334,UNCATEGORIZED,6.8874664,4.8070617
звезда,280,85.42258457807142,NATURE,4.4820104,4.963367
сырок,4,78.9633783775,UNCATEGORIZED,2.9219332,2.0811367
сорока,21,91.04168089285716,UNCATEGORIZED,2.1513855,8.755555
срок,4,90.55943738,UNCATEGORIZED,7.0935125,8.246232
урок,52,87.38532301000001,ACTION_PROCESS,2.7545316,8.952525
урюк,13,88.47670870923078,UNCATEGORIZED,2.1300373,1.5555693
каюк,2,90.78659314500001,UNCATEGORIZED,6.2705126,6.3583527
каюта,5,91.444421672,UNCATEGORIZED,3.706143,6.4250917
ледник,31,88.97423234290322,UNCATEGORIZED,4.4224377,5.686053
мясник,2,90.80865261,UNCATEGORIZED,2.510528,9.685183
дневник,5,92.670136864,UNCATEGORIZED,6.09657,7.2220283
черника,6,69.21591544166667,UNCATEGORIZED,1.7582264,1.5611382
корень,60,86.00165880900002,NATURE,2.2661166,1.9456012
стрекоза,25,85.2164576216,UNCATEGORIZED,0.0010952904,8.034861
бирюза,7,89.26195000428571,UNCATEGORIZED,4.2693787,1.3678386
молоко,225,86.32905655364443,FOOD,3.384883,1.7612362
энциклопедия,26,89.16290916,UNCATEGORIZED,6.147472,7.122003
барсук,13,88.95975678615385,UNCATEGORIZED,0.12200431,8.32129
кислород,53,91.01842264415096,SCIENCE,4.7845917,2.2191927
нота,77,90.16013415935065,ART_CULTURE,5.798575,6.766841
диван,185,83.0515499938919,OBJECT_HOME,2.8528628,4.59987
человек,218,83.6293223971101,PERSON,2.0923448,8.757554
косоглазие,5,94.480093332,UNCATEGORIZED,8.096293,3.0627737
потолок,59,84.0315462018644,OBJECT_HOME,3.99073,5.1893353
двоевластие,1,90.48767839,UNCATEGORIZED,8.218722,5.567859
варежка,25,89.01190918039998,UNCATEGORIZED,2.932776,3.7438748
фанфара,5,92.90096256,UNCATEGORIZED,1.1501936,7.0937057
облако,299,86.5140620958194,NATURE,4.8863816,4.62602
паранойя,15,89.99334053066666,UNCATEGORIZED,8.364939,3.3994102
климакс,12,87.97608235666667,UNCATEGORIZED,7.8694186,3.1997974
бережливость,3,93.95079688,UNCATEGORIZED,9.761613,4.9810667
кран,74,84.72476473675675,OBJECT_HOME,2.8733115,5.18054
дрянь,11,90.28937588,UNCATEGORIZED,0.6605877,9.183911
переход,14,91.18015169499999,UNCATEGORIZED,7.3741035,6.776829
девственность,6,89.58277344666668,UNCATEGORIZED,9.588621,5.3872547
лаборатория,12,87.68271178416666,UNCATEGORIZED,4.8921027,7.207519
треуголка,3,89.08694730333333,UNCATEGORIZED,1.8083905,3.4601142
фикция,14,88.64785704142857,UNCATEGORIZED,7.0989494,5.628425
череп,16,86.601856775625,UNCATEGORIZED,3.977142,3.760569
пионер,22,91.08992917136364,UNCATEGORIZED,2.2359715,9.977069
тревожность,14,88.97412380928573,UNCATEGORIZED,8.737309,4.039381
отрочество,6,90.34668166666667,UNCATEGORIZED,8.712308,5.666582
суп,97,84.3502287528866,FOOD,3.1345952,1.8738782
эмпатия,46,87.86423490021738,UNCATEGORIZED,8.09101,4.4386625
эльф,26,90.42068419923079,UNCATEGORIZED,1.7607049,8.9080715
стул,431,81.82519088902552,OBJECT_HOME,2.8636098,4.6484814
озеро,89,85.73317316494382,NATURE,4.5169005,5.7989206
вертолет,64,88.83089276140625,OBJECT_TECH,3.113305,7.1258373
буханка,9,83.55386129000001,UNCATEGORIZED,3.0060008,2.4140422
болезнь,56,86.66613060732142,ABSTRACT,7.8508654,2.666362
ножницы,70,87.73667123328572,OBJECT_HOME,2.364262,4.456949
абстракционизм,14,89.31962602285714,UNCATEGORIZED,7.984633,4.3126245
пингвин,83,89.61358530566264,ANIMAL,-0.09275783,8.2422
монтаж,6,91.49667695666666,UNCATEGORIZED,7.0509377,5.8742933
говно,81,80.82008136950617,BODY,0.6535969,9.299459
огурец,132,83.64044438250001,FOOD,2.4434013,1.5545359
философия,98,89.47658389846937,ABSTRACT,7.3369617,5.311705
лев,58,86.21493779827586,ANIMAL,0.031277232,8.592963
окружность,11,88.69442044090908,UNCATEGORIZED,5.6768293,4.709256
нора,29,87.87494229137928,UNCATEGORIZED,-0.10131145,6.676445
поле,187,86.1964404193048,PLACE,4.671396,5.5751295
сок,52,84.41581771192308,FOOD,3.5010269,1.7026563
кишечник,31,89.33580189322579,UNCATEGORIZED,4.9396,3.3971908
таймер,19,88.25934326842105,UNCATEGORIZED,2.7571151,5.9085174
водород,31,86.64338327580647,UNCATEGORIZED,4.89813,2.269573
археология,8,91.20872291875,UNCATEGORIZED,6.9511633,4.7744036
космос,510,87.81101094829413,PLACE,4.0901065,6.994187
ястреб,7,89.72936916571429,UNCATEGORIZED,-0.17695567,8.081873
ребенок,102,83.24239452294118,PERSON,2.0231643,8.506099
цвет,78,84.76317392448719,ABSTRACT,4.2077007,3.70499
береза,65,84.68336709984615,NATURE,1.6528641,2.0424082
инквизиция,10,88.88653771400001,UNCATEGORIZED,5.994099,7.589822
мыло,107,87.23911489074766,OBJECT_HOME,3.5649645,2.7589629
небо,563,84.58532124927176,NATURE,4.9780207,4.7743416
акула,60,87.09648109400001,ANIMAL,0.22074954,7.4412413
папоротник,18,87.5096423188889,UNCATEGORIZED,2.0335937,2.288924
рыцарь,33,88.88934055757576,UNCATEGORIZED,2.4886096,8.757776
ртуть,27,88.94115834851851,UNCATEGORIZED,4.6774144,2.3825207
стол,811,82.73666807319358,OBJECT_HOME,2.8384266,4.528193
лещ,11,78.18378835363637,UNCATEGORIZED,0.22631139,5.1329103
бронх,2,89.76324229,UNCATEGORIZED,5.5359383,3.2455587
семя,31,88.86627057129034,UNCATEGORIZED,2.4607167,2.3142576
резинка,31,85.69031524354838,UNCATEGORIZED,3.3467872,3.5342424
филогенез,1,88.00616702,UNCATEGORIZED,7.358417,4.589055
корова,219,83.654657246621,ANIMAL,0.2558448,8.842694
коннотация,10,88.959358391,UNCATEGORIZED,7.05414,4.6506624
туесок,7,86.43747869857143,UNCATEGORIZED,2.6327744,4.3720922
вода,292,81.02875790708904,NATURE,4.8581514,4.3216457
метеор,14,87.7445111407143,UNCATEGORIZED,3.2478845,7.0226088
крипта,9,91.23167137444445,UNCATEGORIZED,4.271356,6.165947
шапка,58,86.58386527275862,OBJECT_HOME,1.8616117,3.443411
инверсия,8,88.29729388749999,UNCATEGORIZED,7.4532323,4.4416146
икра,22,89.68415895045455,UNCATEGORIZED,2.9467719,2.0383852
дискотека,10,87.31242989699999,UNCATEGORIZED,6.571571,6.7636714
удар,19,90.24735952105263,UNCATEGORIZED,5.3521767,6.035991
печаль,29,86.69649652379313,UNCATEGORIZED,9.645609,5.991778
политика,41,91.08176335390243,UNCATEGORIZED,7.312433,5.865283
шпилька,7,87.66676436,UNCATEGORIZED,2.9717877,3.876239
книга,382,84.75796899361256,ART_CULTURE,6.290166,7.089905
обои,49,87.05954661612243,OBJECT_HOME,3.855938,3.751699
подушка,137,85.5063382439416,OBJECT_HOME,2.5890818,3.9629242
фонарь,95,85.77399242452633,OBJECT_HOME,3.184527,5.1736474
кубок,13,88.70528151615385,UNCATEGORIZED,3.6496742,2.073984
рибосома,13,85.41490900384616,UNCATEGORIZED,5.9856024,2.7676349
бричка,4,90.0348252425,UNCATEGORIZED,3.2973878,7.83303
шмон,7,90.73801037999999,UNCATEGORIZED,7.013423,6.279523
штепсель,5,88.986902414,UNCATEGORIZED,2.71683,5.4364853
агломерация,14,90.21157669571427,UNCATEGORIZED,6.776527,3.293542
короста,12,89.5762713875,UNCATEGORIZED,5.0399756,3.665502
бренди,1,87.69843731,UNCATEGORIZED,3.6523547,1.7470753
планктон,18,90.46957712944445,UNCATEGORIZED,5.1177278,2.4657145
здание,50,86.63302819880002,PLACE,4.517589,6.3772063
полоска,5,89.159110676,UNCATEGORIZED,4.5852003,4.9734507
выбоина,3,88.82018117,UNCATEGORIZED,4.242096,4.94138
шутка,17,86.72781412294118,UNCATEGORIZED,7.3115573,6.2630105
суша,8,88.6834365075,UNCATEGORIZED,4.7135067,5.506971
прогулка,17,86.94319198764705,UNCATEGORIZED,6.999696,6.568664
апелляция,13,89.79944988076925,UNCATEGORIZED,6.833798,7.1867876
сегрегация,6,89.09110817,UNCATEGORIZED,7.969888,4.9421315
одежда,40,82.88988589225,UNCATEGORIZED,1.8763337,3.3858287
молекула,102,88.5437670304902,SCIENCE,5.690106,2.9150617
поведение,6,91.28336314,UNCATEGORIZED,8.359935,6.963742
отрешенность,4,90.83493127,UNCATEGORIZED,9.837554,5.3420835
возможность,19,91.72821369789476,UNCATEGORIZED,8.0920515,7.2518635
козодой,6,91.74680890833334,UNCATEGORIZED,0.107171856,7.814097
тессеракт,2,94.58336765499999,UNCATEGORIZED,1.4431907,6.8092747
хмель,5,93.99936738199999,UNCATEGORIZED,2.1592932,1.7806743
эксгумация,6,93.58348500333334,UNCATEGORIZED,6.994242,4.8528805
ливень,15,92.46954035666667,UNCATEGORIZED,5.277376,4.8054633
дыра,50,88.42646722459999,OBJECT_HOME,4.512027,5.0534024
собака,736,83.33686409296195,ANIMAL,-0.13583125,8.763656
магазин,60,85.18606420900001,PLACE,4.136574,7.0478377
город,134,85.33579358477613,PLACE,4.57109,6.7865267
спорт,57,86.0140634059649,ACTION_PROCESS,4.378813,8.121199
путешествие,76,87.00208451473685,ABSTRACT,7.76085,6.729545
родитель,19,86.43274854736842,UNCATEGORIZED,2.3395905,8.55232
атом,121,88.53772999363636,SCIENCE,5.667065,2.864783
панцырь,3,87.24000495333333,UNCATEGORIZED,2.1027954,4.0618114
лопата,92,85.19680106163044,OBJECT_HOME,2.2500815,4.628703
бег,48,85.98620403770833,ACTION_PROCESS,5.571432,6.4059777
архимандрит,5,88.391686608,UNCATEGORIZED,2.3254561,9.572759
искра,22,87.9972461359091,UNCATEGORIZED,4.6050467,4.59956
земноводное,2,85.20691413,UNCATEGORIZED,0.5786563,8.363914
тарелка,133,81.57860876759399,OBJECT_HOME,3.170892,4.120993
террорист,3,93.33459488666666,UNCATEGORIZED,1.8361031,9.743558
ручка,208,82.39231173846154,OBJECT_HOME,3.2474067,4.345967
шиншилла,16,86.06678891062501,UNCATEGORIZED,0.3089272,8.050957
крик,53,88.87097641962262,EMOTION,5.760303,5.983462
ком,14,91.89495981142859,UNCATEGORIZED,3.6754491,4.453926
кожа,70,91.54933653042859,BODY,3.8491204,3.5580716
кулон,7,91.31857796714284,UNCATEGORIZED,3.0211518,3.7508016
килограмм,20,91.2519477685,UNCATEGORIZED,4.3698535,4.3146224
карбон,5,85.744122152,UNCATEGORIZED,1.5151789,6.268429
кум,10,88.81056449600001,UNCATEGORIZED,2.152252,8.448536
теология,7,93.49997733142857,UNCATEGORIZED,7.284818,4.969288
ужас,30,91.30955560699998,UNCATEGORIZED,9.545814,6.2395
предводитель,1,98.6198853,UNCATEGORIZED,2.3894718,9.145406
кинотеатр,16,90.62987527749999,UNCATEGORIZED,4.2074533,7.180455
шкурка,5,88.246955274,UNCATEGORIZED,3.6584895,3.418094
клептомания,6,91.85971998833332,UNCATEGORIZED,7.991316,3.29448
профсоюз,1,100.4903027,UNCATEGORIZED,5.2042193,7.7885017
белизна,28,89.35383203000002,UNCATEGORIZED,5.239649,4.419215
электростанция,19,87.9873100468421,UNCATEGORIZED,3.8959823,5.799042
помада,45,87.84658054911112,UNCATEGORIZED,3.5632691,3.1786335
альцгеймер,11,90.13776694545454,UNCATEGORIZED,7.686198,2.9634047
единица,9,77.04302988888888,UNCATEGORIZED,4.5418477,4.468137
тупость,8,89.8007929725,UNCATEGORIZED,9.282611,5.137847
ель,30,83.766790142,UNCATEGORIZED,1.6712996,2.0498579
крючок,17,86.86163087647058,UNCATEGORIZED,1.8384237,5.083142
метелица,1,97.21941887,UNCATEGORIZED,5.3219976,4.4869757
самосознание,5,93.32049594600001,UNCATEGORIZED,8.460358,5.7174993
отпуск,26,89.54182440538463,UNCATEGORIZED,7.07575,8.0214405
гель,16,89.3714942275,UNCATEGORIZED,3.8748362,2.5254576
яблоко,376,84.47678714944148,FOOD,2.4504032,1.6515381
пол,115,81.76699056591305,OBJECT_HOME,3.4767811,4.272077
рубашка,49,85.28646075591837,OBJECT_HOME,1.7673893,3.4001637
солнце,537,84.19368570899441,NATURE,4.886032,4.741654
телефон,248,84.14610447141129,OBJECT_TECH,3.1794221,6.2339325
грусть,51,86.99963337960783,EMOTION,9.622373,5.983404
шарнир,12,91.90626023583333,UNCATEGORIZED,2.8407872,5.2539754
шаль,10,92.22203296400001,UNCATEGORIZED,1.9471978,3.6288617
шепот,24,92.39197476208335,UNCATEGORIZED,5.7447915,5.950372
широта,20,83.932277616,UNCATEGORIZED,9.338754,4.640961
шик,7,90.59185414,UNCATEGORIZED,9.195008,5.126748
шаман,7,90.40287677857143,UNCATEGORIZED,2.18977,9.088451
шлак,22,89.67224823363637,UNCATEGORIZED,4.172793,3.1074922
лебедь,31,89.72289420129032,UNCATEGORIZED,-0.1895206,8.058115
метеорит,45,89.30589516133332,UNCATEGORIZED,3.2597604,6.9044743
зубочистка,20,86.4780089805,UNCATEGORIZED,3.1661444,4.2844143
соль,96,86.165050016875,FOOD,2.769209,1.4805743
холоп,9,88.95317446555555,UNCATEGORIZED,2.2040915,9.291229
пушка,41,87.03412005195122,UNCATEGORIZED,2.14157,5.2594376
гном,62,89.86308358048389,PERSON,1.6837482,8.927704
гумус,3,92.05952541666666,UNCATEGORIZED,4.319373,2.7429018
палец,73,86.69655873397261,BODY,3.4862068,3.7779071
углерод,9,89.27553413111112,UNCATEGORIZED,4.8790846,2.2664874
препятствие,9,89.98453041777778,UNCATEGORIZED,4.561114,5.5090847
ад,29,87.52245934620689,UNCATEGORIZED,4.639103,6.226696
кредо,12,92.25638981583332,UNCATEGORIZED,8.262386,6.1980314
усилитель,6,87.54019848666667,UNCATEGORIZED,2.9489346,5.7980356
окно,252,83.40097095107143,OBJECT_HOME,3.9690945,5.421634
мышление,37,90.2668073710811,UNCATEGORIZED,8.624665,6.375147
плеть,11,89.90699858545455,UNCATEGORIZED,2.1716707,4.3262496
кристалл,37,90.51249761864864,UNCATEGORIZED,3.1003282,3.8646462
йогурт,43,88.10506006976743,UNCATEGORIZED,2.992039,1.6155926
акрил,13,91.22171949000001,UNCATEGORIZED,4.2236514,2.8304553
кактус,89,87.18910702292136,NATURE,1.8947319,2.2869244
пицца,45,88.09160907911111,UNCATEGORIZED,3.090117,1.8714098
синус,58,90.25122401034484,SCIENCE,5.825378,4.1676917
парсек,15,90.09840125266668,UNCATEGORIZED,4.315249,4.672309
гараж,47,90.1389440106383,OBJECT_HOME,3.908451,6.6742043
удивление,20,92.14137705899999,UNCATEGORIZED,9.605151,6.2782226
мех,24,88.81731724625001,UNCATEGORIZED,3.7429056,3.399248
чувствительность,15,91.89335603666665,UNCATEGORIZED,9.29576,4.85071
дезодорант,12,88.07004046416667,UNCATEGORIZED,3.804522,2.6797853
калина,8,90.24861733,UNCATEGORIZED,1.6843071,1.7568684
общение,5,82.62245889600001,UNCATEGORIZED,8.035392,6.6970253
тапер,2,94.353748025,UNCATEGORIZED,3.3505232,9.556568
астрал,12,90.3085084325,UNCATEGORIZED,2.8010206,6.562408
лощина,1,95.60372654,UNCATEGORIZED,4.5227723,5.5401373
куртка,63,85.04197459507937,OBJECT_HOME,1.7530707,3.450159
лом,51,87.96145220725488,OBJECT_HOME,2.0735192,4.7742047
индивидуальность,8,89.0006919425,UNCATEGORIZED,8.871501,5.1342006
бытие,18,90.09957136944446,UNCATEGORIZED,8.343504,6.221835
лужа,57,87.69090128736842,NATURE,4.7540045,4.3538923
ишак,8,89.62909553125,UNCATEGORIZED,0.33443582,9.014879
варение,37,89.8281806572973,UNCATEGORIZED,6.555173,3.7056599
луч,31,84.83041326903226,UNCATEGORIZED,4.529723,4.7114983
трактор,96,87.88414567135415,OBJECT_TECH,3.357373,7.428352
кошка,575,82.63435239986086,ANIMAL,0.038685877,8.44396
бустер,6,89.67019856333333,UNCATEGORIZED,1.3769038,6.8924956
гром,34,88.93281208823528,UNCATEGORIZED,5.426437,5.449671
склад,6,90.90180750333333,UNCATEGORIZED,4.09881,6.580015
хрен,47,88.32499298361702,FOOD,0.7308535,9.388127
гармонь,8,90.37092294125,UNCATEGORIZED,4.063613,7.957386
бункер,2,92.54642101499999,UNCATEGORIZED,4.035864,6.3871336
суицид,16,89.55859333625,UNCATEGORIZED,8.206196,5.4317336
метель,25,89.8660524368,UNCATEGORIZED,5.3534203,4.562941
круиз,20,88.44295971300001,UNCATEGORIZED,5.7760677,7.1217875
обруч,18,90.76313453277777,UNCATEGORIZED,2.6163998,4.052324
сарай,16,83.354577600625,UNCATEGORIZED,3.9724615,6.587883
земля,217,82.13367772276497,NATURE,4.783029,5.3675733
высота,22,89.44339907318181,UNCATEGORIZED,5.790946,5.005325
бездна,25,90.0887776388,UNCATEGORIZED,4.927006,5.086858
горе,23,88.02713227086959,UNCATEGORIZED,9.604494,6.094316
радость,143,87.09546265447553,EMOTION,9.540555,6.122916
офорт,5,83.34136224400001,UNCATEGORIZED,5.278061,5.4575615
экзоскелет,7,85.18570154142857,UNCATEGORIZED,2.1371357,4.117951
профурсетка,6,88.35609070333334,UNCATEGORIZED,2.1040876,7.240322
флажогод,2,86.052390395,UNCATEGORIZED,1.437701,7.211632
крага,3,85.64644600666666,UNCATEGORIZED,0.8599925,6.518943
балясина,14,85.64374301071429,UNCATEGORIZED,3.9847846,5.1485453
седло,17,88.01526508470587,UNCATEGORIZED,2.176082,4.375586
хара,5,86.26069615600002,UNCATEGORIZED,0.19344018,6.6689253
полет,62,89.49558194080647,ACTION_PROCESS,5.6636105,6.6307316
эпистемология,4,80.83796735,UNCATEGORIZED,7.111995,4.4875994
глюон,11,85.68954595545455,UNCATEGORIZED,5.5741353,2.9663322
супрематизм,13,86.77494264230769,UNCATEGORIZED,8.073773,4.2999835
фаллос,7,84.25390730000001,UNCATEGORIZED,4.7892494,3.6568933
бозон,28,88.22130402785716,UNCATEGORIZED,5.6848135,2.884096
существительное,134,89.43651866216419,ABSTRACT,6.158226,5.405765
канделябр,43,88.67552891534883,UNCATEGORIZED,3.0561912,4.8539557
фокусник,7,86.28714117142859,UNCATEGORIZED,2.321674,9.492159
сотка,2,87.472294975,UNCATEGORIZED,4.1226325,4.4521947
гуашь,18,89.95313820333334,UNCATEGORIZED,3.7568378,3.2856262
клапан,15,92.16426648666668,UNCATEGORIZED,2.8652236,5.363649
пюре,24,83.30206338166666,UNCATEGORIZED,3.134434,1.7453034
ригель,2,91.514502205,UNCATEGORIZED,1.9983327,6.865348
истерика,21,91.21824812761905,UNCATEGORIZED,8.308484,3.4314952
экстремум,7,87.4667354057143,UNCATEGORIZED,6.975086,3.9250424
маркетри,4,90.01932667,UNCATEGORIZED,5.873597,4.353461
столб,67,85.88171101567166,OBJECT_HOME,4.05278,5.078338
пружина,13,87.31192214769231,UNCATEGORIZED,2.9647253,4.750487
самокат,31,88.19799507677419,UNCATEGORIZED,3.221077,7.402078
холст,20,86.4555293335,UNCATEGORIZED,3.6002638,3.8412263
мусорк,17,88.36819125117646,UNCATEGORIZED,3.9462552,5.8846455
мел,39,88.2468409297436,UNCATEGORIZED,4.0117154,2.7701914
равнина,7,87.20045796285716,UNCATEGORIZED,4.6518188,5.5436907
гора,193,84.48954198435233,NATURE,4.398725,5.562738
река,150,83.36985233393332,NATURE,4.6618934,5.7108507
берег,32,88.9103123615625,UNCATEGORIZED,4.507354,6.0539217
зима,115,85.37172671243478,NATURE,5.4317923,4.611686
лето,74,84.9122386941892,NATURE,7.1784577,8.497264
нога,133,83.48268198315787,BODY,3.8063648,3.760102
колесо,126,86.34565545079364,OBJECT_HOME,2.8037567,5.071229
интуиция,32,90.5771355734375,UNCATEGORIZED,8.934053,6.170701
приказ,11,88.05919978909091,UNCATEGORIZED,7.6943097,7.5899954
мышь,164,84.03540359432927,ANIMAL,-0.049641404,8.277013
кресло,76,80.52024464973684,OBJECT_HOME,2.8443189,4.673185
буква,63,84.62987920920636,ABSTRACT,5.5866265,5.282984
осина,7,85.53155301714287,UNCATEGORIZED,1.6122435,2.0142846
крокодил,105,87.31505345923811,ANIMAL,0.15252852,8.328558
углепластик,2,88.37582789000001,UNCATEGORIZED,4.456759,3.1455078
дивергенция,49,90.08352217265305,SCIENCE,6.9780087,4.3928566
привод,1,86.74962725,UNCATEGORIZED,2.9251227,5.6112924
проскрипция,1,86.74962725,UNCATEGORIZED,7.871212,4.8289385
педагогика,6,88.99689000000001,UNCATEGORIZED,7.0093527,4.7818418
суффикс,32,88.53869463437499,UNCATEGORIZED,6.094993,5.2844954
навоз,21,84.79778335380952,UNCATEGORIZED,3.9906752,2.9625115
фрустрация,27,88.98371045925927,UNCATEGORIZED,8.5143795,4.4622383
азалия,3,85.60412917000001,UNCATEGORIZED,0.39587897,6.613206
дирижабль,47,87.58771892,OBJECT_TECH,3.0785556,7.0779414
чай,80,84.17850434512499,FOOD,3.524743,1.756379
покемон,38,93.52830447105262,UNCATEGORIZED,1.4640527,7.411891
вращение,6,89.44743832333334,UNCATEGORIZED,7.83063,5.7942657
кельт,3,91.30019525333334,UNCATEGORIZED,1.6207842,8.909663
бонг,5,87.601116862,UNCATEGORIZED,0.85275275,6.865118
ноготь,157,87.78791058898089,BODY,3.1218102,3.7253704
трансформатор,28,88.84590592749998,UNCATEGORIZED,3.0154707,5.5625005
этилен,6,88.85974491999998,UNCATEGORIZED,4.91349,2.360515
манга,14,91.18097057785714,UNCATEGORIZED,5.174092,7.2136555
горшок,39,88.05672056615383,UNCATEGORIZED,2.8266764,4.2877975
религия,54,89.11901695407406,ABSTRACT,7.4789505,5.5473495
саквояж,13,87.66390960846155,UNCATEGORIZED,2.4459593,4.306405
хворост,12,91.0955358975,UNCATEGORIZED,2.7110825,2.9208107
защитник,3,92.75555914333334,UNCATEGORIZED,3.3571165,9.256144
путч,3,93.26074903,UNCATEGORIZED,7.7092633,5.9618053
агроном,14,90.98158657714286,UNCATEGORIZED,2.842082,9.789153
депрессия,29,90.25265543586208,UNCATEGORIZED,8.429056,3.594757
благодать,13,89.18633984384617,UNCATEGORIZED,9.125752,6.3640614
парадокс,38,89.30015762315789,UNCATEGORIZED,7.6189566,6.662757
олень,50,88.04278916059998,ANIMAL,0.087130256,8.543096
сновидение,13,91.4641982153846,UNCATEGORIZED,8.719733,6.31277
крем,81,86.48560109271605,UNCATEGORIZED,3.675929,2.4942293
вероятность,43,91.38835445046513,UNCATEGORIZED,8.032051,7.030655
масленица,14,91.43593715142858,UNCATEGORIZED,7.228337,8.031322
отношение,11,89.05306227818181,UNCATEGORIZED,8.31578,7.0766783
шелест,14,89.45342897571427,UNCATEGORIZED,5.6996183,5.9142437
погода,91,84.58425572692309,NATURE,5.52218,4.75185
кекс,22,86.66676892954547,UNCATEGORIZED,3.1491494,2.1398869
ацетилен,2,91.540525965,UNCATEGORIZED,4.8011084,2.2951171
гравитация,54,91.07445758296296,SCIENCE,6.633791,4.258382
сосна,25,83.746488976,UNCATEGORIZED,1.6695203,2.087336
кровать,291,83.34780054312715,OBJECT_HOME,2.7002575,4.2888017
ракушка,24,86.29410899916665,UNCATEGORIZED,0.23883016,7.834481
ветер,139,84.32901588741008,NATURE,5.247584,4.8214097
нефть,55,88.78567802072727,NATURE,4.213318,2.613943
эскалатор,26,88.42354239538462,UNCATEGORIZED,3.525448,6.644134
картошка,93,82.18331448655914,FOOD,2.8837972,1.8435102
стена,115,82.24932343408697,OBJECT_HOME,4.286132,5.501453
чайник,66,83.32868121439395,OBJECT_HOME,2.8046875,4.40009
гвоздь,86,87.03975277906976,OBJECT_HOME,2.1144176,4.718148
смысл,100,90.2538131306,ABSTRACT,7.950854,6.6815896
живопись,13,88.67284505153847,UNCATEGORIZED,5.948867,5.3301344
физика,69,87.70896460463767,SCIENCE,6.8549943,4.7066603
ассимиляция,19,89.98118189736842,UNCATEGORIZED,7.4850693,4.8454485
приседание,7,95.41200075857144,UNCATEGORIZED,5.625351,5.4300895
суспензия,13,89.60667616769229,UNCATEGORIZED,4.5618653,2.2157388
штакетник,2,86.05494583000001,UNCATEGORIZED,4.119317,5.7393656
можжевельник,8,88.88725206125,UNCATEGORIZED,1.8631374,1.8227694
руда,17,90.15887071941177,UNCATEGORIZED,4.479553,2.5967171
компас,24,86.84828096416668,UNCATEGORIZED,2.7068927,5.7340803
головоломка,14,88.20239503428571,UNCATEGORIZED,6.8853974,6.1441174
барракуда,9,87.89175308666668,UNCATEGORIZED,0.27095264,7.518419
чайка,24,88.78709036166667,UNCATEGORIZED,-0.11600458,8.002113
долото,20,88.662742945,UNCATEGORIZED,2.274675,4.8227544
плечо,13,79.07646223461538,UNCATEGORIZED,3.9015377,3.8178444
среда,19,77.32692526736842,UNCATEGORIZED,7.265384,7.996562
отдохновение,1,95.8899509,UNCATEGORIZED,9.2008915,6.1398263
морось,9,91.81989171222222,UNCATEGORIZED,5.3438864,4.4661098
планетарий,21,90.64175628619049,UNCATEGORIZED,4.2703023,7.1326385
экспансия,3,94.26176053,UNCATEGORIZED,7.4407387,5.418434
слон,279,86.7235396772043,ANIMAL,0.08252222,8.669681
ботинок,96,85.60992857260418,OBJECT_HOME,2.294883,3.5245206
скабрезность,3,91.33696928,UNCATEGORIZED,9.441967,4.423114
хам,5,90.90620376000001,UNCATEGORIZED,0.89329106,9.790183
аквалангист,2,92.643071125,UNCATEGORIZED,2.5738237,9.19793
эквивалент,12,88.78227938333333,UNCATEGORIZED,6.4778743,5.8272214
красота,142,86.85359366746479,ABSTRACT,9.225587,5.4508653
замыкание,4,90.24689668999999,UNCATEGORIZED,6.2082305,4.3341637
пчеловод,3,92.01487940333334,UNCATEGORIZED,2.289674,9.579146
фармазон,1,93.17795948,UNCATEGORIZED,1.2824574,9.115466
брыль,5,90.153203664,UNCATEGORIZED,1.0938959,7.8954124
стилетто,1,93.17795948,UNCATEGORIZED,1.082308,6.8090315
цапля,21,90.84792987095236,UNCATEGORIZED,-0.11895708,8.017761
линейка,36,87.3869731238889,UNCATEGORIZED,2.8647578,4.667263
словарь,141,88.10675396482269,ART_CULTURE,6.1019583,7.086427
заноза,57,90.27185178333332,OBJECT_HOME,3.0124862,4.015445
мочалка,19,87.39468273263158,UNCATEGORIZED,3.042493,3.7476935
труд,19,90.07815743526315,UNCATEGORIZED,7.786103,6.5852733
творог,43,85.36361226906976,UNCATEGORIZED,3.0287583,1.5836718
рука,145,80.38129548075861,BODY,3.6792867,3.7685084
концепция,15,93.20786143266668,UNCATEGORIZED,7.306211,5.7983036
пробежка,4,93.21356802000001,UNCATEGORIZED,6.4918766,5.26316
тога,7,86.93610956285714,UNCATEGORIZED,1.7864337,3.441913
цветок,196,83.08352789112246,NATURE,2.1300437,2.3706074
война,81,88.70598584864197,ABSTRACT,7.3487096,6.3549004
гипотенуза,47,88.83951303106383,SCIENCE,5.9242444,4.3355427
кардиган,9,89.72125742444443,UNCATEGORIZED,1.6019483,3.6086655
ножка,8,84.42973961000001,UNCATEGORIZED,3.6172857,3.8645132
вера,43,87.7241594744186,UNCATEGORIZED,8.585106,6.6931963
пират,26,87.58295879576924,UNCATEGORIZED,1.7523553,9.646399
барсетка,3,93.40968899333332,UNCATEGORIZED,2.7730997,4.1415296
полено,28,87.92493819750003,UNCATEGORIZED,2.8242142,4.622805
репа,19,82.34668843368422,UNCATEGORIZED,2.3350737,1.3636411
жена,24,86.51364056583334,UNCATEGORIZED,2.3794136,8.160129
турка,10,91.21146915199999,UNCATEGORIZED,1.5775985,8.856376
вазелин,11,88.05574226181817,UNCATEGORIZED,4.233776,2.2066581
чашка,81,81.52596175395061,OBJECT_HOME,3.1647208,4.0685277
лошадь,145,85.78198231600001,ANIMAL,0.27332357,8.927761
вирус,56,88.94442169928573,ANIMAL,6.4628024,2.3653522
креатив,59,90.66286687440679,ABSTRACT,6.2035413,6.4907584
мусор,50,86.8296294068,OBJECT_HOME,3.929301,3.285254
шенка,1,96.62178642,UNCATEGORIZED,0.9496211,6.362783
лицо,44,86.17563989045453,UNCATEGORIZED,4.3205566,4.082725
парламент,11,92.75524276,UNCATEGORIZED,5.9570184,8.097496
микроскоп,39,89.62344248692307,UNCATEGORIZED,2.8128417,5.5925794
саркофаг,10,87.48265638799998,UNCATEGORIZED,4.6329045,6.1740327
караван,17,91.87248696117646,UNCATEGORIZED,4.7912993,8.248291
принтер,37,88.81215070945944,UNCATEGORIZED,2.960217,5.98762
шок,10,91.04057318299999,UNCATEGORIZED,9.55636,6.161306
шип,11,87.66786083727271,UNCATEGORIZED,1.9954032,4.6892276
шлагбаум,19,87.77676396842105,UNCATEGORIZED,3.5545309,6.552834
капуста,104,83.11380588153847,FOOD,2.4029684,1.4083806
президент,48,90.43594166520832,PERSON,3.4837499,9.280753
орфография,23,89.33416512304348,UNCATEGORIZED,6.6536994,5.0677443
самоубийство,1,91.10927797,UNCATEGORIZED,8.306825,6.3588133
реконструкция,9,87.20700093777778,UNCATEGORIZED,7.2329407,5.265128
рекогносцировка,4,90.76076912999999,UNCATEGORIZED,6.9463625,5.301863
плита,39,82.81805205153847,UNCATEGORIZED,3.4682863,4.6595893
плач,8,89.1108153275,UNCATEGORIZED,5.788054,5.9397044
плов,27,87.6446880825926,UNCATEGORIZED,3.0516658,1.9997495
знак,33,86.95956172545455,UNCATEGORIZED,5.3533406,5.6275067
шина,28,87.7892988917857,UNCATEGORIZED,3.6198559,4.190368
перо,59,88.30262556932205,OBJECT_HOME,2.956365,4.4721694
тиара,4,88.8394771225,UNCATEGORIZED,2.1072578,3.63269
жвачка,27,89.38026660074074,UNCATEGORIZED,3.4627104,2.985457
водокачка,1,87.96451322,UNCATEGORIZED,4.090736,6.1439795
муравей,69,88.79657432594203,ANIMAL,0.27067208,8.254527
пуля,38,86.62680681631578,UNCATEGORIZED,2.1426744,5.2030435
гусли,26,90.7773665880769,UNCATEGORIZED,4.0003433,7.8584933
булка,53,84.12575510452831,FOOD,3.0994523,2.2594755
рог,29,87.00875097241378,UNCATEGORIZED,3.1725836,6.0396333
игла,73,88.1922607441096,OBJECT_HOME,3.0125277,4.079323
балка,16,88.56652119625,UNCATEGORIZED,3.6753752,4.8471265
спекуляция,6,89.50212953333333,UNCATEGORIZED,7.959281,5.659839
дуб,30,80.66812602333334,UNCATEGORIZED,1.7614112,2.1708634
шизоид,7,88.84576381571428,UNCATEGORIZED,1.3048884,9.922562
соска,28,87.79598263785714,UNCATEGORIZED,4.6055527,3.5878382
кундалини,2,86.602887335,UNCATEGORIZED,6.685913,4.9841723
чернозем,11,87.76325272727273,UNCATEGORIZED,4.085249,2.8841448
след,9,89.04875530333334,UNCATEGORIZED,4.7624407,4.6921782
хвоя,14,88.58716152285714,UNCATEGORIZED,2.7461233,2.6961944
совок,17,85.80971131470588,UNCATEGORIZED,2.651979,4.303937
письмо,26,90.72488934615383,UNCATEGORIZED,7.3958845,7.584642
нирвана,15,87.049484498,UNCATEGORIZED,7.3795815,5.103134
синапс,11,87.48759203545454,UNCATEGORIZED,5.3838773,2.9477632
хромосома,15,87.50400280533334,UNCATEGORIZED,6.0966988,3.5021245
тузик,1,93.55860407,UNCATEGORIZED,-0.13581409,8.718301
око,22,90.41042142818183,UNCATEGORIZED,4.988285,5.346777
фентези,3,90.96009007333333,UNCATEGORIZED,6.3790383,5.893771
стартап,3,87.74068342,UNCATEGORIZED,3.317243,7.310304
астронавт,26,88.71784107884613,UNCATEGORIZED,2.7444322,9.543223
компиляция,6,88.66886078166665,UNCATEGORIZED,6.5637283,4.9586864
сон,186,87.60779256107527,ABSTRACT,8.815225,6.300828
крыса,69,85.47119583811593,ANIMAL,0.03769541,8.428123
дизайн,12,87.96151674333333,UNCATEGORIZED,6.247604,5.5765696
лишай,8,89.53113973250001,UNCATEGORIZED,7.829994,2.5369685
банка,32,86.6439840396875,UNCATEGORIZED,6.204592,7.824211
парта,34,88.7038317982353,UNCATEGORIZED,3.3312612,4.6484346
кондиционер,37,90.32905060621621,UNCATEGORIZED,3.0657463,5.456714
фуражка,5,88.119868506,UNCATEGORIZED,1.7528143,3.5266678
мандарин,40,86.2801269765,UNCATEGORIZED,2.1479337,1.608893
стекло,91,87.1061794845055,OBJECT_HOME,4.051621,5.0840707
чернота,27,89.88557484666666,UNCATEGORIZED,5.230537,4.692179
финик,27,87.26109023555557,UNCATEGORIZED,2.1348748,1.659656
омоним,14,91.67732012214285,UNCATEGORIZED,6.667656,4.3167295
полиция,71,95.63447169845071,ABSTRACT,5.3044534,8.13458
колония,6,90.60036051166668,UNCATEGORIZED,5.213662,7.4329767
онкология,10,87.113497316,UNCATEGORIZED,7.6347976,2.8085122
паперть,5,91.14456172599999,UNCATEGORIZED,4.2134695,6.0655437
скорпион,10,88.646971836,UNCATEGORIZED,-0.37183526,8.426972
матрица,34,87.20293076029412,UNCATEGORIZED,6.8236175,5.352225
амбассадор,12,88.31108311916667,UNCATEGORIZED,3.6724358,6.9560175
ганглий,9,89.95070172999999,UNCATEGORIZED,5.4670773,3.0511994
гнев,33,88.25103830212122,UNCATEGORIZED,9.572534,6.1361256
зарево,5,92.80495551799999,UNCATEGORIZED,4.8750296,4.7003217
фонетика,11,89.77128582454544,UNCATEGORIZED,6.7314596,4.818872
колодец,37,88.82492086810811,UNCATEGORIZED,4.286633,5.8128257
мозг,125,87.48907509792,BODY,8.812402,6.2778025
самолет,332,87.19022235147591,OBJECT_TECH,3.2381785,7.2073474
социализм,7,90.1043237,UNCATEGORIZED,8.168371,5.005534
стетоскоп,13,89.43862743,UNCATEGORIZED,2.3716002,4.887106
квадрат,66,87.888012295,SCIENCE,5.1981616,4.7043386
понедельник,25,80.2374653608,UNCATEGORIZED,7.2824774,8.139028
мяч,150,84.01153524526667,OBJECT_HOME,3.9077086,8.51748
воздух,86,84.69895311127907,NATURE,5.0941033,4.480372
гроб,34,89.26315305088235,UNCATEGORIZED,4.529671,6.274487
купол,10,85.27914034599999,UNCATEGORIZED,4.0438547,5.3718667
гликоген,3,89.82210553333334,UNCATEGORIZED,5.263037,2.1520543
выхухоль,67,89.53041826955224,ANIMAL,0.4634271,7.9115577
парафраз,8,88.3141687825,UNCATEGORIZED,6.627802,5.7996182
ихтиолог,3,82.97903848,UNCATEGORIZED,2.9026096,10.367926
прикормка,2,84.31258043,UNCATEGORIZED,0.7389743,5.0195546
чресла,3,86.25477689666667,UNCATEGORIZED,4.8614817,3.4411688
заря,30,87.97795307099997,UNCATEGORIZED,4.8668256,4.816945
символ,19,89.74511775210529,UNCATEGORIZED,5.5070844,5.362142
шопот,8,93.8027144375,UNCATEGORIZED,5.741132,5.9626694
ихтиандр,8,89.18067831,UNCATEGORIZED,0.9702135,7.2447453
команда,8,88.02689769624999,UNCATEGORIZED,5.142332,8.427474
слабость,21,91.44667545142858,UNCATEGORIZED,8.555488,3.5868425
конвенция,4,90.74584214749999,UNCATEGORIZED,6.6053405,7.508029
шушун,2,79.72030362999999,UNCATEGORIZED,1.7007113,3.647988
феодал,8,89.78255399125001,UNCATEGORIZED,2.4835305,9.302884
утопия,17,88.63930108294117,UNCATEGORIZED,7.1910477,5.668438
интеграл,91,89.75069521934066,SCIENCE,5.972378,4.127257
росток,16,86.125909684375,UNCATEGORIZED,2.2993348,2.3501406
композиция,7,88.16256605714285,UNCATEGORIZED,6.051522,5.626075
галактика,129,89.13694564100774,PLACE,4.898039,6.8757796
консорциум,1,90.65793856,UNCATEGORIZED,5.0518484,7.77851
выгул,1,90.65793856,UNCATEGORIZED,3.984255,6.7516193
бестия,5,90.595872868,UNCATEGORIZED,0.66229975,9.13457
клинч,4,86.99413735,UNCATEGORIZED,0.33674416,6.952769
фонтан,21,88.48470636809523,UNCATEGORIZED,4.5468044,5.300435
пост,17,90.86173240764707,UNCATEGORIZED,6.726576,7.611216
тесак,4,87.9815315825,UNCATEGORIZED,1.8482058,4.6744184
волк,53,86.97019418245284,ANIMAL,0.09667835,8.55107
амбивалентность,81,89.35767041320989,ABSTRACT,8.80676,4.588119
сухожилие,13,91.46148584923074,UNCATEGORIZED,4.2403426,3.8095887
изба,23,86.6256976752174,UNCATEGORIZED,4.1835628,6.5011983
словоблудие,7,92.24488243285714,UNCATEGORIZED,8.512834,5.375135
сарацин,2,94.218591695,UNCATEGORIZED,1.7275729,8.873628
чебурек,21,88.5130570957143,UNCATEGORIZED,3.0263658,2.407084
пакет,63,86.85727242968254,OBJECT_HOME,2.5954182,4.0256658
доска,73,82.70043279369864,OBJECT_HOME,3.4171114,4.62421
венок,9,89.01331486777778,UNCATEGORIZED,2.1104817,3.626625
профессор,17,89.32070101117648,UNCATEGORIZED,3.0742393,9.626685
одеяло,126,86.1493547472222,OBJECT_HOME,2.4076557,4.0033293
овощ,33,80.33868144545454,UNCATEGORIZED,2.26168,1.4873534
сундук,14,87.73535895214285,UNCATEGORIZED,2.7509873,4.514408
жар,13,83.36738793076924,UNCATEGORIZED,5.3527703,4.2503076
холод,44,85.33921640295453,UNCATEGORIZED,5.472263,4.407756
тьма,23,82.92319157565215,UNCATEGORIZED,5.196751,4.697077
вспышка,8,81.09268584750001,UNCATEGORIZED,5.140837,4.998933
шум,25,86.771737632,UNCATEGORIZED,5.675157,5.9941764
тишина,17,86.63004285,UNCATEGORIZED,5.5397344,4.9834156
голод,20,88.22407528549999,UNCATEGORIZED,8.203137,5.441301
минарет,3,84.12550558666668,UNCATEGORIZED,4.349289,6.400132
блин,50,86.05605302,FOOD,0.7958541,9.37301
чурбан,2,87.514080865,UNCATEGORIZED,0.62167174,9.680132
клей,93,92.44730651408602,OBJECT_HOME,3.861984,2.8267071
прикол,21,89.99745477238096,UNCATEGORIZED,6.585078,6.3477426
месть,25,88.82718253200001,UNCATEGORIZED,8.98325,6.147541
жаровня,19,92.00493802473683,UNCATEGORIZED,3.122432,4.5290413
люмен,4,87.8571009025,UNCATEGORIZED,0.7569113,6.8975935
контрабас,17,87.26021844470588,UNCATEGORIZED,3.9858866,7.864074
атрибут,12,89.09412112916668,UNCATEGORIZED,5.941268,5.5672617
сатисфакция,8,85.22059457124999,UNCATEGORIZED,6.4790697,5.3874874
художник,20,87.70991561150001,UNCATEGORIZED,3.129155,10.040313
плен,12,91.80495113,UNCATEGORIZED,4.8447137,8.421302
белка,44,88.04493110295455,UNCATEGORIZED,0.13426252,8.311119
блог,6,93.31506214666666,UNCATEGORIZED,3.2030911,6.4926386
месяц,33,86.46026418303032,UNCATEGORIZED,7.164872,8.252713
кастрюля,79,85.29789675341773,OBJECT_HOME,3.1260657,4.3697777
лодка,78,86.05369242448718,OBJECT_TECH,3.073597,6.810135
алгоритм,100,90.7126953229,SCIENCE,6.8169255,6.2411976
контрфорс,6,88.39556893166666,UNCATEGORIZED,3.6295974,5.5226507
семантика,38,90.82603794605264,UNCATEGORIZED,6.9149528,4.812146
лист,112,82.93823278696429,NATURE,6.0587683,7.2304754
монах,13,90.50427743846154,UNCATEGORIZED,2.3689377,9.458129
дождь,133,86.12223788060149,NATURE,5.272009,4.6945405
носок,130,87.45845834415385,OBJECT_HOME,2.4160388,3.6315966
кафель,14,91.21555652714287,UNCATEGORIZED,3.839159,3.5937777
телевизор,171,82.69092144964911,OBJECT_TECH,3.0852275,5.941159
химзавод,3,89.31386274333333,UNCATEGORIZED,3.8902786,6.8224263
слово,136,85.75499313595589,ABSTRACT,6.726419,6.288419
жук,41,86.30920197121952,UNCATEGORIZED,0.2645093,8.179666
дерево,504,81.9678610964881,NATURE,1.8984123,2.4125044
паркет,27,87.5238524374074,UNCATEGORIZED,3.7890654,3.6113694
дверь,198,84.37860812060605,OBJECT_HOME,3.9335017,5.9278617
надежда,28,88.29454405214287,UNCATEGORIZED,8.579559,6.7778096
компот,56,87.81810668232143,FOOD,3.1732278,1.7925029
степень,15,91.05395163866667,UNCATEGORIZED,7.653679,6.535573
таракан,45,86.21222353088889,UNCATEGORIZED,0.29332906,8.220282
топор,78,86.96480894012822,OBJECT_HOME,1.9613692,4.693766
краска,81,86.35661667851852,OBJECT_HOME,4.099677,3.4587016
фейерверк,21,90.17101055904763,UNCATEGORIZED,6.276803,7.606503
базис,2,95.62699287000001,UNCATEGORIZED,7.7720838,4.832504
меч,37,86.85909751432432,UNCATEGORIZED,1.8550549,4.621018
явка,3,91.67477597666665,UNCATEGORIZED,6.805359,7.2146306
дрезина,7,88.19466178857142,UNCATEGORIZED,3.3810298,7.7059917
лимонад,12,89.69470942583332,UNCATEGORIZED,3.5305743,1.7105128
канитель,9,91.04669729999999,UNCATEGORIZED,6.708792,5.9308662
фантасмагория,7,90.83717967428571,UNCATEGORIZED,6.7606196,5.830882
квант,78,90.19071179628206,SCIENCE,5.771316,2.8649964
помело,11,81.43324894636363,UNCATEGORIZED,2.8043633,4.2082148
гендер,6,90.24000135833334,UNCATEGORIZED,7.6488748,4.5822916
алтын,3,87.43002762333333,UNCATEGORIZED,4.315212,4.3688946
жопа,128,84.58912274671876,BODY,2.1328542,7.252697
скука,34,88.79943891617648,UNCATEGORIZED,9.376808,5.6750045
вентилятор,33,88.07548817818183,UNCATEGORIZED,2.8780336,5.4145155
кушак,6,88.81133798333333,UNCATEGORIZED,1.8554754,3.7082882
кулак,11,86.46617275545454,UNCATEGORIZED,3.8149621,3.8173182
курица,105,85.6642291987619,ANIMAL,-0.027197603,7.748507
кирпич,146,87.49202779623289,OBJECT_HOME,3.9726517,3.1135113
сыр,81,86.13015347580247,FOOD,2.9732652,1.8538598
лось,61,89.723563354918,ANIMAL,0.09935715,8.547271
школа,148,84.52752745331081,PLACE,4.993384,7.273442
ангел,37,87.3106344637838,UNCATEGORIZED,2.026583,9.341825
машина,502,81.61773001770916,OBJECT_TECH,3.3477042,7.6758676
шар,51,85.8603110352941,OBJECT_HOME,3.3805573,5.022083
картина,147,85.57243163156463,ART_CULTURE,5.607628,5.6780505
стих,29,79.91085252241379,UNCATEGORIZED,6.1102495,6.8451867
тело,34,83.07993421352941,UNCATEGORIZED,4.388353,4.06436
жизнь,171,87.65344113134502,ABSTRACT,8.234971,6.78801
представитель,2,89.940206375,UNCATEGORIZED,3.4134758,9.387795
плевок,26,92.30126150384613,UNCATEGORIZED,5.169082,5.689592
клад,18,87.77582490333333,UNCATEGORIZED,3.8228865,5.081858
соотношение,3,89.78164856000001,UNCATEGORIZED,8.240007,6.356494
источник,9,89.99300516222223,UNCATEGORIZED,4.6491227,5.5417833
прикид,1,92.04969558,UNCATEGORIZED,1.6049865,3.6576054
удовольствие,14,86.73450256428573,UNCATEGORIZED,9.379555,6.2792506
бутылка,98,83.5255759429592,OBJECT_HOME,3.2362585,4.113125
карандаш,208,86.14372270322116,OBJECT_HOME,2.7026145,4.6739635
заяц,67,86.40931394805969,ANIMAL,0.15912394,8.384913
башня,136,95.55167527926471,OBJECT_HOME,4.3711915,6.0230627
полка,47,88.37024043063829,OBJECT_HOME,4.853529,8.448964
глушитель,5,87.13241386199999,UNCATEGORIZED,2.0738244,5.2079253
штанга,22,88.10447891772728,UNCATEGORIZED,3.3418093,4.741273
процессор,31,88.93469703387096,UNCATEGORIZED,3.0167644,6.0012217
здоровье,44,86.74394026681817,UNCATEGORIZED,9.035433,5.966683
богатство,6,83.54001031166666,UNCATEGORIZED,8.93826,6.1358857
нищета,4,87.441180355,UNCATEGORIZED,8.818473,5.451076
живот,27,83.31706489333334,UNCATEGORIZED,4.141596,3.7867863
вопрос,30,90.21732982433335,UNCATEGORIZED,7.9112287,7.4521565
боль,66,86.46234431348486,EMOTION,8.580099,3.7281775
обезьяна,50,84.85620306660002,ANIMAL,0.099390514,8.44229
дом,506,83.09758639207509,PLACE,4.167384,6.5181627
щелкунчик,2,80.365432295,UNCATEGORIZED,1.5532703,7.890309
нож,88,81.4091613971591,OBJECT_HOME,1.8430854,4.6789784
курень,1,89.50518615,UNCATEGORIZED,4.597949,7.0271606
кино,97,88.11602002412373,ART_CULTURE,5.4050074,7.1901627
кол,39,87.69235451256412,UNCATEGORIZED,2.0393171,4.7172956
калоша,14,88.69525599642859,UNCATEGORIZED,2.945852,4.4816246
наполеон,9,93.62212402,UNCATEGORIZED,2.8699238,8.774957
фен,28,88.86604037071427,UNCATEGORIZED,2.9781713,5.2818427
орангутанг,18,90.91700557555556,UNCATEGORIZED,0.42379233,8.584112
диффузия,35,90.97904711000001,UNCATEGORIZED,7.2934604,4.279015
младенец,21,89.45813455571427,UNCATEGORIZED,1.9386239,8.547049
сочинение,6,86.80045134666666,UNCATEGORIZED,6.645548,6.985153
шишка,27,88.1408421914815,UNCATEGORIZED,4.706846,4.1424713
приключение,15,92.840469258,UNCATEGORIZED,7.8720274,6.9386525
свод,6,92.47971651666667,UNCATEGORIZED,4.165211,5.41504
поселок,14,90.63218408928573,UNCATEGORIZED,4.575958,6.9291024
дно,45,89.88292720000001,UNCATEGORIZED,4.3137846,5.2063837
оранжерея,6,91.53054764000001,UNCATEGORIZED,4.1141787,6.1735673
дискурс,6,91.91473035833333,UNCATEGORIZED,7.811315,4.6334486
истина,21,90.07431785095237,UNCATEGORIZED,8.305822,5.7825427
канапе,5,89.865936788,UNCATEGORIZED,3.0048594,1.9014332
ненастье,2,93.33054085500001,UNCATEGORIZED,5.458092,4.6772475
менеджер,9,87.71497036222223,UNCATEGORIZED,3.2751966,9.523634
перина,6,85.41810809666667,UNCATEGORIZED,2.8131769,4.044687
шарм,4,87.3401533725,UNCATEGORIZED,9.447686,5.189713
шакал,6,89.52624486166667,UNCATEGORIZED,0.03577262,8.468428
ширма,5,87.76689292799999,UNCATEGORIZED,3.5131245,4.510943
шелк,33,89.53470376666667,UNCATEGORIZED,4.0190153,3.181711
шлем,18,90.71416655111112,UNCATEGORIZED,1.8904128,3.9623277
бампер,6,90.10097934,UNCATEGORIZED,2.861181,5.35547
эмбрион,39,89.89652478846153,UNCATEGORIZED,5.7248564,3.1222441
стоицизм,10,87.714691422,UNCATEGORIZED,8.109208,4.5447183
огниво,9,88.47523971999999,UNCATEGORIZED,2.8100815,4.421524
корабль,142,87.11982327929577,OBJECT_TECH,3.116448,6.9647527
подвеска,4,91.51738097249999,UNCATEGORIZED,3.392316,4.3107824
блок,15,87.45958948333333,UNCATEGORIZED,3.0889182,6.0909743
овца,31,83.15048894225808,UNCATEGORIZED,0.1389387,8.800634
пергамент,33,91.58171924303029,UNCATEGORIZED,5.9828587,7.1853228
скорость,87,94.8952412973563,ABSTRACT,5.82765,5.075226
геморрой,13,88.93946194615386,UNCATEGORIZED,7.988211,2.729902
губка,17,88.69116286941176,UNCATEGORIZED,3.2471857,3.584715
прием,4,92.00974271,UNCATEGORIZED,6.915897,7.2908225
засада,5,91.194023356,UNCATEGORIZED,6.9755664,6.2060647
умница,5,89.135701972,UNCATEGORIZED,1.9249783,8.31476
жара,26,83.5536427026923,UNCATEGORIZED,5.4227653,4.367033
лед,82,86.72720595634146,NATURE,5.1228437,4.4377
хлор,19,88.25911117526316,UNCATEGORIZED,4.892379,2.141775
производная,10,87.22867003900001,UNCATEGORIZED,6.3273253,4.356643
легитимность,8,90.2073070475,UNCATEGORIZED,9.052821,4.8753567
подошва,17,89.76570312529411,UNCATEGORIZED,2.9909897,3.6940367
провал,8,87.5916126325,UNCATEGORIZED,7.5893316,6.4827976
имманентность,10,90.445632339,UNCATEGORIZED,8.75582,4.5361776
понос,38,87.95321984157893,UNCATEGORIZED,8.063622,2.9369648
нега,5,87.13690556399999,UNCATEGORIZED,8.673805,3.8392684
свищ,11,87.72499000272727,UNCATEGORIZED,5.6248584,3.3524556
лярд,1,77.9734759,UNCATEGORIZED,3.4555864,1.9066848
крок,1,77.9734759,UNCATEGORIZED,0.39597073,7.322172
бамба,2,83.943049495,UNCATEGORIZED,1.219178,7.212838
бельэтаж,3,84.37719211666666,UNCATEGORIZED,3.9564345,6.40329
заморочка,2,86.21700878499999,UNCATEGORIZED,6.372143,5.5510178
баловень,2,86.471965685,UNCATEGORIZED,1.1677496,9.9710655
тля,9,84.03873235111111,UNCATEGORIZED,0.38310578,8.237787
речитатив,3,91.23277944,UNCATEGORIZED,5.7306876,6.880603
пароль,14,89.37325293714287,UNCATEGORIZED,3.3275402,6.408339
крокет,4,86.79652838000001,UNCATEGORIZED,4.2588687,8.302787
саванна,8,84.86623317749999,UNCATEGORIZED,-0.0057437173,6.595696
гангрена,11,88.38821380545454,UNCATEGORIZED,7.707135,2.8513818
быт,8,85.07996185375,UNCATEGORIZED,7.224952,6.4303904
цепень,1,83.8318382,UNCATEGORIZED,1.6813029,6.6723366
каракуль,10,90.071308888,UNCATEGORIZED,3.8145218,3.0526335
лепрозорий,9,89.58898706888891,UNCATEGORIZED,4.1912584,7.0450644
арбуз,119,85.58327266815125,FOOD,2.2033331,1.5294136
проницательность,9,89.40565156111111,UNCATEGORIZED,9.747262,5.3457637
каламбур,12,89.61243000666667,UNCATEGORIZED,7.4070873,6.2596726
дренирование,1,89.97550103,UNCATEGORIZED,6.733247,3.7145681
совпадение,7,90.5884352,UNCATEGORIZED,8.318104,6.527199
мужество,7,91.41005498428571,UNCATEGORIZED,9.78907,5.5457783
сука,33,80.50142372848484,UNCATEGORIZED,0.6645767,9.239056
щелочь,16,88.13135784625,UNCATEGORIZED,4.632543,2.235422
сомнение,35,92.95244308828573,UNCATEGORIZED,9.502223,6.3793488
квазар,100,91.0656507779,SCIENCE,2.1047382,6.7342057
горб,15,90.51771988266665,UNCATEGORIZED,4.7528377,3.7013333
похоть,6,86.51791440333334,UNCATEGORIZED,9.449257,5.7082663
лапоть,36,89.61594639694445,UNCATEGORIZED,2.403555,3.6927495
палиндром,11,87.34676182727273,UNCATEGORIZED,6.4997683,4.516627
упрек,4,93.02898174,UNCATEGORIZED,8.581904,6.5912666
карма,23,89.74464755608696,UNCATEGORIZED,7.2206225,5.0802765
мрак,37,89.16847991837838,UNCATEGORIZED,5.1800146,4.6738877
селедка,22,89.42474097318183,UNCATEGORIZED,2.9425027,2.0604496
мужик,5,90.12437112,UNCATEGORIZED,2.0364156,8.821181
уключина,6,90.303866545,UNCATEGORIZED,5.6109786,5.8522387
бес,18,90.73640303722223,UNCATEGORIZED,1.5211986,9.263272
мордора,2,92.89181675500001,UNCATEGORIZED,1.0475816,7.0280204
бордюр,9,92.29984836,UNCATEGORIZED,3.9602156,5.6462555
разгрузка,1,92.68823043,UNCATEGORIZED,6.8596964,5.3135285
снег,361,84.51763958914128,NATURE,5.153348,4.367989
футбол,67,88.66421510880596,ACTION_PROCESS,4.2440763,8.28253
редуктор,7,87.79691652142857,UNCATEGORIZED,2.9416358,5.378203
памперс,12,88.60283540833332,UNCATEGORIZED,2.1010644,3.9842288
фуга,6,89.70052772333334,UNCATEGORIZED,5.835649,6.6719885
устье,8,92.84025914875,UNCATEGORIZED,4.5680656,6.0165124
ксенон,3,90.65962446000002,UNCATEGORIZED,4.8471212,2.336186
апаш,1,93.56220333,UNCATEGORIZED,1.7179896,3.4182086
комбинация,12,89.18079006250001,UNCATEGORIZED,7.018534,5.7575793
стеноз,40,99.93734043399999,UNCATEGORIZED,7.7079906,2.8731256
дыня,8,86.14364308374999,UNCATEGORIZED,2.0064015,1.6353261
бензин,37,86.46932446054053,UNCATEGORIZED,4.1488814,2.438721
абрикос,41,84.77836642317072,UNCATEGORIZED,2.019529,1.6257246
каскад,17,88.58564156647058,UNCATEGORIZED,5.0133147,5.196678
кромка,10,88.159435824,UNCATEGORIZED,4.62976,5.1267705
аббревиатура,41,88.6209007897561,UNCATEGORIZED,6.2600775,5.3030515
катет,14,89.98767735571428,UNCATEGORIZED,5.8114414,4.219003
диссоциация,11,92.0917236509091,UNCATEGORIZED,7.423189,4.3522997
ассамблея,8,89.83233952625,UNCATEGORIZED,5.914232,7.9795628
апостроф,43,91.02733600744186,UNCATEGORIZED,5.9777255,6.5124674
гуманизм,8,83.75311354000002,UNCATEGORIZED,8.511247,4.868245
электролит,5,91.214409452,UNCATEGORIZED,4.9545603,2.796524
марксизм,8,86.0008511925,UNCATEGORIZED,8.1928005,4.6826677
тетраэдр,23,89.6897381273913,UNCATEGORIZED,5.300055,4.5507636
лыжа,47,87.73213433297872,OBJECT_TECH,3.5128467,4.046872
ведро,93,85.98790567473118,OBJECT_HOME,2.7603345,4.353294
карта,68,87.29219041735294,ART_CULTURE,6.0650206,6.9603634
массаж,11,88.98094667090908,UNCATEGORIZED,6.4489756,4.1334677
кусочек,1,88.53103182,UNCATEGORIZED,2.9205046,2.873285
ласточка,35,90.16526861514285,UNCATEGORIZED,-0.12398026,7.931687
марка,27,92.41846947370371,UNCATEGORIZED,1.0489153,6.1799536
шиповник,4,90.408279685,UNCATEGORIZED,1.7903371,1.7733247
лох,18,82.39836990944444,UNCATEGORIZED,0.95340157,9.614078
трещотка,4,91.5595074675,UNCATEGORIZED,3.3342056,4.7587805
кварк,96,88.31917738291668,SCIENCE,5.7147675,2.8269966
физкультура,13,84.25217791230769,UNCATEGORIZED,6.501396,4.9043074
азиат,2,87.038878265,UNCATEGORIZED,1.648155,9.0085
решение,11,87.74020441636364,UNCATEGORIZED,7.718963,7.4965816
теща,7,87.94133823857143,UNCATEGORIZED,2.3241956,8.175978
хорей,34,89.53192685794117,UNCATEGORIZED,1.4568843,5.3209434
сомнамбулизм,1,94.88775055,UNCATEGORIZED,7.8471556,3.4979596
колесница,9,90.44119015555556,UNCATEGORIZED,3.2521205,7.803532
пар,36,89.13416753972223,UNCATEGORIZED,5.015075,4.4100904
гамак,10,88.32459177199999,UNCATEGORIZED,2.5957594,4.261628
либидо,26,89.80730939115385,UNCATEGORIZED,7.946985,4.699371
синь,7,86.85385466285716,UNCATEGORIZED,5.1410875,4.663379
тревога,22,91.67121167136362,UNCATEGORIZED,9.647303,6.070333
клиппер,1,95.1288551,UNCATEGORIZED,1.9280643,6.7382812
подоконник,41,85.66073358439024,UNCATEGORIZED,3.8174117,5.5512967
дрова,24,89.41002448208333,UNCATEGORIZED,3.250162,3.089048
крот,100,88.25168459349999,ANIMAL,0.1264647,8.295898
море,420,85.28109972554762,NATURE,4.553602,5.999025
экскаватор,41,89.78401802780488,UNCATEGORIZED,3.408211,7.3062696
дрозофила,1,91.64516198,UNCATEGORIZED,6.198703,2.9995613
даль,19,91.40096118263156,UNCATEGORIZED,5.0118647,4.8719196
близь,2,90.848121265,UNCATEGORIZED,9.015076,4.3091316
внутренность,3,93.15577436666666,UNCATEGORIZED,4.646114,5.242666
наружность,1,88.5476905,UNCATEGORIZED,8.814055,5.7632036
пузырь,32,89.40926524125,UNCATEGORIZED,3.4453685,4.752751
лакуна,6,88.02644872666667,UNCATEGORIZED,4.66216,5.2461095
грифель,8,87.97478342624999,UNCATEGORIZED,2.7101026,4.7140203
золотарь,1,92.21081189,UNCATEGORIZED,1.4105355,9.116081
контроллер,8,92.99997447,UNCATEGORIZED,3.0625112,5.988923
самопознание,2,91.61768776,UNCATEGORIZED,8.414691,5.5050583
пассеровка,1,92.21081189,UNCATEGORIZED,2.9730515,1.7856834
кимоно,23,90.68514798086957,UNCATEGORIZED,1.6645573,3.5477612
редис,10,77.81191700299999,UNCATEGORIZED,2.3564267,1.40038
балалайка,39,88.64930470025641,UNCATEGORIZED,4.011683,7.892804
семерка,11,69.1548484,UNCATEGORIZED,5.184755,8.935882
стон,30,90.461217269,UNCATEGORIZED,5.756081,5.9411325
влечение,5,92.39177866600001,UNCATEGORIZED,9.302792,5.980896
гобой,5,87.920784008,UNCATEGORIZED,3.9833224,7.88042
бревно,24,87.24971206083335,UNCATEGORIZED,2.7329047,4.695741
корыто,24,89.31461604791666,UNCATEGORIZED,2.7890954,4.3201413
сура,3,89.27744101,UNCATEGORIZED,6.4575434,6.8750114
клеймо,11,94.57726891272726,UNCATEGORIZED,4.8573904,4.8125296
корысть,15,90.43904604399998,UNCATEGORIZED,9.296645,5.550384
зрелость,9,91.74239133555555,UNCATEGORIZED,8.8914795,5.603199
зеркало,83,85.62201296819276,OBJECT_HOME,4.068364,4.8903804
портьера,3,88.66031468,UNCATEGORIZED,3.7012606,4.5052986
кефир,27,85.28314274333333,UNCATEGORIZED,3.1080213,1.5599085
глупость,18,87.2052813911111,UNCATEGORIZED,9.143034,5.3573346
мудрость,13,90.3663628576923,UNCATEGORIZED,9.438059,5.6202683
цилиндр,8,86.98780917625,UNCATEGORIZED,2.7311182,4.708458
аэронавт,1,95.39370559,UNCATEGORIZED,2.6923218,9.57621
кориандр,10,87.04789733300001,UNCATEGORIZED,2.2979162,1.4707186
фенол,5,89.803240742,UNCATEGORIZED,4.724857,2.1781864
мушмула,2,95.795537375,UNCATEGORIZED,2.2570803,2.017056
приоритет,23,91.83265018478262,UNCATEGORIZED,8.616393,6.508152
юла,39,89.00938473410257,UNCATEGORIZED,0.39581972,7.714547
очко,27,86.8621241274074,UNCATEGORIZED,4.3201485,8.317373
канал,20,89.80315378350001,UNCATEGORIZED,4.2671657,6.104304
почка,65,88.31787025430769,BODY,5.192592,3.2248108
подарок,22,87.5465615240909,UNCATEGORIZED,2.923834,3.4304662
свинья,46,83.20118145500001,UNCATEGORIZED,0.3301893,9.03964
злость,36,90.10805950888887,UNCATEGORIZED,9.639976,6.0929356
математика,151,87.23895380847681,SCIENCE,6.8129506,4.800599
шасси,9,90.2964779711111,UNCATEGORIZED,2.9868495,5.799162
водоросль,35,89.47867881971428,UNCATEGORIZED,2.1620128,2.6327639
тряпка,48,86.39697328249999,OBJECT_HOME,2.9908848,3.9898772
скатерть,30,86.83310293566666,UNCATEGORIZED,2.8251185,4.0518565
глаз,121,83.11259307553719,BODY,4.489532,4.2705626
баранина,3,91.32886562666668,UNCATEGORIZED,2.8539894,2.000417
стрела,28,86.59401401678572,UNCATEGORIZED,2.133071,4.9457345
кнут,9,88.13936170999999,UNCATEGORIZED,2.0838213,4.363351
брусчатка,3,91.74118837666667,UNCATEGORIZED,4.0447516,4.2068133
мезонин,2,91.24685263,UNCATEGORIZED,3.850193,6.367454
малина,37,83.12311364675675,UNCATEGORIZED,1.7631688,1.571672
ежик,19,87.62687513263158,UNCATEGORIZED,0.21162762,8.2476225
нейросеть,37,90.75553058243244,UNCATEGORIZED,2.8567705,6.2633986
папа,47,73.66610968702128,PERSON,2.2557888,8.375455
мистерия,8,91.4384505875,UNCATEGORIZED,7.1550565,6.4569974
зять,4,76.8439208925,UNCATEGORIZED,2.41816,8.599413
семья,68,83.36086591661764,PERSON,2.5316658,8.162742
внук,7,84.19646675,UNCATEGORIZED,2.3998082,8.543533
сестра,25,76.6781957516,UNCATEGORIZED,2.3498592,8.142227
брат,43,79.65362327069768,UNCATEGORIZED,2.4293637,8.583792
баланс,8,89.30022738625001,UNCATEGORIZED,8.082324,6.1473746
мост,71,86.65540298732394,OBJECT_HOME,4.3679886,5.821364
кукла,57,86.2621684422807,OBJECT_HOME,1.6830661,8.213911
деятельность,8,83.87510211374999,UNCATEGORIZED,8.053792,6.4599414
мед,33,86.09131445666667,UNCATEGORIZED,3.4466898,1.7243476
дорога,160,82.1992771943125,PLACE,4.428557,5.7320585
весна,69,85.89170426086956,NATURE,7.1642613,8.574181
речка,13,81.52355501076923,UNCATEGORIZED,4.561722,5.655394
помидор,133,85.34056749586466,FOOD,2.4361856,1.5058457
ремесло,7,90.93854542428572,UNCATEGORIZED,8.401247,6.229542
квартира,51,83.26255203843138,PLACE,4.077685,6.4419613
полигон,3,90.06287293666666,UNCATEGORIZED,4.201052,7.1947894
тундра,18,90.76744097555553,UNCATEGORIZED,4.6725783,5.5081835
решетка,15,87.211944896,UNCATEGORIZED,3.719229,4.7284417
песок,119,85.51772616705883,NATURE,4.1717143,3.276674
скирд,3,89.06294300999998,UNCATEGORIZED,3.1200526,3.5825074
гравий,16,89.985985265,UNCATEGORIZED,4.119395,3.1055975
велосипед,119,86.3963601752941,OBJECT_TECH,3.2485878,7.500416
непостоянство,1,95.78415827,UNCATEGORIZED,9.101846,5.1701903
авария,11,91.09713627000001,UNCATEGORIZED,7.176642,5.7622027
словесность,8,88.36139083500001,UNCATEGORIZED,6.9497466,5.1081357
муж,29,83.44784314586207,UNCATEGORIZED,2.4072828,8.578682
колокол,22,88.57790502636365,UNCATEGORIZED,3.3998094,6.251031
рысь,21,90.5689971852381,UNCATEGORIZED,-0.046370145,8.603431
ночь,80,83.488868378125,NATURE,7.312001,8.159869
газета,20,87.60796714799999,UNCATEGORIZED,5.9136524,7.4929924
пианино,63,86.48862106111113,ART_CULTURE,4.23281,7.793053
еда,112,79.44534571473216,FOOD,3.4678736,2.0857363
поезд,95,86.55398957273685,OBJECT_TECH,3.704277,7.5641
андроид,16,90.667997345,UNCATEGORIZED,1.4065305,8.6013975
естествознание,2,90.8650692,UNCATEGORIZED,6.97665,4.8243423
кольцо,61,87.42010129590163,OBJECT_HOME,3.0220175,3.6520631
ягода,39,83.50952056205128,UNCATEGORIZED,1.7327337,1.5723145
печень,83,89.0295245779518,BODY,4.9655137,3.2088783
повесть,9,85.44975287999999,UNCATEGORIZED,6.451189,7.018045
йога,31,89.0743818083871,UNCATEGORIZED,6.7740135,5.0200453
лимон,59,83.47728992152545,FOOD,2.3266945,1.5954787
пчела,38,85.78366030526317,UNCATEGORIZED,0.09983385,8.007319
приют,3,83.27762137666667,UNCATEGORIZED,4.7164493,6.6947265
копейка,10,89.789044109,UNCATEGORIZED,4.276924,4.3988957
кофе,97,86.9998311314433,FOOD,3.59273,1.7313244
вариант,19,90.97257863789474,UNCATEGORIZED,7.2978272,7.0710464
верификатор,1,95.84151222,UNCATEGORIZED,3.1332114,9.780074
конституция,49,91.26804663510204,ABSTRACT,6.8930554,7.2286844
монокль,20,90.86125381949999,UNCATEGORIZED,2.0498602,3.9602354
настроение,30,86.29399900966668,UNCATEGORIZED,9.118478,6.0246477
пуговица,32,87.47352492875,UNCATEGORIZED,3.0857472,3.8560476
обрыв,15,90.23104409333334,UNCATEGORIZED,4.4697566,5.6093626
калибр,18,90.36077400666666,UNCATEGORIZED,2.0116522,5.241709
унитаз,65,86.39092786369233,OBJECT_HOME,3.0266864,4.9591784
ветхость,3,92.05618538333334,UNCATEGORIZED,9.468798,4.4553204
синдром,11,89.11431207272727,UNCATEGORIZED,8.093368,3.1934702
аккаунт,3,92.48846598666667,UNCATEGORIZED,3.1824102,6.416991
вертихвостка,4,90.0124160675,UNCATEGORIZED,1.907752,7.727757
червяк,40,88.71633406974999,UNCATEGORIZED,0.37341502,8.303415
власть,27,91.07479977592594,UNCATEGORIZED,8.307851,6.5303946
кризис,24,90.82014927916667,UNCATEGORIZED,7.7480335,6.2155237
нитка,43,86.46729608790699,UNCATEGORIZED,3.4446068,3.9298508
безумие,24,90.91363659666666,UNCATEGORIZED,9.153003,5.881779
слизь,22,89.50322066272727,UNCATEGORIZED,5.1319027,3.7378764
математик,4,89.722924475,UNCATEGORIZED,2.9659746,10.259501
волос,159,87.35228042974842,BODY,2.9499125,3.2784817
снеговик,18,86.13264614444445,UNCATEGORIZED,0.9357119,8.198956
кофта,53,86.06297310660378,OBJECT_HOME,1.8756415,3.3626034
автомобиль,234,85.59322950824787,OBJECT_TECH,3.3321412,7.596035
гиря,15,87.54071027533335,UNCATEGORIZED,2.5654466,4.582005
панамка,6,86.79169300500001,UNCATEGORIZED,1.9092448,3.5633433
весло,32,89.65811712125,UNCATEGORIZED,2.757828,5.751297
словоформа,11,92.34708575454546,UNCATEGORIZED,6.463267,3.7214878
насос,18,86.72438046611111,UNCATEGORIZED,2.930403,5.4426236
крыло,37,86.16256890108107,UNCATEGORIZED,3.0150173,5.5731425
изнанка,11,93.51724723818182,UNCATEGORIZED,7.1143417,5.669005
отчаяние,18,89.38832115166667,UNCATEGORIZED,9.56044,6.186183
роза,60,85.78762057433332,NATURE,1.6226555,2.3677218
калитка,11,88.62613522181817,UNCATEGORIZED,3.713535,4.849903
штаны,67,87.43914924223881,OBJECT_HOME,1.7049205,3.4406512
платье,69,86.13640441594204,OBJECT_HOME,1.6937134,3.5108056
ряд,6,91.31377884666665,UNCATEGORIZED,6.450917,7.612051
синоним,29,89.42545777586206,UNCATEGORIZED,6.3916526,5.7198753
искусство,57,89.73385779315788,ART_CULTURE,8.406061,6.359252
доброта,38,88.77653972868421,UNCATEGORIZED,9.629233,5.5503073
америк,16,91.51707445625,UNCATEGORIZED,5.145262,2.4581676
ангина,16,91.065025488125,UNCATEGORIZED,7.847821,2.518179
сувенир,9,86.61959811444444,UNCATEGORIZED,2.9557548,3.4364283
турбулентность,46,88.34985546217392,UNCATEGORIZED,7.172871,4.167513
парус,35,89.55671270742856,UNCATEGORIZED,2.9930973,6.4195905
лава,48,90.30033858645834,NATURE,5.054457,4.33129
скалка,13,87.60807467692308,UNCATEGORIZED,3.2019114,4.3517275
дог,3,81.24512821,UNCATEGORIZED,-0.23213452,8.797853
полымя,2,75.83028354,UNCATEGORIZED,-0.42968392,5.7351923
азот,23,86.92970534478262,UNCATEGORIZED,4.915611,2.2376308
букварь,16,89.87642413750001,UNCATEGORIZED,5.9746985,7.006189
борода,20,89.95988312850001,UNCATEGORIZED,3.1619108,3.322373
зомби,17,91.49825684705881,UNCATEGORIZED,1.0783631,8.756725
зануда,12,87.97372762666667,UNCATEGORIZED,1.0927459,9.814843
верба,47,91.00554093234045,NATURE,1.6368712,2.0632083
мозжечок,20,89.27990469400001,UNCATEGORIZED,5.552744,2.9535708
шарф,33,88.0498548760606,UNCATEGORIZED,1.8796444,3.6808877
людь,2,80.51917453499999,UNCATEGORIZED,1.4299151,8.472017
монстр,20,91.277455287,UNCATEGORIZED,0.89258146,8.641597
страх,40,89.51730671675,EMOTION,9.521702,6.2303424
хоррор,2,91.782545645,UNCATEGORIZED,6.2922745,6.1458817
игра,137,85.35413305036496,ACTION_PROCESS,4.2907076,8.313875
романтика,14,91.67237422000001,UNCATEGORIZED,6.818393,5.6140747
кабель,13,87.37661563846154,UNCATEGORIZED,2.8542504,5.4455504
пассатижи,22,90.17657004636362,UNCATEGORIZED,2.308204,4.8231425
хрящ,8,88.60243966375,UNCATEGORIZED,4.51625,3.640392
аншлаг,14,90.90612806285712,UNCATEGORIZED,6.621423,6.215844
клепка,24,95.3645151275,UNCATEGORIZED,4.234183,4.867769
флегмона,1,89.97926656,UNCATEGORIZED,7.7020364,2.6648352
карбюратор,82,88.69905768170732,OBJECT_TECH,2.7662158,5.4200153
шерсть,78,85.87632947807694,NATURE,3.6076593,3.472541
крыша,90,85.70456670566666,OBJECT_HOME,3.9431539,5.1645327
блоха,17,88.26170781352941,UNCATEGORIZED,0.1874876,8.419234
очередь,5,85.67331303799999,UNCATEGORIZED,8.169972,7.5558443
брешь,5,92.89640515599999,UNCATEGORIZED,4.354747,5.3602962
воронка,18,89.92432036666666,UNCATEGORIZED,4.574465,5.090756
жуть,12,89.5085310275,UNCATEGORIZED,7.2297087,5.5954437
соловей,43,91.02791850348837,UNCATEGORIZED,-0.091534205,7.974886
полоса,13,90.43066894923078,UNCATEGORIZED,4.628219,5.296283
бетон,71,89.53112906521126,OBJECT_HOME,4.005284,3.203636
гардения,1,94.26645241,UNCATEGORIZED,0.40782925,6.5638723
левизна,5,91.82978132199999,UNCATEGORIZED,7.8421316,2.5015652
стенография,3,90.11525092666666,UNCATEGORIZED,6.2638936,4.5203047
чипсы,16,86.63937846062501,UNCATEGORIZED,3.0530605,1.9227583
повар,19,88.04323222105263,UNCATEGORIZED,2.8717048,9.026341
пинцет,16,87.956798879375,UNCATEGORIZED,2.4290652,4.4986005
краб,43,87.66019592604651,UNCATEGORIZED,0.13880166,8.146169
дух,53,87.01396808433962,ABSTRACT,2.091966,9.419542
дон,6,81.38552841833334,UNCATEGORIZED,2.6965315,8.436561
капля,34,87.88501651617648,UNCATEGORIZED,4.344364,4.288831
голос,42,88.92787920619047,UNCATEGORIZED,5.790458,6.1123157
язва,25,89.25581737280001,UNCATEGORIZED,7.889391,2.5727122
монпансье,4,90.928802725,UNCATEGORIZED,2.5075862,8.165364
диагноз,4,90.924349675,UNCATEGORIZED,7.9895577,2.9779172
заблуждение,4,91.51548375,UNCATEGORIZED,8.511849,5.9029045
корнеплод,4,91.219531605,UNCATEGORIZED,2.408498,1.4124553
твист,8,85.85319271125,UNCATEGORIZED,4.8614707,7.6249633
астролябия,42,88.15043648880952,UNCATEGORIZED,2.5672293,5.6461706
дубль,6,90.52388281833333,UNCATEGORIZED,5.482901,7.0509014
иголка,18,84.63567954333331,UNCATEGORIZED,3.0054686,3.9298203
сеньор,2,96.46851036000001,UNCATEGORIZED,2.6493628,8.336925
локация,8,90.0123077525,UNCATEGORIZED,4.046826,5.958547
тварь,25,89.42756716879998,UNCATEGORIZED,0.62950444,8.807559
призма,19,89.30621268105263,UNCATEGORIZED,3.6854312,4.4949064
кружево,27,90.5710723,UNCATEGORIZED,3.9434147,3.5805404
умение,4,86.26982831000001,UNCATEGORIZED,9.051505,6.0786033
скольжение,1,79.90085391,UNCATEGORIZED,7.799088,5.858101
змея,44,87.25062333954544,UNCATEGORIZED,0.12689789,8.269182
талант,12,90.30249631333334,UNCATEGORIZED,8.981863,6.139494
свобода,41,87.80314522853658,ABSTRACT,8.273545,5.883109
визуал,1,96.00338957,UNCATEGORIZED,1.3207566,9.763354
парча,4,89.2242297225,UNCATEGORIZED,4.0675945,3.1929843
креветка,26,88.93724542038461,UNCATEGORIZED,0.30754244,7.8452177
дезинфекция,3,92.09493630333334,UNCATEGORIZED,6.8382034,4.4545417
общество,17,87.89917941705883,UNCATEGORIZED,5.8795147,8.003545
лобзик,21,88.84774464666667,UNCATEGORIZED,2.3018017,4.8539443
суббота,17,74.14205365470588,UNCATEGORIZED,7.260623,8.140297
миска,30,78.78891640133334,UNCATEGORIZED,3.1171865,4.221765
доход,2,94.93699799000001,UNCATEGORIZED,7.040617,7.636529
взрыв,53,93.32886388132076,ACTION_PROCESS,5.1450543,5.4024844
пример,15,93.57162946,UNCATEGORIZED,7.515992,7.086185
антология,4,89.76586811249999,UNCATEGORIZED,6.781506,5.543964
сигарета,52,85.66557203711538,OBJECT_HOME,3.2914448,4.2063446
рыба,154,84.1495511722078,ANIMAL,0.38273227,5.208902
скотч,10,87.21760667099998,UNCATEGORIZED,3.5478354,1.9007456
программа,25,88.7080704752,UNCATEGORIZED,7.0284147,6.1810355
трагедия,13,89.88859875846153,UNCATEGORIZED,6.857757,6.469344
пульт,46,87.02383526195652,UNCATEGORIZED,2.9957492,5.9608555
сноровка,1,94.96942335,UNCATEGORIZED,9.671769,5.304851
оппозиция,6,90.44220165666667,UNCATEGORIZED,5.6409626,8.056703
макароны,77,90.33425203545454,FOOD,2.9872441,1.8901157
тригонометрия,27,87.32346124740742,UNCATEGORIZED,6.7220974,4.685372
пугало,9,92.12945086,UNCATEGORIZED,0.80811554,8.666708
судорога,5,90.20368919,UNCATEGORIZED,5.555377,4.6195965
пристрастие,3,89.58384183666665,UNCATEGORIZED,9.19249,6.141033
нарратив,10,88.321727366,UNCATEGORIZED,7.6825237,4.3325086
перпендикуляр,41,89.0584418602439,UNCATEGORIZED,5.6036925,4.4741597
бумеранг,19,88.51091491210526,UNCATEGORIZED,1.9357536,4.700319
сальса,4,90.5138157625,UNCATEGORIZED,3.0820904,1.8202587
оповещение,2,86.15512862,UNCATEGORIZED,7.516005,7.521718
всплеск,5,87.71835139,UNCATEGORIZED,5.2986445,5.361008
рифма,20,89.218879588,UNCATEGORIZED,6.6710258,5.4180303
свет,166,84.1057925522289,NATURE,4.680611,4.718811
конвергенция,21,87.87327170190476,UNCATEGORIZED,7.142042,4.4027915
томление,4,88.2333453125,UNCATEGORIZED,9.394627,6.090876
несушка,2,86.648305885,UNCATEGORIZED,0.16887054,7.680195
гастрит,15,90.01296044600001,UNCATEGORIZED,7.8996243,2.6564538
монополия,9,87.31507824111111,UNCATEGORIZED,7.564278,5.822939
фуэте,15,88.16643033933333,UNCATEGORIZED,5.43356,6.10679
лоно,6,91.27847185166667,UNCATEGORIZED,4.622462,3.8855243
рвач,1,90.86809572,UNCATEGORIZED,1.3889838,8.425251
кулек,14,89.44931822857141,UNCATEGORIZED,2.719949,3.7437534
трансцендентность,54,88.53155502296295,ABSTRACT,8.802256,4.607646
клаустрофобия,47,89.30269908319148,ABSTRACT,8.352934,3.375983
рондо,1,90.86809572,UNCATEGORIZED,6.009204,6.8088427
схема,8,90.19882300750001,UNCATEGORIZED,6.993015,5.811939
пук,33,87.37079046060605,UNCATEGORIZED,2.827558,3.3859065
сук,19,86.49164630789471,UNCATEGORIZED,2.0818102,2.930223
глюк,5,88.81675660799999,UNCATEGORIZED,1.964358,8.814642
хрюк,3,88.08104302,UNCATEGORIZED,1.1752038,7.8954034
задача,18,90.93898955499999,UNCATEGORIZED,7.6424084,6.715333
отдача,1,92.9741037,UNCATEGORIZED,7.3064256,5.765853
изоляция,9,91.21453455777777,UNCATEGORIZED,7.4282017,5.201389
предлог,10,90.19428850199999,UNCATEGORIZED,8.020088,7.1935587
липосакция,10,88.734165287,UNCATEGORIZED,6.496028,3.4509706
недоверие,3,92.66784184,UNCATEGORIZED,9.557543,6.2019176
мысль,90,87.28043055066667,ABSTRACT,8.1522875,6.9025593
марафет,3,93.76668600666666,UNCATEGORIZED,7.5370455,5.8727913
косинус,55,89.90779167999999,SCIENCE,5.8094463,4.2083483
волшебство,22,89.015677995,UNCATEGORIZED,8.129206,6.0235257
философствование,1,86.0589872,UNCATEGORIZED,8.376231,5.1726804
сотейник,5,86.42530146,UNCATEGORIZED,2.980657,1.8041186
субботник,1,86.0589872,UNCATEGORIZED,6.239621,6.9610276
сила,56,88.72194614517858,ABSTRACT,8.199519,5.686343
зверь,31,83.2999433051613,UNCATEGORIZED,0.25598928,8.614184
атмосфера,50,91.38123843620001,NATURE,5.511374,4.8878765
биология,28,86.90714153428571,UNCATEGORIZED,6.8916965,4.62477
амфора,10,91.42754135999999,UNCATEGORIZED,5.8740396,5.865211
косточка,12,86.42892677333333,UNCATEGORIZED,4.112892,3.8807156
гребень,10,88.04453277399999,UNCATEGORIZED,4.4463816,5.613682
клиент,10,88.23237782599999,UNCATEGORIZED,3.187473,9.558783
метро,66,88.59447146590911,OBJECT_TECH,3.8029473,7.504743
женьшень,6,90.15148842166666,UNCATEGORIZED,1.9229938,1.7649679
панда,21,90.40432487095238,UNCATEGORIZED,0.25149015,8.251448
юбка,48,88.11747338833334,OBJECT_HOME,1.8354707,3.4123132
графика,4,93.0615184575,UNCATEGORIZED,6.705683,5.5495863
спаржа,1,91.72276317,UNCATEGORIZED,2.3305597,1.4693816
полтергейст,7,87.78898845142855,UNCATEGORIZED,8.06649,4.321443
свора,8,89.51818442625,UNCATEGORIZED,5.308143,8.51228
портупея,12,89.8592705,UNCATEGORIZED,1.9818398,3.9194818
кошмар,17,88.75810736588235,UNCATEGORIZED,8.795864,6.2583795
секс,92,86.5867034127174,ABSTRACT,8.267987,5.153097
баттерфляй,3,88.28254840666666,UNCATEGORIZED,0.56177706,7.009744
абориген,17,91.25980708352941,UNCATEGORIZED,1.5785775,9.058935
кантата,10,89.67816424400002,UNCATEGORIZED,5.91842,6.567956
налог,21,90.98240956666666,UNCATEGORIZED,6.988241,7.6258273
бультерьер,3,89.60550740000001,UNCATEGORIZED,-0.15935093,8.774758
шабаш,10,88.762083121,UNCATEGORIZED,6.206208,7.524352
мандолина,6,90.035483305,UNCATEGORIZED,4.0771666,7.924373
конек,34,87.29577144794118,UNCATEGORIZED,0.322725,8.84439
глина,34,87.78716186352942,UNCATEGORIZED,4.004565,3.082631
табак,6,86.15498831166667,UNCATEGORIZED,4.0644536,1.9019761
компьютер,230,85.64986939460869,OBJECT_TECH,3.0536978,6.0855155
палка,50,84.2780864874,OBJECT_HOME,2.5026536,4.4427595
синева,49,89.54263088857141,NATURE,5.15403,4.4789014
ремонт,27,88.68679386074074,UNCATEGORIZED,7.157822,6.072836
звонок,18,90.17015250611111,UNCATEGORIZED,3.3228204,6.250528
август,15,84.23981777800002,UNCATEGORIZED,7.181476,8.71728
вулкан,94,89.76435069031915,NATURE,4.682701,5.099204
квиддич,2,86.77725606,UNCATEGORIZED,4.2705665,8.31818
лампа,139,83.37870315575539,OBJECT_HOME,3.2807593,4.9259872
эмоция,32,89.73599079343751,UNCATEGORIZED,8.27523,4.9583597
гонка,11,89.58918313181819,UNCATEGORIZED,6.84826,6.265293
субстанция,21,87.83221177285715,UNCATEGORIZED,7.610347,5.127441
коммутатор,4,94.5731855925,UNCATEGORIZED,3.0024354,6.327384
трикотаж,8,86.66932857375,UNCATEGORIZED,4.047473,3.0978255
ракетка,8,88.745048575,UNCATEGORIZED,3.327512,4.655789
алкоголь,39,88.58525971615386,UNCATEGORIZED,4.367997,1.8107778
свинопас,9,95.21682605666666,UNCATEGORIZED,1.5017297,8.120313
борщевик,8,84.7933358475,UNCATEGORIZED,1.8847027,1.8103206
большевик,2,88.241018785,UNCATEGORIZED,2.1962397,10.165051
артерия,6,89.74096203166665,UNCATEGORIZED,4.589915,3.7615526
хромота,6,92.02394137166665,UNCATEGORIZED,8.636758,3.5997763
напильник,8,87.27021027500001,UNCATEGORIZED,2.4185066,4.7518253
агония,13,91.8059586823077,UNCATEGORIZED,6.961627,6.234444
виньетка,8,87.44699260249999,UNCATEGORIZED,5.3244257,4.238615
дифракция,6,84.31551993833334,UNCATEGORIZED,7.361483,4.3093705
похлебка,6,85.67016395166667,UNCATEGORIZED,3.0861537,2.1743748
огонь,133,84.4824009669173,NATURE,4.6731405,4.6862745
дартан,1,93.82520425,UNCATEGORIZED,1.263865,6.8622155
кинк,3,95.05055793666668,UNCATEGORIZED,1.0200412,6.9575777
бил,1,93.82520425,UNCATEGORIZED,5.1221085,5.3422904
кома,9,92.85997433666667,UNCATEGORIZED,7.8919187,3.130521
жертвоприношение,3,90.45179243666666,UNCATEGORIZED,7.7561445,7.0181065
алчность,6,84.02547231666667,UNCATEGORIZED,9.345381,5.602179
зер,1,93.82520425,UNCATEGORIZED,0.4053836,6.5483475
монумент,8,87.82880611875,UNCATEGORIZED,4.7645917,6.182598
ясли,13,90.65366528615384,UNCATEGORIZED,4.2684984,6.864587
сознание,31,90.96969978548385,UNCATEGORIZED,8.825697,6.3630214
экватор,20,89.9766683935,UNCATEGORIZED,5.9541936,4.471641
шестеренка,21,88.5718756409524,UNCATEGORIZED,3.6297178,4.4958625
сережка,10,86.289066006,UNCATEGORIZED,1.680728,8.174035
управление,7,89.27096137000001,UNCATEGORIZED,5.77621,8.109331
просветление,8,93.28496709625,UNCATEGORIZED,8.843626,6.3336787
скала,52,89.83504015134615,NATURE,4.4331284,5.639922
бурелом,4,95.3369586975,UNCATEGORIZED,2.4610696,2.8426206
священник,16,89.15310179625001,UNCATEGORIZED,2.4045534,9.49367
шпага,8,88.62746894874999,UNCATEGORIZED,2.0704744,4.3708186
агат,6,91.38850483166668,UNCATEGORIZED,4.2629333,1.3807573
манго,33,84.15945815181817,UNCATEGORIZED,2.1981463,1.5934031
люстра,82,88.75204481524389,OBJECT_HOME,3.2680988,4.8858147
ампир,3,87.74856452333334,UNCATEGORIZED,7.91882,4.3518095
синергия,42,91.90438211857142,UNCATEGORIZED,7.615667,4.682378
дума,7,91.97934498142857,UNCATEGORIZED,5.816168,8.013431
свежесть,7,92.38571169714285,UNCATEGORIZED,9.496051,4.900363
рупия,19,91.41255826789474,UNCATEGORIZED,4.34125,4.4504113
проблема,14,88.62692958071429,UNCATEGORIZED,7.572431,6.428706
конгломерат,9,89.7289338311111,UNCATEGORIZED,5.195278,7.4765773
сенсибилизация,1,96.27504676,UNCATEGORIZED,6.8447485,3.1636868
лакмус,12,88.75468679833334,UNCATEGORIZED,4.734383,2.7539642
феерия,7,87.81423055857144,UNCATEGORIZED,6.718729,5.9752917
кузнец,12,92.1942984375,UNCATEGORIZED,2.4913473,9.609527
наркотик,16,89.37698421625001,UNCATEGORIZED,4.443837,1.7724639
рок,22,89.32734493454545,UNCATEGORIZED,4.98444,7.560783
портвейн,5,88.13188427,UNCATEGORIZED,3.5278792,1.5695865
сиг,1,78.14996523,UNCATEGORIZED,0.24333963,5.1952853
таблетка,76,85.6348692498684,SCIENCE,4.5014215,2.0475657
революция,52,90.96421869615385,ABSTRACT,7.473023,6.0187693
локомотив,9,90.22937737444444,UNCATEGORIZED,3.7004838,7.730807
философ,14,88.6786162192857,UNCATEGORIZED,2.8426244,10.126386
цемент,35,89.47328839400001,UNCATEGORIZED,4.0420575,2.8588185
асбест,8,87.5774109925,UNCATEGORIZED,4.3798504,2.443487
глухота,7,90.71945365142858,UNCATEGORIZED,8.332831,3.4301867
афалина,3,84.99964754,UNCATEGORIZED,0.5353665,7.4992666
счастие,92,88.04341497086956,ABSTRACT,8.786741,6.3318067
складчина,1,77.89430402,UNCATEGORIZED,4.3565373,4.471427
маркировка,4,87.274903975,UNCATEGORIZED,3.8898575,4.3439984
обложка,13,88.76398757,UNCATEGORIZED,6.0868807,6.9922814
щипец,7,89.37585555142857,UNCATEGORIZED,2.6088114,4.141354
икона,52,90.29713302692309,ART_CULTURE,4.866401,6.0794525
печать,24,88.7036256,UNCATEGORIZED,6.30028,7.291732
материя,14,89.67965629214287,UNCATEGORIZED,7.314356,5.256742
ресница,38,88.06862483052632,UNCATEGORIZED,3.8155143,4.395071
выходной,4,92.3855348025,UNCATEGORIZED,7.1854095,8.089359
паразит,19,89.83559608894736,UNCATEGORIZED,0.6698938,9.255212
омлет,17,89.08783938176471,UNCATEGORIZED,3.069976,1.952277
тромбон,20,88.99594245249997,UNCATEGORIZED,4.0025525,7.8650904
кладбище,13,91.39163371384615,UNCATEGORIZED,4.746578,6.388224
неон,14,88.34072676928572,UNCATEGORIZED,4.8583007,2.3199997
улитка,34,90.13264734941177,UNCATEGORIZED,0.15636164,7.989502
туман,187,93.52126053262033,NATURE,5.1209083,4.5983486
вилка,130,84.236600339,OBJECT_HOME,3.212196,4.1418595
учитель,51,86.92025343529411,PERSON,2.674651,9.363416
студебеккер,1,85.11852802,UNCATEGORIZED,3.326456,7.5199165
панама,12,87.85091095916668,UNCATEGORIZED,1.7789613,3.4660847
сюрприз,5,86.623008462,UNCATEGORIZED,7.600976,7.1477184
сталактит,18,88.01599443611111,UNCATEGORIZED,3.5917912,5.3576655
сушка,17,87.90369379058824,UNCATEGORIZED,6.693593,4.2639804
парадигма,36,90.4029168261111,UNCATEGORIZED,7.3219213,4.938207
энцефалограмма,2,88.240281995,UNCATEGORIZED,7.1785245,3.3530135
жираф,89,88.28618910483146,ANIMAL,0.09090478,8.569115
капер,2,90.45770066,UNCATEGORIZED,1.8186363,9.408411
кофр,3,88.20788197666667,UNCATEGORIZED,2.4822686,4.4536138
безбилетник,2,88.11033366000001,UNCATEGORIZED,1.1692948,7.8827314
событие,16,93.02557998875,UNCATEGORIZED,7.977198,7.2160797
бар,19,86.5738449736842,UNCATEGORIZED,4.0328674,7.104701
стог,19,88.30560237526316,UNCATEGORIZED,3.0992713,3.4867983
перец,48,85.25719364583334,FOOD,2.6740453,1.493633
барабан,43,87.98757041999998,UNCATEGORIZED,3.3681796,6.126278
атас,3,89.80058928,UNCATEGORIZED,6.3901935,6.4095197
система,34,88.22598289235293,UNCATEGORIZED,7.061974,5.9305534
болт,34,88.28678129352942,UNCATEGORIZED,2.037304,4.7855635
гаубица,12,84.48337447166666,UNCATEGORIZED,2.1210656,5.312588
лилия,21,88.55400520333335,UNCATEGORIZED,1.6268345,2.258418
чизкейк,1,79.5683616,UNCATEGORIZED,3.255266,2.0962868
планшет,53,89.76967287283018,OBJECT_TECH,2.9875937,6.0712013
октаэдр,5,85.613659346,UNCATEGORIZED,5.2679806,4.5602794
кандидоза,7,90.11146551714285,UNCATEGORIZED,7.6678143,2.550421
гироскоп,6,88.68619261166667,UNCATEGORIZED,2.811351,5.6231737
марципан,12,86.546888395,UNCATEGORIZED,3.306449,2.238364
болото,44,88.63478510477275,UNCATEGORIZED,4.678181,5.1870074
диктофон,5,92.509995516,UNCATEGORIZED,3.08753,5.9830747
акведук,17,88.70186202235294,UNCATEGORIZED,3.7705185,5.653494
бегемот,55,86.1866417358182,ANIMAL,0.14940588,8.483951
верблюд,49,87.75565204551017,ANIMAL,0.19832872,8.778691
дромадер,2,70.168212365,UNCATEGORIZED,0.4306504,8.474955
аллигатор,20,85.98606561349999,UNCATEGORIZED,0.1379839,8.300046
гиппопотам,24,86.20211890666667,UNCATEGORIZED,0.2945805,8.398634
такт,3,91.55938964666666,UNCATEGORIZED,5.6833835,6.6689234
желудок,40,88.23003957975,UNCATEGORIZED,4.9271984,3.344478
крона,9,83.94345779333334,UNCATEGORIZED,1.7352334,2.142231
плаха,5,89.059742574,UNCATEGORIZED,4.2337303,6.1036196
жидкость,19,87.01302517736843,UNCATEGORIZED,4.9450107,3.9544117
прайд,4,86.34751181499999,UNCATEGORIZED,0.51327294,6.928432
геометрия,26,87.70868600153845,UNCATEGORIZED,6.8202,4.8310785
гайка,27,86.48960069518517,UNCATEGORIZED,3.2865753,4.660588
геополитика,5,89.21548086600001,UNCATEGORIZED,6.946121,4.7192645
финиш,5,88.032953452,UNCATEGORIZED,6.3808303,6.550555
домино,15,91.17737522666668,UNCATEGORIZED,4.3126163,8.314117
полька,7,92.15065980714284,UNCATEGORIZED,2.3150141,7.6235723
птеродактиль,22,89.96707372272728,UNCATEGORIZED,0.38833866,8.25586
сторона,6,91.09825644,UNCATEGORIZED,7.2356825,6.0600476
ланцет,6,82.63910403,UNCATEGORIZED,2.3311646,4.6979866
обмен,3,93.79188510666665,UNCATEGORIZED,7.3076468,7.5767117
слинг,4,92.596983345,UNCATEGORIZED,2.4080381,5.9655104
хитрость,6,89.75391825500002,UNCATEGORIZED,8.925161,5.5574946
пауза,62,90.99714715951613,ABSTRACT,6.8744617,6.202446
груша,51,79.14611805019608,FOOD,1.8378361,1.6248643
дозор,1,83.99017703,UNCATEGORIZED,4.930301,8.305839
сопля,68,89.09566743220589,BODY,0.9754826,9.136358
уборная,3,88.51741122666665,UNCATEGORIZED,4.0446696,6.386125
ген,32,92.5861472659375,UNCATEGORIZED,3.569208,9.010782
чебурашка,16,86.05158315937501,UNCATEGORIZED,0.6908919,8.059106
грязь,52,87.2382402728846,NATURE,4.920327,3.7869437
порог,21,88.99362376904762,UNCATEGORIZED,3.9973836,6.0135355
государство,30,90.78342395833333,UNCATEGORIZED,5.7426805,8.060353
пустыня,73,87.48413253479453,NATURE,4.7306705,5.6261744
менталитет,6,88.61347443166666,UNCATEGORIZED,7.6296787,5.3893123
польза,11,90.57816578818182,UNCATEGORIZED,7.8919797,6.416466
шквал,5,92.918950448,UNCATEGORIZED,5.1255145,5.041984
корма,8,94.15947301,UNCATEGORIZED,3.145489,2.457452
пипка,4,81.20910357,UNCATEGORIZED,3.7955432,4.664784
фантом,8,88.5385851075,UNCATEGORIZED,1.4385291,8.679328
обед,20,84.884741587,UNCATEGORIZED,3.453677,1.8461295
втулка,48,86.97088099562501,OBJECT_TECH,3.426738,4.642281
ледокол,32,90.334329513125,UNCATEGORIZED,3.0469768,7.0956697
тимпан,3,85.08564926333334,UNCATEGORIZED,3.9436648,7.667526
мох,39,88.47589973358974,UNCATEGORIZED,2.3405952,2.6135917
титан,13,89.67839046538462,UNCATEGORIZED,1.40562,8.08971
абсурд,14,91.36031267642859,UNCATEGORIZED,7.532841,5.7619896
проникновение,3,93.99433973333333,UNCATEGORIZED,8.093794,6.452352
ямб,47,87.3678561825532,ART_CULTURE,1.4600163,5.305586
червь,33,87.15106892575758,UNCATEGORIZED,0.3660999,8.280784
луна,223,85.61327642318385,NATURE,4.8059382,4.837213
шинель,8,90.27354142,UNCATEGORIZED,1.5492654,3.6058302
тест,63,88.77633725444444,ACTION_PROCESS,7.224383,7.16871
крепеж,5,82.093174156,UNCATEGORIZED,2.936023,5.227712
смоква,1,88.89923576,UNCATEGORIZED,3.1767905,2.348425
дилетант,4,89.1923267625,UNCATEGORIZED,1.1323439,9.972596
психиатр,5,88.456304868,UNCATEGORIZED,2.957307,10.065347
пожар,19,88.9484475231579,UNCATEGORIZED,4.9567146,4.8858943
чесотка,12,90.44821154333333,UNCATEGORIZED,7.945791,2.6549516
возраст,8,87.33769383625,UNCATEGORIZED,8.459579,5.8971524
гриб,105,84.8160137655238,FOOD,1.4657562,5.984499
гомеостаз,12,84.43271627749999,UNCATEGORIZED,7.6877456,4.2992773
индиго,12,91.72914057083334,UNCATEGORIZED,4.529836,2.6201546
сомнамбула,15,91.36182004733335,UNCATEGORIZED,1.3500246,9.038202
лепесток,14,87.62177372642857,UNCATEGORIZED,2.2792008,2.5590723
традиция,23,93.6559838752174,UNCATEGORIZED,7.324173,5.804803
весть,8,90.63338973500001,UNCATEGORIZED,8.065074,6.9970865
диалектика,6,92.68272714666666,UNCATEGORIZED,7.3933496,5.1188264
клон,18,90.73583528944445,UNCATEGORIZED,1.5123181,8.608631
вагон,29,87.49627611758618,UNCATEGORIZED,3.6763244,7.57332
лупа,23,89.48255393565216,UNCATEGORIZED,2.5629148,4.579113
лифт,24,89.2579081075,UNCATEGORIZED,3.6601226,6.4148183
ром,19,83.91668922842105,UNCATEGORIZED,3.619657,1.665707
слесарь,9,90.71865088555555,UNCATEGORIZED,2.602916,9.829791
бобер,24,89.98250414083333,UNCATEGORIZED,0.08847309,8.315748
бриллиант,18,88.9041035538889,UNCATEGORIZED,4.2354155,1.4846323
банк,26,90.11402005115384,UNCATEGORIZED,6.2732453,7.765829
баклажан,39,84.41014632871796,UNCATEGORIZED,2.483086,1.4017067
барометр,9,88.61362289555557,UNCATEGORIZED,2.623304,5.6992207
бестолочь,12,89.47002942666667,UNCATEGORIZED,0.73797107,9.698483
шкаф,164,82.61904051109757,OBJECT_HOME,2.882004,4.6704736
гроза,33,88.43298164272727,UNCATEGORIZED,5.3002434,4.7304473
москва,26,90.41449056307692,UNCATEGORIZED,5.5874944,7.5435066
нежность,59,90.37709197271187,ABSTRACT,9.651659,5.7011805
бабочка,32,86.294570036875,UNCATEGORIZED,0.07662026,8.055087
железо,71,84.52667947718308,NATURE,4.4479637,2.5342133
сюрреализм,10,91.651535548,UNCATEGORIZED,7.9823923,4.26907
хреновина,2,87.10758457,UNCATEGORIZED,6.6436453,5.6618233
библиотека,50,91.74461727919999,PLACE,5.263978,7.233155
рябь,5,90.786194514,UNCATEGORIZED,5.2646604,4.7684994
рыло,10,91.50824061099999,UNCATEGORIZED,3.7627034,3.7851806
засуха,4,90.8697681575,UNCATEGORIZED,5.590397,4.676185
урон,7,89.11013513571429,UNCATEGORIZED,8.195641,7.042579
листва,14,86.52632752999999,UNCATEGORIZED,2.4724245,2.6143973
орел,29,86.66541963931034,UNCATEGORIZED,-0.2196619,8.084068
юность,8,88.0193633875,UNCATEGORIZED,8.981258,5.691381
тема,9,89.03387814777778,UNCATEGORIZED,7.3457847,6.356327
ягодица,11,85.61886187363636,UNCATEGORIZED,3.7298107,4.0766225
оглобля,10,88.35171948899998,UNCATEGORIZED,2.6465368,4.514997
кавычка,4,81.3968131325,UNCATEGORIZED,5.538021,4.902087
секстант,4,88.97777969500001,UNCATEGORIZED,2.5508225,5.5964546
перчатка,17,86.7664795864706,UNCATEGORIZED,2.692368,3.661744
клавиатура,119,87.02235600596637,OBJECT_TECH,3.038371,5.828791
каток,25,88.4141471216,UNCATEGORIZED,4.2840343,8.05799
повидло,11,92.32858422,UNCATEGORIZED,3.2821302,1.8825637
маникюр,20,90.51499280499999,UNCATEGORIZED,3.9334407,3.130611
полис,6,88.99710679333333,UNCATEGORIZED,6.6747656,7.461202
дуршлаг,20,88.426819496,UNCATEGORIZED,3.010697,1.651522
вешалка,32,86.38779566843749,UNCATEGORIZED,3.1371906,4.5210476
турист,7,82.85070136714286,UNCATEGORIZED,2.174226,9.579778
часы,103,84.98366862009709,OBJECT_HOME,2.8799727,5.9924808
уголь,38,89.74932574894738,UNCATEGORIZED,4.137931,2.6431653
верность,37,90.82788697216215,UNCATEGORIZED,9.593672,5.5679936
молния,30,87.840658437,UNCATEGORIZED,5.1107874,4.9292355
билет,25,87.48006863799999,UNCATEGORIZED,6.26994,7.624706
пупок,24,88.46705810541665,UNCATEGORIZED,4.6320553,3.5841827
экспедиция,12,90.53700330416666,UNCATEGORIZED,4.94209,8.224716
соломинка,5,90.931083472,UNCATEGORIZED,3.3799436,4.224641
шаттл,1,87.41710344,UNCATEGORIZED,3.1522436,7.06626
бинт,13,89.74515674846155,UNCATEGORIZED,3.0087397,3.350312
указка,12,90.32918394833332,UNCATEGORIZED,3.1161978,4.3810167
ребро,14,83.91969761071428,UNCATEGORIZED,3.992749,3.8701463
слюна,16,87.53185053125,UNCATEGORIZED,5.0605607,3.8703632
дека,7,89.8814790257143,UNCATEGORIZED,3.9941308,4.575198
магма,50,90.21371672379999,NATURE,5.048468,4.355983
состав,4,90.60784796,UNCATEGORIZED,4.8135266,8.148997
связь,26,86.1600670376923,UNCATEGORIZED,7.9183044,6.912406
сустав,20,90.0580026135,UNCATEGORIZED,4.19854,3.7069604
сантехник,9,89.68090472777777,UNCATEGORIZED,2.6355355,9.764135
крокс,3,84.81932823,UNCATEGORIZED,1.012184,7.3165183
нычка,1,75.70912744,UNCATEGORIZED,4.189801,4.646663
барабулька,5,86.490979938,UNCATEGORIZED,0.5747593,5.513369
антагонист,10,89.037826572,UNCATEGORIZED,2.3948295,9.141679
вельвет,12,89.71911257583334,UNCATEGORIZED,3.9661727,3.1111615
вой,4,88.9286194,UNCATEGORIZED,5.7064342,6.009845
выдра,27,90.91636052703704,UNCATEGORIZED,0.10795444,8.184991
время,76,87.71444148171051,ABSTRACT,7.656354,7.982793
ворчун,1,84.60931261,UNCATEGORIZED,0.7568392,8.3521185
иллюзия,30,89.12409501266666,UNCATEGORIZED,7.6291847,5.9438105
масло,70,84.17052683514287,FOOD,3.16889,1.69229
винт,25,85.3151373624,UNCATEGORIZED,2.864654,5.594431
леопард,34,90.77716981794117,UNCATEGORIZED,0.0091403145,8.494217
пшеница,21,84.99014543,UNCATEGORIZED,2.4230766,1.9656602
табуретка,48,85.5967638625,OBJECT_HOME,3.2870784,4.577034
сольфеджио,70,90.90085518342858,ART_CULTURE,6.4691367,4.21477
магнолия,4,86.1195868475,UNCATEGORIZED,1.5641772,2.236638
ортопед,3,84.54797611999999,UNCATEGORIZED,2.7602446,10.381736
скворечник,6,88.58257034166667,UNCATEGORIZED,3.795789,6.625335
долина,13,88.83902267461538,UNCATEGORIZED,4.5581965,5.6622543
аксиома,29,90.82244963896552,UNCATEGORIZED,7.3648396,5.726576
лишайник,14,88.03620813142857,UNCATEGORIZED,2.3080735,2.5251637
фуникулер,7,89.99744324285714,UNCATEGORIZED,3.399945,6.8583136
интонация,6,89.87229996,UNCATEGORIZED,6.606562,5.5605097
артефакт,11,89.81139436454545,UNCATEGORIZED,3.048873,3.8173444
риелтор,5,90.895658386,UNCATEGORIZED,2.7805538,9.778202
трамплин,21,90.1715902342857,UNCATEGORIZED,5.493144,6.324252
термодинамика,7,89.14345543714288,UNCATEGORIZED,6.8659906,4.3938336
терапевт,6,90.36082485499999,UNCATEGORIZED,2.9846687,10.054738
тефтели,12,92.78704085916667,UNCATEGORIZED,3.108358,1.9749287
тяга,3,88.73203419333333,UNCATEGORIZED,9.301448,5.9590006
тулуп,6,87.94150130500002,UNCATEGORIZED,1.586239,3.6624165
вареник,23,93.8583370278261,UNCATEGORIZED,2.9891968,2.4453912
лекарство,51,88.23800522549018,SCIENCE,4.328133,1.879886
передача,11,88.49463496181819,UNCATEGORIZED,6.884696,6.097465
обогреватель,6,93.566043505,UNCATEGORIZED,2.8966484,5.444969
комбинезон,8,90.93750420125,UNCATEGORIZED,1.6495351,3.6842656
катамаран,12,88.1826163275,UNCATEGORIZED,2.979965,6.8293877
скотина,18,89.34009014444445,UNCATEGORIZED,0.5582051,9.1705675
коллаборационизм,4,89.70746680250001,UNCATEGORIZED,7.8469806,4.813341
свекольник,2,76.672184615,UNCATEGORIZED,3.1386602,2.0028434
трескотня,3,95.51335974,UNCATEGORIZED,6.5807476,6.0421844
кит,94,85.85786219351066,ANIMAL,-0.060764678,6.817164
симфония,42,90.14629809690476,UNCATEGORIZED,5.849868,6.6296034
бит,5,86.932093946,UNCATEGORIZED,3.7076652,5.0394344
идиосинкразия,7,88.76452615142857,UNCATEGORIZED,8.232557,3.2128322
ромашка,40,86.94586780325001,UNCATEGORIZED,1.7727154,1.8962911
диверсия,17,88.64721955588234,UNCATEGORIZED,7.352836,5.956154
дырокол,9,86.73510933444445,UNCATEGORIZED,2.4257662,5.291257
кондуит,1,89.31810812,UNCATEGORIZED,1.7924821,6.600377
печение,36,91.12325248805556,UNCATEGORIZED,6.530915,3.7382672
асфальт,120,87.60198455525,OBJECT_HOME,4.0061073,3.4349039
невесомость,16,91.19258050125,UNCATEGORIZED,7.0129485,4.5381465
испарение,2,93.766765855,UNCATEGORIZED,7.4603324,3.9417248
русалка,12,87.89215261833334,UNCATEGORIZED,1.5274833,7.938048
осадок,5,91.26855240800002,UNCATEGORIZED,5.154182,3.56309
гепард,21,87.06545695095238,UNCATEGORIZED,0.10625713,8.418718
тонкость,3,93.60083505666667,UNCATEGORIZED,9.588469,4.7510204
линолеум,24,87.67612164791667,UNCATEGORIZED,3.7226994,3.6755152
суперпозиция,10,89.73709259,UNCATEGORIZED,6.940468,4.34706
молодость,12,90.8265400975,UNCATEGORIZED,9.04531,5.640702
сахар,54,83.3792717959259,FOOD,3.24612,1.6461651
бровь,20,84.63204140100001,UNCATEGORIZED,4.184898,3.8976257
синхронизация,15,92.593684688,UNCATEGORIZED,7.1698494,4.779692
прыжок,22,91.13524588045455,UNCATEGORIZED,5.522686,6.3501344
лавина,18,89.59047079944445,UNCATEGORIZED,5.0738935,4.9085045
ящик,30,84.24573746000002,UNCATEGORIZED,2.7866948,4.6045628
якорь,54,89.55573020018517,OBJECT_HOME,3.081281,6.7248917
ярмо,9,88.93248449666666,UNCATEGORIZED,8.12997,6.0688324
ярость,30,91.51397867633334,UNCATEGORIZED,9.619367,6.1427474
ящерица,32,86.18171542093751,UNCATEGORIZED,0.1716175,8.212112
ягель,5,92.20757293,UNCATEGORIZED,2.373397,2.613721
пекарня,4,89.23503059000001,UNCATEGORIZED,4.1672873,6.533289
интеллект,44,88.53589640318182,UNCATEGORIZED,8.986371,6.147104
пласт,9,91.2131726688889,UNCATEGORIZED,3.1375248,2.250047
аккорд,31,89.55954298580644,UNCATEGORIZED,5.6234045,6.983252
топчан,1,87.95433667,UNCATEGORIZED,2.7422538,4.447658
функция,31,91.32703369612904,UNCATEGORIZED,7.1992164,6.018066
киль,14,90.12440703857143,UNCATEGORIZED,3.1064339,5.7192082
кастет,9,90.27895291555555,UNCATEGORIZED,1.8119618,4.771955
микросхема,15,86.47290239666667,UNCATEGORIZED,3.1134505,5.544832
куркума,19,85.76819603052631,UNCATEGORIZED,2.3129382,1.5020887
котенок,50,67.367422049,ANIMAL,0.13064119,8.558143
субординация,8,90.31941255499999,UNCATEGORIZED,7.900976,5.298581
валюта,20,90.61671798500001,UNCATEGORIZED,4.360114,4.3995285
правда,58,92.97804977189654,ABSTRACT,8.104661,7.6686506
фотосинтез,35,89.91448003742858,UNCATEGORIZED,7.0333333,3.6718752
провод,45,87.79856472311111,UNCATEGORIZED,2.7641487,5.333247
пепельница,11,88.55038008,UNCATEGORIZED,3.182143,4.2894464
мрамор,16,89.15818672937499,UNCATEGORIZED,4.06979,2.773417
юмор,18,89.45638449111111,UNCATEGORIZED,9.255846,5.6128316
кукареканье,1,90.48516423,UNCATEGORIZED,5.8522215,5.8199544
мука,32,81.947658926875,UNCATEGORIZED,2.9198449,1.5582263
председатель,3,91.37314579000001,UNCATEGORIZED,3.5527859,9.263228
скафандр,13,90.21419564923077,UNCATEGORIZED,1.8256849,3.9231465
жесть,32,88.89468138187499,UNCATEGORIZED,4.027697,3.177191
ветвь,7,92.65986223857142,UNCATEGORIZED,1.8471333,2.1856515
слобода,3,92.92934461333334,UNCATEGORIZED,4.676989,6.846752
тара,6,90.33279553166669,UNCATEGORIZED,0.020162702,6.6146555
юбилей,6,92.26253346,UNCATEGORIZED,7.2267375,7.9086075
юстиция,5,87.27468262999999,UNCATEGORIZED,6.9151425,4.849836
юг,20,91.07766669949999,UNCATEGORIZED,5.031247,6.461421
юань,13,97.5197083976923,UNCATEGORIZED,0.11568398,6.3290944
юрта,17,89.67576133,UNCATEGORIZED,4.1704693,6.6655636
юнкер,4,87.0206870925,UNCATEGORIZED,3.2850747,9.131921
нос,102,82.64483926411764,BODY,4.085111,3.88688
торт,95,87.31967811221053,FOOD,3.1626334,2.0640361
тигр,41,84.7574205607317,UNCATEGORIZED,0.1333365,8.563622
валенок,43,88.39659426279069,UNCATEGORIZED,2.2956603,3.5178537
древность,9,90.46659103999998,UNCATEGORIZED,7.6108756,5.24808
радио,19,88.77592004947368,UNCATEGORIZED,3.3428771,6.1320686
родинка,15,90.71984677733333,UNCATEGORIZED,4.7468114,4.3733315
родина,19,89.04120926894737,UNCATEGORIZED,5.530271,7.6254463
ключ,55,85.76668707400002,OBJECT_HOME,3.6163068,5.5906043
рейв,4,93.1299674925,UNCATEGORIZED,4.9163527,7.5084815
хрупкость,3,89.25219647,UNCATEGORIZED,9.730846,4.6692867
простокваша,6,92.31419242333332,UNCATEGORIZED,3.0735393,1.6267715
респондент,1,96.18093914,UNCATEGORIZED,3.0355616,9.822542
лабуда,2,94.044638505,UNCATEGORIZED,6.632676,5.733253
кизяк,1,94.77968713,UNCATEGORIZED,2.6439738,2.8226552
бодрость,3,94.16340799666666,UNCATEGORIZED,9.716187,5.114085
селезень,17,87.84471357235294,UNCATEGORIZED,-0.041835863,7.931696
базальт,9,87.66743059444444,UNCATEGORIZED,4.1119747,2.5831275
туфелька,4,88.2377834025,UNCATEGORIZED,3.0571392,3.8171132
известь,6,92.45163185833333,UNCATEGORIZED,4.1089005,2.724186
патриций,15,92.67560691333333,UNCATEGORIZED,2.2787194,8.951484
тангаж,4,87.65358775,UNCATEGORIZED,7.1353216,4.3274975
подлог,2,90.68802662499999,UNCATEGORIZED,7.9132586,5.837252
троллейбус,24,90.70254576416669,UNCATEGORIZED,3.5847735,7.6099834
пестик,32,87.43318557875,UNCATEGORIZED,3.3116622,3.983232
тождество,6,87.00536212166666,UNCATEGORIZED,8.4151325,6.05519
теорема,36,91.52531626083334,UNCATEGORIZED,7.410952,5.619114
трапеция,45,88.90124724088889,UNCATEGORIZED,5.298367,4.6009364
тангенс,18,89.11997258055555,UNCATEGORIZED,5.8548393,4.2678413
теория,13,91.3972603976923,UNCATEGORIZED,7.299815,5.744882
тензор,8,86.6170267475,UNCATEGORIZED,0.6372958,7.27222
ода,6,87.41670863333336,UNCATEGORIZED,6.358454,6.4899135
бегун,3,90.63927994,UNCATEGORIZED,2.7359324,9.41196
вселенная,170,88.71307551217647,PLACE,7.1509175,5.4647336
запястье,4,80.93185977,UNCATEGORIZED,3.4665327,3.745879
хомяк,47,85.71231999106382,ANIMAL,0.3794989,8.247537
пачка,13,87.76727401,UNCATEGORIZED,3.357239,4.266049
вермишель,15,88.28372893133333,UNCATEGORIZED,2.9561234,1.8352433
разум,27,90.42534219814816,UNCATEGORIZED,8.864608,6.3019705
сердце,72,86.54506001111112,BODY,5.7382984,5.0459642
майка,22,84.71181077590909,UNCATEGORIZED,1.5745373,3.5656104
сгусток,6,92.57997328333333,UNCATEGORIZED,3.8170662,4.6803737
жабо,20,90.0133928965,UNCATEGORIZED,1.7226086,3.5073261
вентиляция,9,91.13949726,UNCATEGORIZED,3.745433,5.2908635
методология,4,92.614712785,UNCATEGORIZED,7.257564,4.846151
нигилизм,12,89.49904449333333,UNCATEGORIZED,8.285338,4.675431
корм,27,84.78425223666665,UNCATEGORIZED,3.2144394,2.5490348
поэт,10,81.730243148,UNCATEGORIZED,3.191241,10.024967
флагман,9,91.96704530111111,UNCATEGORIZED,3.0336604,7.24507
терка,12,87.24877755,UNCATEGORIZED,3.4529102,3.3450263
прибыль,4,92.4555140375,UNCATEGORIZED,6.993301,7.53336
шаблон,4,94.1898695725,UNCATEGORIZED,6.569302,5.931841
пистолет,50,86.63497201239997,OBJECT_HOME,1.8276445,5.0931954
лук,75,80.84190474026666,FOOD,2.556509,1.448244
пассаж,2,93.19580532,UNCATEGORIZED,6.4518657,6.909354
царь,27,92.55032167925927,UNCATEGORIZED,2.348343,8.916248
ласт,26,90.23534074192308,UNCATEGORIZED,2.200291,3.6872544
медиана,19,90.65089329052631,UNCATEGORIZED,5.959227,4.2347107
многоугольник,2,88.090103255,UNCATEGORIZED,5.290578,4.550387
множество,4,86.907939345,UNCATEGORIZED,6.2921963,8.159898
модуль,10,87.276461348,UNCATEGORIZED,3.2554564,6.661353
масштаб,5,89.919456982,UNCATEGORIZED,8.17849,5.5200424
абзац,15,90.14576489133333,UNCATEGORIZED,6.353361,7.024906
мышьяк,11,90.97387356454546,UNCATEGORIZED,4.6938996,2.0338542
дирижер,23,91.99122818260871,UNCATEGORIZED,3.402961,9.791804
конь,114,85.44165322868422,ANIMAL,0.3204754,8.882643
шлягер,1,90.48258558,UNCATEGORIZED,5.500575,7.123075
ус,42,88.21052835785716,UNCATEGORIZED,-0.07008611,6.034186
циркуль,52,88.28768158711537,OBJECT_HOME,2.6271966,4.8861256
портки,3,92.40494815666666,UNCATEGORIZED,1.6822888,3.4196901
щука,32,82.7069005128125,UNCATEGORIZED,0.28717992,5.177519
пленка,6,88.96358448666668,UNCATEGORIZED,3.6501527,4.537322
гостиница,5,84.50741565999999,UNCATEGORIZED,4.18654,6.9160614
кейс,9,89.08708956111111,UNCATEGORIZED,2.519984,4.382466
штраф,8,89.86015274375,UNCATEGORIZED,7.303318,7.487312
морда,19,89.46968131263158,UNCATEGORIZED,3.84204,3.808986
ум,33,86.56737472999998,UNCATEGORIZED,8.912894,6.309234
реквизит,1,93.42307071,UNCATEGORIZED,6.2181406,5.6901584
форзац,12,90.03116652333331,UNCATEGORIZED,1.0544274,6.7074075
оттепель,8,94.23255407375001,UNCATEGORIZED,5.4505153,4.5614204
астрофизик,16,91.06281963,UNCATEGORIZED,2.9213872,10.328224
белиберда,12,88.9153981225,UNCATEGORIZED,6.6554785,5.66249
лобби,4,90.863270725,UNCATEGORIZED,5.7407503,8.075347
дурак,23,88.83293530130435,UNCATEGORIZED,0.7268753,9.6473675
конфетка,3,87.18640988333334,UNCATEGORIZED,1.6819693,7.9722514
грач,12,90.10518103666665,UNCATEGORIZED,0.07947984,7.970382
дача,34,87.3568348667647,UNCATEGORIZED,4.236122,6.590333
делатель,1,89.8109618,UNCATEGORIZED,2.2278705,9.642856
стирка,16,90.73026943312499,UNCATEGORIZED,6.6912274,4.8844113
капилляр,23,90.7211517273913,UNCATEGORIZED,5.2633567,3.05793
флирт,9,91.68594915111112,UNCATEGORIZED,8.246796,5.530136
прожилка,4,89.30189443500001,UNCATEGORIZED,4.1646996,2.3781657
алмаз,36,87.65807508138889,UNCATEGORIZED,4.230465,1.474161
опус,13,90.81570765692307,UNCATEGORIZED,5.772282,6.9761353
уравнение,28,87.20734133999997,UNCATEGORIZED,7.9377317,6.2091722
шрам,6,89.39833860666668,UNCATEGORIZED,4.7655053,4.0947466
очаг,5,88.49304068,UNCATEGORIZED,3.350831,4.7062287
глагол,129,88.85295717589148,ABSTRACT,6.1380515,5.3973207
газ,38,87.03999224236841,UNCATEGORIZED,4.578133,2.2752254
подшипник,20,88.95077942249999,UNCATEGORIZED,2.9105837,5.3145423
мразь,20,90.06338549300001,UNCATEGORIZED,0.660264,9.204399
магний,16,92.68257394625,UNCATEGORIZED,4.9565916,2.1596138
колос,21,89.44528609238094,UNCATEGORIZED,2.3865316,2.2246604
очки,97,86.39391215742269,OBJECT_HOME,1.8636441,3.6716383
пот,40,90.0211816125,UNCATEGORIZED,5.151596,4.0580907
дихотомия,20,86.673498567,UNCATEGORIZED,7.5832853,4.771928
носорог,37,87.44066710648647,UNCATEGORIZED,0.14136545,8.589388
кроссовок,40,89.76485063474999,UNCATEGORIZED,2.358719,3.5166497
петрушка,23,86.08875600173913,UNCATEGORIZED,2.330789,1.4240458
парашют,68,92.39923816279413,OBJECT_TECH,2.9331298,6.7192016
ясность,16,91.468323601875,UNCATEGORIZED,9.62988,4.9185414
слой,6,89.91071388333332,UNCATEGORIZED,3.643677,2.8340569
подвиг,11,92.08690665909093,UNCATEGORIZED,8.480126,6.602379
рододендрон,12,87.24594001833333,UNCATEGORIZED,1.8225287,2.1326246
эмиграция,13,90.33050290307693,UNCATEGORIZED,7.422319,5.419218
фюзеляж,21,95.41866351428571,UNCATEGORIZED,3.0061145,5.6071367
джаз,17,90.03159364882355,UNCATEGORIZED,4.977292,7.592541
телега,17,89.82457603058822,UNCATEGORIZED,3.2628126,7.835582
компания,5,89.18466577799998,UNCATEGORIZED,5.2721367,8.077291
сеть,25,92.344128826,UNCATEGORIZED,3.6873384,4.4181495
тюрьма,20,90.130824192,UNCATEGORIZED,4.4325323,6.578954
козявка,25,91.6367904044,UNCATEGORIZED,0.73603415,8.481728
хемуль,1,90.5152169,UNCATEGORIZED,0.5682164,7.049055
бутыль,8,89.332809115,UNCATEGORIZED,3.0524569,4.1493406
таксофон,1,90.5152169,UNCATEGORIZED,3.1570234,6.393924
бутан,7,90.20595319857144,UNCATEGORIZED,4.853202,2.2410228
гистология,10,89.25619705999999,UNCATEGORIZED,6.7946496,2.833003
пептид,11,83.5207934890909,UNCATEGORIZED,5.976716,2.5712595
саксофон,24,88.2406333375,UNCATEGORIZED,4.040414,7.8957186
фрезеровщик,5,87.525919872,UNCATEGORIZED,2.4100552,9.793664
шампунь,28,88.69649712,UNCATEGORIZED,3.7400026,2.6035783
стратосфера,49,89.76420180326531,NATURE,6.3172383,4.1046824
ковер,135,85.2076826905926,OBJECT_HOME,3.5459144,3.7490134
идиллия,4,89.9392403925,UNCATEGORIZED,6.4119163,6.2332397
мордва,1,87.62510328,UNCATEGORIZED,2.2503939,7.2419615
селезенка,39,88.94744756564103,UNCATEGORIZED,5.1544113,3.2713165
шлюпка,8,89.9655660275,UNCATEGORIZED,3.0640154,6.7683167
ублюдок,7,90.66443572428571,UNCATEGORIZED,0.9026247,9.643341
лестница,65,86.64774375723076,OBJECT_HOME,4.120113,6.0077953
король,37,88.26207823432432,UNCATEGORIZED,2.7460237,8.622209
память,41,89.20271535512194,UNCATEGORIZED,8.866405,6.6060743
тапка,86,90.53735428779069,OBJECT_HOME,2.9877732,3.7164454
флакон,6,91.79159244499999,UNCATEGORIZED,2.8099582,3.8811927
химикат,5,90.795127452,UNCATEGORIZED,4.7412667,2.4546354
гиена,11,90.75053904181819,UNCATEGORIZED,-0.0077043767,8.500515
идиот,68,92.70669135764706,ABSTRACT,0.7663667,9.661865
минута,33,84.99611389242426,UNCATEGORIZED,6.899249,6.3643785
позолота,4,81.3370028475,UNCATEGORIZED,4.9354024,3.8621645
темперамент,8,92.20404584875,UNCATEGORIZED,9.108273,5.813984
обращение,1,92.58587746,UNCATEGORIZED,7.949841,7.317821
иллюминация,14,88.640075795,UNCATEGORIZED,4.5925612,4.9888315
сабля,12,85.01073186416666,UNCATEGORIZED,2.0561187,4.4459977
кастелянша,1,80.24238636,UNCATEGORIZED,2.17769,7.708334
лемма,3,81.91997173,UNCATEGORIZED,0.8775843,6.4882345
детоксикация,1,80.24238636,UNCATEGORIZED,6.7867355,3.3647704
распутье,1,80.24238636,UNCATEGORIZED,1.9067594,8.9834
альтруист,3,90.67758643333333,UNCATEGORIZED,1.5431911,9.948846
эксплуатация,6,89.80699772999999,UNCATEGORIZED,7.3904114,5.34656
релевантность,6,87.09710133,UNCATEGORIZED,8.876319,4.3982124
пельмень,39,89.5073672674359,UNCATEGORIZED,3.0028985,2.4523826
расческа,29,85.36149754310345,UNCATEGORIZED,3.0296264,3.8737226
дворец,10,89.645895376,UNCATEGORIZED,4.2732835,6.5863676
туфля,38,87.95226530157893,UNCATEGORIZED,3.0388613,3.685887
спица,25,87.20740031,UNCATEGORIZED,3.1911547,4.071205
плеер,3,89.25609114000001,UNCATEGORIZED,3.0298045,5.914363
крапива,30,88.91991142266667,UNCATEGORIZED,1.9360005,1.9876456
квадроцикл,11,89.86920661545454,UNCATEGORIZED,3.1382375,7.2946234
континент,35,90.22884708571429,UNCATEGORIZED,4.7903337,6.3128057
мицелий,12,86.85172063666666,UNCATEGORIZED,1.5559359,5.844877
парабола,40,89.9691578215,UNCATEGORIZED,5.776124,4.5555553
антитеза,9,87.26433534444443,UNCATEGORIZED,7.231597,5.1132236
синхрония,3,93.22993702666666,UNCATEGORIZED,7.4996653,3.9175484
кинолог,10,86.765796741,UNCATEGORIZED,3.0538568,9.173612
кобель,11,71.68093500999998,UNCATEGORIZED,-0.09672995,8.731864
дедушка,16,72.51746568812499,UNCATEGORIZED,2.2346597,8.500562
панкреатит,12,87.03039709583332,UNCATEGORIZED,7.8567295,2.7261622
сплин,5,89.03711056,UNCATEGORIZED,8.270513,3.5347967
курва,3,88.75680872666665,UNCATEGORIZED,1.7709126,7.804998
реализм,35,95.64634901342858,UNCATEGORIZED,8.200445,4.3891907
австралопитек,13,90.34756662538462,UNCATEGORIZED,0.6120685,8.738779
сахароза,5,88.244183838,UNCATEGORIZED,5.205525,2.0920632
тюль,23,88.99024341130435,UNCATEGORIZED,4.0223503,3.2257533
грамматика,11,92.21228673818182,UNCATEGORIZED,6.7790713,5.0210276
бинго,9,90.42410475666667,UNCATEGORIZED,0.6143457,7.538974
азбука,20,88.98043444999999,UNCATEGORIZED,6.001679,6.2469554
дискография,30,96.80775492966664,UNCATEGORIZED,5.479399,5.5118294
дракон,57,88.33080577368422,ANIMAL,0.5649961,8.5868225
фокус,12,91.61834906,UNCATEGORIZED,5.9015117,6.621937
этанол,5,88.86855365199999,UNCATEGORIZED,4.6892,2.187357
выстрел,8,92.0355003825,UNCATEGORIZED,2.1969726,5.301436
паровоз,51,89.50993632156865,OBJECT_TECH,3.6294165,7.582756
молоток,71,86.2312910215493,OBJECT_HOME,2.2158267,4.7645583
пряжа,24,87.10892558958334,UNCATEGORIZED,3.4414127,3.8341339
алгебра,38,87.56797453973685,UNCATEGORIZED,6.821712,4.773368
комбинаторика,6,85.974641675,UNCATEGORIZED,6.5043654,3.5652273
умножение,15,88.14558953599999,UNCATEGORIZED,8.179371,6.2112265
электрон,56,89.21286266428571,SCIENCE,5.7741604,2.8321154
пещера,35,88.50820324057145,UNCATEGORIZED,4.430265,5.608496
канкан,4,90.95681426750001,UNCATEGORIZED,4.847656,7.6332726
привидение,9,89.04649331222222,UNCATEGORIZED,0.91030705,8.650932
врач,56,87.29607761910714,PERSON,2.9464672,9.812133
наушник,66,88.11682437681817,OBJECT_TECH,3.0181794,6.0474668
генезис,5,89.11608490399999,UNCATEGORIZED,7.1738214,4.857043
марихуана,10,92.56729933700001,UNCATEGORIZED,4.3679557,1.7954563
роман,33,87.66997151757575,UNCATEGORIZED,6.448234,7.113693
оскорбление,8,90.95911144499999,UNCATEGORIZED,8.788617,6.08102
тыква,29,87.73274909931035,UNCATEGORIZED,2.2428348,1.3419441
радиус,11,91.68930370909091,UNCATEGORIZED,5.884628,5.073637
зола,14,88.81139592928572,UNCATEGORIZED,4.0996213,3.2466297
подножие,2,96.492936055,UNCATEGORIZED,4.4434185,5.6295037
наблюдение,7,91.43498026142858,UNCATEGORIZED,7.479428,7.1420627
край,23,87.14435384826088,UNCATEGORIZED,3.8573313,5.404908
сервер,17,89.67947391000001,UNCATEGORIZED,3.1624095,6.3498354
душа,59,87.80253948508475,ABSTRACT,5.866328,5.122706
скраб,4,90.85572724,UNCATEGORIZED,3.9468768,2.553921
пожарник,3,94.76950086666666,UNCATEGORIZED,2.73865,9.449937
брюква,15,87.74092921066668,UNCATEGORIZED,2.3493788,1.2937003
шарик,31,82.8808883664516,UNCATEGORIZED,3.2282162,4.911284
кегля,13,92.38397989153847,UNCATEGORIZED,1.6611758,7.0675435
седина,4,90.154495675,UNCATEGORIZED,3.2001498,3.3134093
медицина,21,86.9896326247619,UNCATEGORIZED,7.0000157,4.666725
друг,55,85.89787617381818,PERSON,2.3481667,8.5143585
качели,32,87.46716540968751,UNCATEGORIZED,3.352598,7.426072
поп,16,86.901088394375,UNCATEGORIZED,2.383641,9.032329
помойка,12,88.87927591416667,UNCATEGORIZED,4.8959517,6.054942
мир,110,83.482011277,PLACE,7.5138216,6.882225
толк,32,95.05622554468749,UNCATEGORIZED,1.2234759,10.037575
эпидемия,9,91.56568403333333,UNCATEGORIZED,8.169288,2.7557414
кутикула,35,88.96846737657144,UNCATEGORIZED,4.2932076,2.8221915
авторитаризм,4,89.84571707250001,UNCATEGORIZED,8.273554,4.814653
неваляшка,12,86.905142465,UNCATEGORIZED,2.001086,6.6409874
эмпиризм,2,90.048230945,UNCATEGORIZED,8.207477,4.576928
метафора,46,88.85970569543478,UNCATEGORIZED,6.9645677,5.5674157
педант,1,97.20782503,UNCATEGORIZED,1.230041,9.907567
терция,16,89.11911695875,UNCATEGORIZED,1.0665047,6.21139
акробат,22,90.4767242109091,UNCATEGORIZED,2.4356625,9.417486
день,51,79.41304583647059,NATURE,7.3179345,8.134663
стоп,7,88.14130603571428,UNCATEGORIZED,8.0106945,7.8614736
ступень,10,87.698056815,UNCATEGORIZED,7.464382,6.590905
степь,23,90.55244279130434,UNCATEGORIZED,4.736479,5.516823
студент,13,86.58299655384614,UNCATEGORIZED,2.9884813,9.366853
студень,10,86.84307152100001,UNCATEGORIZED,3.1084368,1.8806995
стадия,2,84.072554935,UNCATEGORIZED,7.147461,6.3820324
тетрадь,91,85.64893885868133,OBJECT_HOME,6.0133615,7.171916
мадонна,2,91.87155462,UNCATEGORIZED,2.33892,7.871684
перпетуум,1,94.7789652,UNCATEGORIZED,4.7814856,2.6580772
аккредитив,1,94.7789652,UNCATEGORIZED,6.6645074,7.810443
мат,24,90.50837465541667,UNCATEGORIZED,6.0086956,5.9388323
махаон,3,89.87096671666666,UNCATEGORIZED,0.42823192,7.969633
резидент,2,92.143198085,UNCATEGORIZED,3.2294571,9.282342
гамбит,8,87.01188629125,UNCATEGORIZED,4.359288,8.30983
матрешка,19,87.43226812578946,UNCATEGORIZED,2.003578,7.2816215
шоколад,50,86.9418752784,FOOD,3.298216,1.8597924
столь,2,88.049457425,UNCATEGORIZED,8.122822,7.550212
девера,1,81.20170574,UNCATEGORIZED,0.8046255,6.93058
левера,1,81.20170574,UNCATEGORIZED,0.83666474,6.916995
простата,9,92.12118960333333,UNCATEGORIZED,5.322544,3.2375274
монетизация,5,81.479143576,UNCATEGORIZED,7.2853184,4.7335105
стадион,7,85.01339972285714,UNCATEGORIZED,4.2797337,7.5373116
анекдот,18,88.8156451561111,UNCATEGORIZED,6.816341,6.796964
банан,154,89.11446121220779,FOOD,2.2521012,1.5830746
кобура,4,86.503539015,UNCATEGORIZED,2.135382,4.14089
стринг,8,91.56295919875001,UNCATEGORIZED,2.4643614,4.420649
ковбой,9,88.50710162,UNCATEGORIZED,1.8176647,9.210935
мечта,64,85.9507757090625,ABSTRACT,7.788005,6.2752614
народ,8,86.90380346375,UNCATEGORIZED,5.5311413,8.171833
пух,25,87.6971840344,UNCATEGORIZED,4.5785007,3.4751537
мелиорация,8,90.5847601625,UNCATEGORIZED,6.9131513,4.227998
дериватив,7,90.56499245285714,UNCATEGORIZED,6.488532,3.575546
биде,6,95.56764646333333,UNCATEGORIZED,3.0769317,5.005477
колотушка,5,93.436183484,UNCATEGORIZED,3.116641,4.469662
мама,236,82.30441316169491,PERSON,2.2337947,8.130513
беременность,12,89.78359719333334,UNCATEGORIZED,7.7111926,3.326091
сосок,15,85.804330576,UNCATEGORIZED,4.680918,3.563213
коляска,20,88.6238525185,UNCATEGORIZED,3.3042405,7.8343763
варьете,2,90.82174872,UNCATEGORIZED,4.5518336,7.60345
носка,42,88.25744963738096,UNCATEGORIZED,2.5713136,3.6134863
табурет,47,85.26029719553192,OBJECT_HOME,2.8419218,4.6272745
водка,42,82.61368176404763,UNCATEGORIZED,3.6020613,1.8764592
тычинка,21,88.20468593285715,UNCATEGORIZED,3.4508965,4.3305755
мотороллер,1,86.72251881,UNCATEGORIZED,3.2192426,7.4613614
координация,9,90.88884529111112,UNCATEGORIZED,7.640947,4.9950686
талмуд,2,89.75395173999999,UNCATEGORIZED,6.1971307,6.8618627
наречие,38,90.60473635736842,UNCATEGORIZED,6.210193,5.8791213
крестовина,5,90.94590502600002,UNCATEGORIZED,3.246127,4.435083
витамин,26,89.57527633769232,UNCATEGORIZED,5.067798,2.070739
турникет,8,89.76751461875,UNCATEGORIZED,3.5163522,6.558078
талия,5,89.828307836,UNCATEGORIZED,3.853081,3.8362763
капор,7,89.67095575999998,UNCATEGORIZED,1.7923143,3.6300423
ревность,14,91.57851821285715,UNCATEGORIZED,9.62631,6.0417523
биополе,3,96.00650689999999,UNCATEGORIZED,6.4396453,4.046783
болячка,3,93.35461916666667,UNCATEGORIZED,5.006399,4.084615
подросток,5,94.261729756,UNCATEGORIZED,1.9442328,8.851893
распоряжение,4,95.88358325249999,UNCATEGORIZED,7.795855,7.596399
профессионал,2,93.528382015,UNCATEGORIZED,2.7104082,9.814574
презерватив,19,87.73321113157894,UNCATEGORIZED,1.857395,3.8046997
трепка,2,95.681748415,UNCATEGORIZED,6.3330336,5.2124834
мочка,11,91.15439041272727,UNCATEGORIZED,4.043511,3.5926394
интроверт,10,88.81791742,UNCATEGORIZED,1.3726393,10.007598
солома,15,88.61517646733333,UNCATEGORIZED,3.4953792,3.3258412
путник,3,92.02111996000001,UNCATEGORIZED,1.9130265,9.54274
ворс,9,88.77524869666667,UNCATEGORIZED,3.7418513,3.34522
вязание,26,89.9505891146154,UNCATEGORIZED,6.0595355,4.4509277
порка,10,90.94673512600001,UNCATEGORIZED,6.571977,5.4767947
фикус,23,88.77641300782608,UNCATEGORIZED,1.8560115,2.254241
забвение,22,89.53468798909093,UNCATEGORIZED,9.013928,6.2979236
облачность,8,90.51760996499999,UNCATEGORIZED,5.638147,4.57858
обрубок,2,87.713457335,UNCATEGORIZED,2.7825801,3.3207386
партер,8,88.7292303325,UNCATEGORIZED,4.03664,6.679421
портрет,29,91.53539927103448,UNCATEGORIZED,5.520332,5.896652
наперсток,9,88.59008474111111,UNCATEGORIZED,2.9208417,4.0568976
чихание,8,90.88113147625,UNCATEGORIZED,7.834631,3.0751605
ирбис,3,92.73547239666665,UNCATEGORIZED,0.3837126,8.202426
смелость,22,93.0435954490909,UNCATEGORIZED,9.809041,5.4468403
театр,50,88.97645963480001,PLACE,5.2658095,7.2919436
импульс,12,90.91251909083333,UNCATEGORIZED,5.343225,5.8840165
рукоделие,4,89.07425469750001,UNCATEGORIZED,6.163359,4.4609466
абракадабра,29,88.47884237689655,UNCATEGORIZED,6.656996,5.7056875
подгузник,30,88.526480666,UNCATEGORIZED,2.134002,3.8626597
губа,19,77.19418956421053,UNCATEGORIZED,4.0045567,3.8042977
жимолость,54,89.30796049370372,NATURE,1.781108,1.9132365
гантель,34,91.70866837,UNCATEGORIZED,2.361352,4.8707943
парик,17,88.6131456335294,UNCATEGORIZED,2.0326965,3.533176
пирс,8,88.58064512375,UNCATEGORIZED,-0.006368852,6.889561
фунтик,3,90.82340310666666,UNCATEGORIZED,0.45867214,8.060107
сигнал,11,90.68625482,UNCATEGORIZED,3.4452932,6.1083546
пульверизатор,17,89.18679341529412,UNCATEGORIZED,2.458538,5.1846347
фиаско,7,92.60446228857144,UNCATEGORIZED,7.842582,6.486113
альбедо,8,94.125940945,UNCATEGORIZED,8.467798,3.9702208
влажность,12,89.82101929166667,UNCATEGORIZED,5.937527,4.48202
одомашнивание,1,86.80545608,UNCATEGORIZED,7.119293,4.268506
сарделька,8,90.65292113999999,UNCATEGORIZED,3.1015072,3.2062163
ударение,7,92.09415202571428,UNCATEGORIZED,6.135472,5.737599
тромб,23,89.6294279047826,UNCATEGORIZED,7.6538625,2.7771459
па,10,93.04257129599999,UNCATEGORIZED,-0.28090364,5.8967905
протуберанец,22,89.6749366759091,UNCATEGORIZED,4.4366956,5.1138597
кратер,33,90.56504901484848,UNCATEGORIZED,4.5055666,5.178148
образ,17,89.15271636470588,UNCATEGORIZED,7.5487123,6.570586
скотоводство,2,85.96136955,UNCATEGORIZED,6.370703,4.491036
крахмал,9,75.81788800777778,UNCATEGORIZED,3.1137195,1.5591458
сводничество,1,92.51056053,UNCATEGORIZED,8.21028,5.362172
харизма,16,89.97757052875,UNCATEGORIZED,9.5948,5.195273
балл,9,88.84897230444446,UNCATEGORIZED,6.4183493,7.6816335
карикатура,11,86.99037011909091,UNCATEGORIZED,6.2603326,5.948725
контингент,5,93.45778238400001,UNCATEGORIZED,4.8554826,8.274051
челюсть,8,92.32171299000001,UNCATEGORIZED,4.0622334,3.8300078
гречка,24,87.550033065,UNCATEGORIZED,2.7305582,1.9300483
кровля,20,91.918871298,UNCATEGORIZED,3.874601,4.925444
калика,1,91.75874213,UNCATEGORIZED,1.7495731,9.186255
плазма,29,88.56903533172417,UNCATEGORIZED,5.4401984,3.4523602
пульсар,16,87.37973689625,UNCATEGORIZED,2.8006353,5.3951645
серость,13,88.30728022769232,UNCATEGORIZED,9.316254,4.6420984
трепет,4,94.4675865625,UNCATEGORIZED,9.574424,6.2554307
невероятность,1,91.75874213,UNCATEGORIZED,9.6463785,4.375089
фламинго,16,91.48640341,UNCATEGORIZED,-0.13644184,7.974276
замша,2,89.998138025,UNCATEGORIZED,3.8113017,3.2580254
четверть,4,85.551993585,UNCATEGORIZED,6.950192,8.163431
кодирование,1,97.3793328,UNCATEGORIZED,7.965805,5.8970547
кровь,94,88.19027674978723,BODY,4.9544816,3.8786306
контакт,10,90.92313878600001,UNCATEGORIZED,7.8420706,6.9372187
суфий,1,94.4218361,UNCATEGORIZED,2.0868716,9.538829
вомбат,58,96.07704843310344,ANIMAL,1.0496268,7.454358
зигота,14,91.74738881714288,UNCATEGORIZED,5.929156,3.1623173
туманность,37,87.74348835918919,UNCATEGORIZED,4.7949996,6.8207936
креативность,130,89.09134672323079,ABSTRACT,9.108104,4.81409
навигатор,7,91.41433319857143,UNCATEGORIZED,2.83528,6.094657
наставничество,3,90.96594603,UNCATEGORIZED,8.314207,5.457757
карамель,22,87.40920568363636,UNCATEGORIZED,3.4099834,2.309207
энтропия,57,89.56175818350876,SCIENCE,7.025227,4.5739093
кора,39,86.1604330546154,UNCATEGORIZED,1.982451,2.2715495
люверс,17,93.05882752470586,UNCATEGORIZED,8.681703,5.7200236
колика,5,91.275145302,UNCATEGORIZED,7.931873,2.6766746
фиалка,34,88.34899032529411,UNCATEGORIZED,1.6519307,2.0830345
пурист,4,97.3316208925,UNCATEGORIZED,5.865591,3.268608
метионин,1,50.12317503,UNCATEGORIZED,0.8469477,2.631024
лизин,2,68.599636045,UNCATEGORIZED,0.8352421,2.63314
триптофан,32,96.68783764093749,UNCATEGORIZED,0.8418499,2.6374655
фенилаланин,1,50.12317503,UNCATEGORIZED,0.8364765,2.6327612
глицин,3,75.56268127,UNCATEGORIZED,0.8352759,2.6362512
серин,1,50.12317503,UNCATEGORIZED,0.8807358,2.7007766
аргинин,2,69.77906946,UNCATEGORIZED,0.8346249,2.6323936
атлас,4,90.861640995,UNCATEGORIZED,4.132287,3.2635105
простофиля,4,86.0679073175,UNCATEGORIZED,0.67011184,9.808464
кровопийца,3,90.99216150000001,UNCATEGORIZED,1.1803281,9.498221
дым,43,88.06538956302326,UNCATEGORIZED,5.002629,4.31618
аккумулятор,27,90.01948062814816,UNCATEGORIZED,2.9645307,5.7129736
триллион,6,84.28001729166668,UNCATEGORIZED,4.237746,4.797722
параллелепипед,78,89.8574437873077,SCIENCE,5.172672,4.656103
сайт,19,87.93546256526315,UNCATEGORIZED,3.2718222,6.5060787
интерес,18,90.97520620944444,UNCATEGORIZED,9.370397,6.0974894
субъект,10,88.992125421,UNCATEGORIZED,7.841803,5.732672
отросток,1,88.65680412,UNCATEGORIZED,4.6658273,3.55555
пенис,49,82.81261943959184,BODY,4.7611055,3.577573
маргарит,4,92.72860356,UNCATEGORIZED,0.27900666,6.6700926
стеллаж,9,85.9707115288889,UNCATEGORIZED,2.8572433,4.702177
вальхалл,1,88.65680412,UNCATEGORIZED,4.178786,6.3105884
сват,5,91.8960881,UNCATEGORIZED,2.2453334,8.370315
каннибализм,6,85.98749751833334,UNCATEGORIZED,8.117327,5.074695
гусеница,22,87.26184986090908,UNCATEGORIZED,0.2882077,8.145755
банкетка,3,78.52367731000001,UNCATEGORIZED,3.406907,5.6458707
уговор,1,85.75481632,UNCATEGORIZED,7.0819664,7.671822
витрина,7,90.81159836999998,UNCATEGORIZED,4.3773365,6.76911
водопад,30,89.4174617636667,UNCATEGORIZED,4.971113,5.2280064
астероид,91,88.72807960945056,SCIENCE,3.274,7.016482
мишень,17,89.19073935941177,UNCATEGORIZED,2.127032,5.25081
формулировка,2,85.485378105,UNCATEGORIZED,7.1459284,5.907705
субконтинент,1,88.35220517,UNCATEGORIZED,3.945962,6.9062743
предшественник,2,93.944781065,UNCATEGORIZED,2.4054177,8.875469
баобаб,23,90.27477896,UNCATEGORIZED,1.7767848,2.1595824
гойд,5,84.94370833600001,UNCATEGORIZED,1.1243303,7.116853
сверхдержава,2,86.855346235,UNCATEGORIZED,5.533657,7.5910273
пиксель,22,88.35800968727273,UNCATEGORIZED,1.3121891,7.750907
клубника,30,80.63962479966666,UNCATEGORIZED,1.8450257,1.5713913
открытие,12,92.6565409025,UNCATEGORIZED,8.010729,7.0134053
слух,12,88.56926743666666,UNCATEGORIZED,8.856701,6.2877026
деньга,80,89.136902342125,ABSTRACT,4.2274384,4.503988
манта,9,91.19818286777777,UNCATEGORIZED,0.37498897,7.4827404
бант,23,89.45319705565215,UNCATEGORIZED,2.0237768,3.6793122
ренессанс,12,89.53871935000001,UNCATEGORIZED,7.906285,4.4782825
вербовка,7,90.39588127,UNCATEGORIZED,7.237293,5.5063004
вор,30,86.41235927999998,UNCATEGORIZED,1.5574323,9.775929
щавель,20,91.728294349,UNCATEGORIZED,2.221565,1.4607702
пикуль,2,92.13762487,UNCATEGORIZED,1.4338207,7.0622425
хаск,5,80.629963508,UNCATEGORIZED,1.04443,6.9742227
кирка,24,88.41671719874999,UNCATEGORIZED,0.5586291,6.347217
физраствор,3,91.86950294666667,UNCATEGORIZED,4.976439,2.3299315
перепонка,5,89.335440874,UNCATEGORIZED,4.319605,3.9263215
мания,11,90.14753096909091,UNCATEGORIZED,8.323903,3.3637388
лояльность,6,89.82626704166667,UNCATEGORIZED,9.408999,5.174805
пушистость,4,92.5683085125,UNCATEGORIZED,9.238842,4.2157693
пьедестал,8,87.56241114375001,UNCATEGORIZED,4.551302,6.219188
инсульт,6,92.06982968833334,UNCATEGORIZED,7.893029,3.0045848
тараканище,1,86.54260714,UNCATEGORIZED,1.0412548,7.9053116
прострация,5,88.844559284,UNCATEGORIZED,8.160292,3.3643844
небожитель,5,83.25967425600001,UNCATEGORIZED,1.4862162,9.450847
константа,9,90.15100884666667,UNCATEGORIZED,7.1947107,5.2328568
арфа,21,87.68783481238096,UNCATEGORIZED,4.005167,7.9067287
клин,15,89.55547399466668,UNCATEGORIZED,2.0597837,4.7623177
таро,5,91.44257864,UNCATEGORIZED,3.691022,5.0421457
карго,4,84.02895642250002,UNCATEGORIZED,1.4294363,7.021384
тираннозавр,13,90.90483674999999,UNCATEGORIZED,0.16902646,8.606243
трицепс,5,89.77629647,UNCATEGORIZED,4.393142,4.026558
катышек,5,88.803263464,UNCATEGORIZED,2.9590824,3.1334872
литосфера,3,92.48160279666666,UNCATEGORIZED,6.3487315,4.087889
свитер,32,86.452390573125,UNCATEGORIZED,1.6403267,3.5906243
гигант,11,89.41387010090908,UNCATEGORIZED,1.4871399,8.794282
бусина,8,88.80283152625,UNCATEGORIZED,3.7172225,4.2360907
остроумие,4,92.58047880749999,UNCATEGORIZED,9.494205,5.4589686
треножник,3,89.66776781,UNCATEGORIZED,3.0201094,4.874884
слот,5,88.56226124999999,UNCATEGORIZED,2.8507624,5.914951
восторг,37,88.65864813432434,UNCATEGORIZED,9.532823,6.2394133
зависть,55,92.41467961090908,EMOTION,9.586447,5.9534793
непотизм,5,91.62421626800001,UNCATEGORIZED,8.059439,5.0118957
ордината,3,90.42119483333333,UNCATEGORIZED,6.20572,4.4049153
патрон,17,89.41545109823531,UNCATEGORIZED,1.9462545,5.1542706
полип,4,87.2508414725,UNCATEGORIZED,5.45259,3.2475677
плуг,17,89.00430665117648,UNCATEGORIZED,2.2657049,4.708461
кружка,95,85.27172683694737,OBJECT_HOME,3.1691802,4.13164
дебил,10,87.5960441,UNCATEGORIZED,0.8672214,9.695255
зрение,22,89.84600204363637,UNCATEGORIZED,8.931043,6.320532
исток,8,89.14866859874999,UNCATEGORIZED,4.780186,5.6168556
фраза,11,91.39565093636365,UNCATEGORIZED,6.8973584,6.5327086
переулок,4,83.460447895,UNCATEGORIZED,4.290457,6.1361647
палладий,17,90.42148777764706,UNCATEGORIZED,4.8224845,2.3939278
скукота,1,84.34417279,UNCATEGORIZED,6.3619614,5.4642873
новостройка,3,86.70116480000002,UNCATEGORIZED,4.3609824,6.2147403
пасквиль,26,96.06631117423075,UNCATEGORIZED,6.3989363,6.701851
схоластика,7,91.2837867157143,UNCATEGORIZED,7.4002714,4.756605
ватт,3,93.22454657000002,UNCATEGORIZED,3.9219077,4.990019
автобан,2,81.90236781,UNCATEGORIZED,4.1674047,5.6967688
джинсы,29,87.78038239827586,UNCATEGORIZED,1.7169148,3.4492307
затмение,19,89.82384162157895,UNCATEGORIZED,7.2841625,7.996967
инфузория,53,89.91564117018868,ANIMAL,3.3581731,3.769641
георгин,4,85.4623947825,UNCATEGORIZED,1.7596232,2.127542
гортензия,16,90.131137333125,UNCATEGORIZED,0.36633134,6.736404
секвестр,5,97.192774308,UNCATEGORIZED,3.5953689,5.2749248
транзистор,27,87.51056870074072,UNCATEGORIZED,3.0167656,5.820937
украшение,10,89.82993800999999,UNCATEGORIZED,3.052366,3.6897337
безликость,28,98.31086255928571,UNCATEGORIZED,9.37975,4.3574886
момент,90,95.58907013255555,ABSTRACT,7.9699345,7.667389
свекровь,6,92.71208435999999,UNCATEGORIZED,2.3016448,8.122996
брезент,3,92.15298409333333,UNCATEGORIZED,2.5872629,4.2175207
бульдозер,15,87.63534532199999,UNCATEGORIZED,3.3586583,7.338381
корочка,6,85.177560225,UNCATEGORIZED,3.2902198,2.4809256
вибрисса,12,89.153305495,UNCATEGORIZED,3.8125205,3.3114262
бугенвиллей,2,88.33236690999999,UNCATEGORIZED,2.2329402,2.226032
лампадка,3,80.21098274999999,UNCATEGORIZED,3.2982547,4.661629
плесень,43,88.9309785523256,UNCATEGORIZED,5.1019783,3.6795661
мелатонина,5,88.690744322,UNCATEGORIZED,6.0476503,2.4576728
кретин,23,94.57183077565216,UNCATEGORIZED,0.765456,9.705944
филин,7,88.64948164142857,UNCATEGORIZED,-0.15253837,8.031021
перловка,7,77.89287188,UNCATEGORIZED,2.762313,1.9040619
обвязка,2,88.83228072,UNCATEGORIZED,4.1456676,4.4454846
блюдце,10,66.194719888,UNCATEGORIZED,3.1004825,4.0429378
суслик,35,90.00676049828571,UNCATEGORIZED,0.23771603,8.237469
королевич,1,90.66466931,UNCATEGORIZED,2.1017144,8.865575
максима,2,92.118453995,UNCATEGORIZED,1.1388925,6.1082287
безмен,3,93.75067552666667,UNCATEGORIZED,2.4183254,5.181123
карась,33,86.32304854939393,UNCATEGORIZED,0.21724547,5.150877
корпус,17,93.09264966294117,UNCATEGORIZED,4.8766375,8.379996
опережение,2,92.96847109000001,UNCATEGORIZED,7.6391425,6.0012345
брошь,11,91.84034067454546,UNCATEGORIZED,3.0113993,3.7859983
динозавр,70,87.78374124414285,ANIMAL,0.3459596,8.421395
леший,10,90.57067385799999,UNCATEGORIZED,1.4653242,8.932815
семечко,20,88.639938218,UNCATEGORIZED,2.4305053,2.325261
погремушка,14,89.57839524357144,UNCATEGORIZED,3.2971113,4.755463
валерьянка,6,90.47595877833334,UNCATEGORIZED,4.582529,1.7617223
сырость,9,89.56293472333333,UNCATEGORIZED,5.4030404,4.283522
рельс,32,88.15533622999999,UNCATEGORIZED,3.6642065,7.5649266
мироздание,15,89.18789224933333,UNCATEGORIZED,7.5097504,5.3660235
клетка,40,86.09975761125,UNCATEGORIZED,4.327575,3.760322
полоз,6,92.74755610166666,UNCATEGORIZED,0.6210193,8.063069
фаза,7,91.14478359428571,UNCATEGORIZED,6.9214916,6.4914184
гербарий,18,90.55556309499998,UNCATEGORIZED,4.4428935,6.9565015
капюшон,13,90.25645073,UNCATEGORIZED,1.8742551,3.7255106
древесина,12,86.29056314583333,UNCATEGORIZED,3.7569275,3.090961
ломбард,6,92.15173074500001,UNCATEGORIZED,4.2042904,7.1374335
кузов,4,89.14157719749998,UNCATEGORIZED,3.3904831,7.097719
пинакотека,2,89.90823187,UNCATEGORIZED,4.269586,3.7204974
гельминт,5,91.16497127599999,UNCATEGORIZED,6.6810975,2.5618908
топинамбур,11,87.17355425636363,UNCATEGORIZED,2.2894087,1.4309127
разрез,1,92.67814086,UNCATEGORIZED,4.7420573,4.186699
дворецкий,2,91.007142395,UNCATEGORIZED,2.939055,8.797864
каравай,6,91.65135668833334,UNCATEGORIZED,2.9741278,2.304179
формула,25,89.92482266799999,UNCATEGORIZED,7.1708593,5.8769364
коленвал,23,87.76303595304348,UNCATEGORIZED,2.7085588,5.344574
запонка,17,89.67588810529412,UNCATEGORIZED,3.047637,3.934378
круг,83,89.47688781108434,SCIENCE,5.2453966,4.907936
штанина,6,95.39031803833332,UNCATEGORIZED,3.7800276,3.8467925
трубадур,17,93.63619579058823,UNCATEGORIZED,1.9315513,9.020714
штангенциркуль,38,90.56410428947368,UNCATEGORIZED,2.5961192,5.0631843
хозяйство,12,95.51963474166666,UNCATEGORIZED,6.540902,6.2952924
теплопроводность,1,97.67025836,UNCATEGORIZED,8.685788,4.057759
комендант,3,91.65487522,UNCATEGORIZED,3.4205484,9.130416
апельсин,100,84.38815839360001,FOOD,2.1992054,1.60085
птица,93,82.06552642666666,ANIMAL,-0.18519352,8.062623
плот,12,88.12103711083331,UNCATEGORIZED,3.0287538,6.755537
рампа,3,93.40113520999999,UNCATEGORIZED,3.6177053,4.5795975
бриолин,4,91.1937342725,UNCATEGORIZED,3.9443376,3.3653734
сыроежка,4,63.404398005000004,UNCATEGORIZED,1.4572592,6.1341453
такси,9,90.03164669555557,UNCATEGORIZED,3.6429095,7.5872602
волна,63,86.94806837333334,SCIENCE,5.1752667,4.7647905
глобус,47,85.99533463659574,ART_CULTURE,3.2872758,5.026917
гонорея,9,88.21637703444443,UNCATEGORIZED,7.6894903,2.5081651
литургия,16,90.0014546875,UNCATEGORIZED,7.419426,6.987799
дружочек,1,91.33211969,UNCATEGORIZED,1.6103232,8.057005
хорс,1,91.33211969,UNCATEGORIZED,0.93691427,7.592271
топоним,2,86.33702356,UNCATEGORIZED,6.512224,4.7983446
перхоть,13,90.8409411153846,UNCATEGORIZED,7.9369483,2.6336687
пашня,5,89.78345404000001,UNCATEGORIZED,4.9372606,5.3906384
гольф,5,92.42645731,UNCATEGORIZED,4.26155,8.308243
оружие,20,84.87263314650001,UNCATEGORIZED,1.8598045,5.011909
кудри,30,95.79279218799999,UNCATEGORIZED,2.9269388,3.2733393
разведчик,1,93.27262731,UNCATEGORIZED,3.0970163,9.071978
хиромантия,10,90.872328254,UNCATEGORIZED,6.955212,4.5891623
чревоугодие,9,84.22239707,UNCATEGORIZED,9.015421,5.5617113
пролив,4,94.3255135875,UNCATEGORIZED,4.563279,6.068853
эго,10,92.302929237,UNCATEGORIZED,8.588569,5.8232136
панель,7,85.82629519714285,UNCATEGORIZED,3.1224966,5.789696
радар,3,84.58479169666667,UNCATEGORIZED,2.792401,5.934914
раскопка,5,92.960961594,UNCATEGORIZED,4.674095,6.5841703
ебль,4,71.65958058000001,UNCATEGORIZED,6.5354586,3.280867
человечек,1,85.75482364,UNCATEGORIZED,1.7317088,8.903275
теплица,12,92.73854955,UNCATEGORIZED,4.02033,6.2285185
гнозис,2,87.852383895,UNCATEGORIZED,7.852879,4.6738358
органайзер,8,88.52045585625,UNCATEGORIZED,2.7285736,6.095294
выскочка,13,87.92750594538462,UNCATEGORIZED,1.1995157,9.676535
зазноба,9,82.96539954777778,UNCATEGORIZED,2.2482872,7.6568236
шляпа,51,87.52446671549022,OBJECT_HOME,1.8231549,3.4937468
мужчина,16,82.426513433125,UNCATEGORIZED,2.0636117,8.769315
ствол,31,80.6118632480645,UNCATEGORIZED,1.9123751,5.0993633
оспа,2,86.78313723,UNCATEGORIZED,7.945307,2.4589767
кондор,3,92.22788950666666,UNCATEGORIZED,0.0034191697,8.045041
зацепка,7,92.78267650571429,UNCATEGORIZED,6.3937454,5.9192624
огурчик,1,92.15837137,UNCATEGORIZED,2.6406758,1.8496635
индекс,6,89.53889838833332,UNCATEGORIZED,7.3957586,6.4828377
мячик,13,84.4030803176923,UNCATEGORIZED,3.9896188,8.300837
заезд,7,88.72394928285715,UNCATEGORIZED,5.452857,7.0206265
голова,69,79.00025461536234,BODY,3.9192214,3.8252032
куб,33,88.56008192787878,UNCATEGORIZED,5.149981,4.6092434
ворона,30,85.67591869333334,UNCATEGORIZED,-0.16872717,8.106437
тяпка,6,86.35289360333333,UNCATEGORIZED,2.5398269,4.5948243
конверт,13,90.09287437461538,UNCATEGORIZED,6.2730165,7.438887
ненависть,38,89.60594105421053,UNCATEGORIZED,9.600999,6.03465
акциз,12,90.000270885,UNCATEGORIZED,6.9177575,7.5074954
площадь,21,88.51970660285714,UNCATEGORIZED,4.2884636,6.162027
птенец,2,92.625951875,UNCATEGORIZED,-0.03455405,8.12323
автомойка,3,91.69514096,UNCATEGORIZED,3.418583,5.7565913
зонт,56,87.18070544357143,OBJECT_HOME,2.1439254,4.0733776
туалет,66,87.76139719772726,PLACE,3.7835975,6.25387
виноград,22,88.97895346181818,UNCATEGORIZED,2.0742638,1.6727062
преломление,7,91.48762749285716,UNCATEGORIZED,7.3827157,4.318607
морковка,20,85.203540846,UNCATEGORIZED,2.4441178,1.3539277
кисель,22,88.20497633272726,UNCATEGORIZED,3.2183003,1.8332704
киборг,17,92.2819171864706,UNCATEGORIZED,1.3949938,8.6554
песо,1,96.88796836,UNCATEGORIZED,4.2756615,4.388078
греча,3,91.97033145666667,UNCATEGORIZED,2.5008578,1.9435658
феномен,16,89.41880036687502,UNCATEGORIZED,7.7200103,6.8857923
василек,20,86.85352071049999,UNCATEGORIZED,1.7792032,2.0347009
мизантроп,8,91.22257747875,UNCATEGORIZED,1.2778099,9.991974
попрыгунчик,2,86.352299935,UNCATEGORIZED,0.7351263,7.8323708
машинопись,3,89.50727499333334,UNCATEGORIZED,6.3148055,7.4373693
стресс,7,91.26769053,UNCATEGORIZED,8.386224,3.8885598
прикосновение,5,91.14445234,UNCATEGORIZED,8.016578,6.368004
водоворот,9,90.91399733777777,UNCATEGORIZED,5.1406465,5.296178
сплетник,1,91.08223821,UNCATEGORIZED,1.2643642,9.788557
абстракция,117,89.27827501735042,ABSTRACT,7.283921,5.334306
береста,18,88.71338128166667,UNCATEGORIZED,3.470748,3.388232
кадило,5,91.194715432,UNCATEGORIZED,2.3663235,4.0257134
катализатор,8,91.74469035999999,UNCATEGORIZED,4.7755275,2.2750838
забор,72,86.09807307597222,OBJECT_HOME,4.1750665,5.7785096
камера,34,86.57943338941178,UNCATEGORIZED,3.2293947,5.5472198
плитка,34,85.67462369058822,UNCATEGORIZED,3.8906085,3.933899
ива,7,88.92542977857143,UNCATEGORIZED,1.629536,2.09963
сова,39,87.28367389999998,UNCATEGORIZED,-0.17580612,8.047878
тик,12,90.78550215333333,UNCATEGORIZED,8.16721,3.259874
энергия,17,89.28998286058824,UNCATEGORIZED,7.836836,5.474537
тень,38,85.93124786078947,UNCATEGORIZED,4.9267826,4.965359
капитан,13,90.66005688615384,UNCATEGORIZED,3.4578125,9.078464
колтун,6,88.50496771666667,UNCATEGORIZED,2.699799,3.2993903
забегаловка,2,94.13291812,UNCATEGORIZED,4.3384376,6.7238846
штырь,5,90.89569021400001,UNCATEGORIZED,2.082206,4.7572007
козел,29,84.95287955103447,UNCATEGORIZED,0.37663162,9.153251
ирония,8,89.17509046375,UNCATEGORIZED,9.194153,6.0448546
реальность,16,87.92969060375,UNCATEGORIZED,8.09106,6.0024357
ватрушка,17,90.49144646058824,UNCATEGORIZED,3.2458236,2.8937244
эсхатология,3,89.35938661666667,UNCATEGORIZED,7.1537337,4.7105665
полиморфизм,12,87.96650353749999,UNCATEGORIZED,7.640625,4.1277885
чувак,2,91.7601008,UNCATEGORIZED,1.7021168,8.682474
троп,7,88.52001125714287,UNCATEGORIZED,4.6409597,5.7064524
ноутбук,55,84.62887468181816,OBJECT_TECH,3.015276,6.0495877
яранга,3,85.39148102666667,UNCATEGORIZED,4.1092196,6.6296725
спектр,11,87.88167410818181,UNCATEGORIZED,7.150213,6.130153
планида,6,87.87658936333332,UNCATEGORIZED,6.2359266,5.491741
критицизм,1,76.53636384,UNCATEGORIZED,8.235303,4.568568
лапка,10,84.719913376,UNCATEGORIZED,3.6079807,3.74904
бурсит,1,76.53636384,UNCATEGORIZED,7.8378134,2.5753794
воскобойник,1,76.53636384,UNCATEGORIZED,0.9272426,7.0366845
стеклопакет,3,82.76331066333334,UNCATEGORIZED,2.6679604,5.450461
ригидность,8,88.4463752375,UNCATEGORIZED,8.69983,3.934158
сервитут,2,93.48904458499999,UNCATEGORIZED,4.037538,9.398966
флигель,5,88.68216362599999,UNCATEGORIZED,3.9771967,6.6074862
нашествие,5,90.17549371599999,UNCATEGORIZED,8.06491,6.4990606
гимн,12,92.27079413,UNCATEGORIZED,5.7013464,6.9783387
пруд,7,78.69235769285714,UNCATEGORIZED,4.4221644,5.732508
мыслитель,6,88.91576946666667,UNCATEGORIZED,2.768703,10.132641
рама,19,86.03443644947367,UNCATEGORIZED,3.6328216,4.704517
обида,16,91.01275082625,UNCATEGORIZED,9.634745,6.044314
трон,24,88.5693484575,UNCATEGORIZED,2.733004,8.586492
реле,8,90.87730285500001,UNCATEGORIZED,2.9423883,5.621929
транквилизатор,25,88.78019532519998,UNCATEGORIZED,4.5648546,1.7636251
амеба,53,88.19695318886792,ANIMAL,4.964538,3.3582852
эллипсоид,3,89.05572432666668,UNCATEGORIZED,5.2853513,4.6259966
флип,3,93.21471775333333,UNCATEGORIZED,0.48948097,6.8834624
дедлайн,7,90.02977880142855,UNCATEGORIZED,6.1750393,4.738251
веник,30,85.62931070733333,UNCATEGORIZED,2.6793647,4.2844343
пепперони,3,91.03751921666667,UNCATEGORIZED,3.0313947,1.8307648
температура,25,87.96647873160002,UNCATEGORIZED,5.8727603,4.510756
хвост,39,82.71844015102566,UNCATEGORIZED,3.0145195,3.4820378
свирель,7,88.14029832999998,UNCATEGORIZED,3.988067,7.904512
дредноут,7,82.70422986714287,UNCATEGORIZED,3.0580833,7.2236986
фолликул,19,89.80254295263158,UNCATEGORIZED,5.682802,2.9811752
инфляция,43,91.61606555441861,UNCATEGORIZED,7.6143227,5.1013284
логарифм,35,90.16320838971428,UNCATEGORIZED,5.8674994,4.05801
жужелица,14,89.9379102285714,UNCATEGORIZED,2.0995238,6.9865236
дром,1,91.59908397,UNCATEGORIZED,0.73527646,7.153565
забота,25,87.6911281332,UNCATEGORIZED,9.0819845,5.8577194
гипс,7,90.81563070428571,UNCATEGORIZED,3.7693837,2.9020677
фара,9,88.31863257888888,UNCATEGORIZED,3.713494,4.0929513
сердцевина,2,86.667035065,UNCATEGORIZED,4.230144,3.3676937
шпатель,13,89.07502620923077,UNCATEGORIZED,2.3796637,4.6829906
колыбель,11,88.92265979818181,UNCATEGORIZED,4.005222,5.787358
волкодав,6,86.38645076333334,UNCATEGORIZED,-0.21084857,8.800932
тюлень,22,89.33696192954545,UNCATEGORIZED,0.0713205,8.233223
экзистенциализм,43,89.53504619488372,UNCATEGORIZED,8.034588,4.514451
чтение,8,90.61693345,UNCATEGORIZED,7.848821,6.852823
желание,39,90.95956088461539,UNCATEGORIZED,9.337537,6.181269
навал,1,87.88499821,UNCATEGORIZED,1.1899613,7.3103895
характеристика,4,87.52515894000001,UNCATEGORIZED,7.0872602,5.9120545
оркестровка,1,87.88499821,UNCATEGORIZED,5.8714247,5.0547123
ментол,2,91.11680216,UNCATEGORIZED,4.3959475,2.1213515
инвалид,10,88.91048214,UNCATEGORIZED,1.7694228,9.508434
сводка,1,85.58077128,UNCATEGORIZED,6.4842014,7.278082
окунь,20,83.733326473,UNCATEGORIZED,0.23740995,5.125209
гидроизоляция,7,86.97622656714286,UNCATEGORIZED,4.3877196,4.0169444
ниша,8,88.5699962125,UNCATEGORIZED,4.452755,5.523721
зрачок,21,85.16443249904762,UNCATEGORIZED,4.565863,3.6499157
тремор,14,91.27744437785712,UNCATEGORIZED,8.173258,3.2345173
рэп,3,85.9441795,UNCATEGORIZED,4.8693676,7.5706296
эпикурейство,3,86.11008048000001,UNCATEGORIZED,8.155554,4.4423623
углевод,4,90.234243205,UNCATEGORIZED,5.301473,2.1922896
антилопа,17,89.18569773470587,UNCATEGORIZED,0.044953674,8.497707
пенальти,20,86.34056368099999,UNCATEGORIZED,3.7859309,8.671663
вещь,21,83.19419485380952,UNCATEGORIZED,7.457169,6.5935946
панорама,4,92.5460941325,UNCATEGORIZED,5.1354084,5.4186172
вонь,20,88.555517119,UNCATEGORIZED,5.252221,3.9250302
аппарат,22,89.54100857727273,UNCATEGORIZED,3.0319479,5.8654037
стагнация,16,88.28127183125,UNCATEGORIZED,7.554522,5.1330137
адреналин,19,90.54885013105265,UNCATEGORIZED,5.827475,2.384515
торс,8,88.89736804875,UNCATEGORIZED,3.9996936,3.776331
эмболия,8,88.5800583025,UNCATEGORIZED,7.71562,2.9273894
либерал,5,89.44236616999999,UNCATEGORIZED,2.2260103,10.247551
курдюк,17,90.11128168058823,UNCATEGORIZED,3.7687538,2.555371
биотехнология,2,90.556854515,UNCATEGORIZED,6.882551,4.4489803
висюлька,2,83.6153501,UNCATEGORIZED,4.852014,3.5535083
периметр,12,91.85321590333335,UNCATEGORIZED,4.43307,5.770186
коллизия,8,90.46940424249999,UNCATEGORIZED,6.870382,6.180556
пурген,3,86.76219849333334,UNCATEGORIZED,1.6383619,6.6889105
забастовка,4,92.09272968750001,UNCATEGORIZED,7.055045,5.5844374
белила,7,89.9569671342857,UNCATEGORIZED,3.9202454,2.9748337
кап,7,89.75586561285714,UNCATEGORIZED,4.153054,4.261512
кепи,2,90.86627815,UNCATEGORIZED,1.7551998,3.5588384
тренд,12,90.15377719999998,UNCATEGORIZED,7.0521593,6.1461515
индюк,13,85.04147071538462,UNCATEGORIZED,-0.11154742,8.20668
вафля,33,88.6899355160606,UNCATEGORIZED,1.4361736,7.0369864
сель,3,90.10074716333334,UNCATEGORIZED,0.9263477,6.817123
ананас,60,87.77873204149999,FOOD,2.134976,1.6022983
приветствие,12,88.55864534,UNCATEGORIZED,7.9195423,7.230223
маятник,12,90.40878522583331,UNCATEGORIZED,2.7100003,5.762413
массив,5,88.973203512,UNCATEGORIZED,4.316859,5.7056437
взаимодействие,2,92.74044768,UNCATEGORIZED,8.223892,6.4573956
терпение,13,91.02862613230769,UNCATEGORIZED,9.808021,5.585658
алюминий,22,89.02598192545456,UNCATEGORIZED,4.5704474,2.5161633
карьера,8,87.93127772999999,UNCATEGORIZED,8.097814,6.566896
ведьма,15,87.164827258,UNCATEGORIZED,2.020589,8.173569
процент,13,91.63036707538461,UNCATEGORIZED,7.1109858,7.5634007
ловелас,6,90.98774479500001,UNCATEGORIZED,1.4372855,9.927933
борщ,44,87.13149304090909,UNCATEGORIZED,3.1157184,1.8924314
отвертка,54,87.9897365701852,OBJECT_HOME,2.433401,4.7409573
будда,22,92.17280664818182,UNCATEGORIZED,2.108847,9.350606
оценка,10,88.42504538900002,UNCATEGORIZED,7.129031,6.0113726
пирожок,25,89.99558002760001,UNCATEGORIZED,3.0080876,2.3013155
пение,15,92.19198801399999,UNCATEGORIZED,5.651495,6.8289146
слякоть,12,89.98793641333333,UNCATEGORIZED,5.3808427,4.5247912
крепость,16,88.79640455687499,UNCATEGORIZED,4.3507,6.4066234
финт,7,94.4743829957143,UNCATEGORIZED,5.6284256,6.329727
бессонница,15,90.43414952599998,UNCATEGORIZED,8.392345,3.385705
мотылек,5,91.34744593599999,UNCATEGORIZED,0.11079634,7.9792047
мученик,8,93.72246949625,UNCATEGORIZED,2.1563785,9.647317
экономика,44,89.5408614009091,UNCATEGORIZED,7.143002,5.696808
обучение,5,86.82511006600001,UNCATEGORIZED,7.7412043,6.8972464
проект,15,92.45349877933333,UNCATEGORIZED,6.9681153,6.97665
истерия,4,87.00843015500001,UNCATEGORIZED,8.288826,3.3243608
чин,2,91.40078853,UNCATEGORIZED,6.9969583,7.623902
табу,4,91.2744457275,UNCATEGORIZED,7.861656,5.749509
вечность,37,89.42491351540542,UNCATEGORIZED,6.843022,5.9566464
танец,55,88.64708935727273,ART_CULTURE,5.058713,7.4929223
гидропоника,2,88.50205424,UNCATEGORIZED,3.3400657,5.8412976
словообразование,4,85.5124988675,UNCATEGORIZED,6.771235,4.7173758
олимпиада,15,89.28773093866667,UNCATEGORIZED,2.304677,8.044064
кладезь,14,88.45638746642855,UNCATEGORIZED,4.771793,6.4193044
уробороса,6,86.52197773666666,UNCATEGORIZED,1.6529706,7.0752625
лабильность,23,89.3608280252174,UNCATEGORIZED,8.88808,4.1327934
помор,1,82.49036873,UNCATEGORIZED,1.847886,9.201392
голубь,24,87.74538776833333,UNCATEGORIZED,-0.20745338,8.06312
уважение,8,87.78944193000001,UNCATEGORIZED,9.513089,6.2441363
церковь,55,88.7809120132727,PLACE,4.622513,6.56513
алкоголик,4,87.46642338000001,UNCATEGORIZED,1.2502269,9.862258
анафема,28,90.1865703614286,UNCATEGORIZED,7.1398015,7.0600853
галоша,8,89.56371839125,UNCATEGORIZED,2.8481927,4.425822
крейсер,6,90.64098941833333,UNCATEGORIZED,3.0632963,7.2138453
санация,3,87.62396541666665,UNCATEGORIZED,6.6944714,3.8879006
воз,6,91.93848733333334,UNCATEGORIZED,3.161054,7.5683875
леска,12,90.579780485,UNCATEGORIZED,0.86243325,5.0110335
водоканал,5,90.311651236,UNCATEGORIZED,3.3836777,5.9450912
журавль,15,87.53018898799999,UNCATEGORIZED,-0.13762328,8.025748
пиво,64,85.75739811421874,FOOD,3.6569295,1.7199633
батрак,4,91.9697565525,UNCATEGORIZED,2.5226688,9.704546
слюда,8,90.11998632375,UNCATEGORIZED,4.262171,2.4352782
дрозд,12,90.58762650166665,UNCATEGORIZED,-0.029105043,7.907415
балаклава,8,92.74021758375,UNCATEGORIZED,1.3122596,6.532402
штурвал,6,88.49613559333334,UNCATEGORIZED,2.811204,5.8199363
сероводород,7,88.69738613142856,UNCATEGORIZED,4.8478174,2.169969
акция,16,90.918640763125,UNCATEGORIZED,7.2526064,6.331855
филология,7,90.68046542428571,UNCATEGORIZED,6.9129915,4.8388124
аневризма,8,92.52961149625,UNCATEGORIZED,7.7582884,2.8283129
круассан,19,88.8368662831579,UNCATEGORIZED,3.004424,2.3161092
прорубь,9,91.41944907222222,UNCATEGORIZED,4.24885,5.23378
клест,15,94.49015257933335,UNCATEGORIZED,0.54981863,7.82601
бумага,101,84.89760066930691,OBJECT_HOME,6.034112,7.0672674
сущность,53,87.8876402935849,ABSTRACT,7.960473,5.834251
океан,202,87.87604541777229,PLACE,4.773113,6.097593
резерв,1,90.29946289,UNCATEGORIZED,4.9048915,8.237926
мучение,3,91.50049684,UNCATEGORIZED,9.007822,6.03986
доллар,11,90.92532721090909,UNCATEGORIZED,4.3132906,4.3942223
вино,72,87.2245728598611,FOOD,3.6524615,1.7178335
кадет,5,92.463021468,UNCATEGORIZED,3.287802,9.130715
лак,32,86.217708018125,UNCATEGORIZED,3.743858,2.9658003
жбан,5,86.584560122,UNCATEGORIZED,2.7804728,4.187972
тип,5,89.89361224199999,UNCATEGORIZED,7.616085,6.594266
вишня,28,82.62032384857143,UNCATEGORIZED,1.7992663,1.6150025
фрукт,29,81.3714411362069,UNCATEGORIZED,2.1969032,1.6668808
дымка,6,90.42221239166666,UNCATEGORIZED,5.077246,4.6034055
прошлое,8,88.71355920874998,UNCATEGORIZED,8.63367,6.758837
ботвинья,2,95.54611165,UNCATEGORIZED,3.1521409,2.2120612
дроссель,3,90.97106937666666,UNCATEGORIZED,2.8643713,5.699544
императив,7,89.49313096428571,UNCATEGORIZED,8.244753,4.8245087
ассоциация,21,89.90868784380952,UNCATEGORIZED,5.4962745,7.9277086
пирог,72,86.60976769736111,FOOD,3.1205578,2.0555015
почта,19,89.90641541736842,UNCATEGORIZED,5.345743,7.3182774
паникадило,4,87.651556285,UNCATEGORIZED,2.3980165,4.1019683
вал,13,90.12568817461539,UNCATEGORIZED,4.53227,5.5074873
транспортир,12,90.5347734775,UNCATEGORIZED,2.687883,4.918844
сноуборд,19,84.59097571263159,UNCATEGORIZED,2.6412401,5.9242573
шлиц,2,88.25435832,UNCATEGORIZED,2.2012084,5.817787
мор,15,88.98877108266667,UNCATEGORIZED,1.9620725,8.890895
тор,11,90.3931030209091,UNCATEGORIZED,0.11324759,6.605283
бор,13,87.69783985000001,UNCATEGORIZED,3.3237987,2.8789856
производство,14,91.32432938714285,UNCATEGORIZED,6.848048,6.707674
прыть,13,92.85597953538462,UNCATEGORIZED,9.793113,5.2099814
значение,6,89.61776943833333,UNCATEGORIZED,8.1647215,6.7732706
финансы,8,89.71896852875,UNCATEGORIZED,6.7918305,6.1283436
треугольник,57,88.64001446666667,SCIENCE,5.1568832,4.712364
мурашки,4,90.67152996499999,UNCATEGORIZED,5.7117467,4.3615985
ультрамарин,10,89.26738897499999,UNCATEGORIZED,4.59708,2.6350908
выпь,9,87.72995584888889,UNCATEGORIZED,-0.033750325,7.8311205
автомат,33,88.41594887030303,UNCATEGORIZED,1.870141,5.1613827
охра,13,87.61567475,UNCATEGORIZED,4.564927,2.6432405
еж,45,86.91157427533334,UNCATEGORIZED,0.17366111,8.267315
ткань,28,83.60898497964286,UNCATEGORIZED,3.9214396,3.4943507
фабрика,13,89.10471768153845,UNCATEGORIZED,4.6327806,7.02522
фонендоскоп,10,92.350754613,UNCATEGORIZED,2.4673207,5.189513
осознание,4,89.8580150825,UNCATEGORIZED,8.7017,6.4879355
настой,1,87.3599992,UNCATEGORIZED,4.046621,1.9059582
пылинка,2,86.743892935,UNCATEGORIZED,3.959537,4.325648
способ,7,90.92457568285715,UNCATEGORIZED,7.5992293,7.0585356
человейник,1,96.02120089,UNCATEGORIZED,8.411368,4.421727
репетиция,9,91.06847166888889,UNCATEGORIZED,6.677612,6.451396
ихтиология,2,97.107451215,UNCATEGORIZED,6.8070836,2.8227
солнышко,6,81.04801884833334,UNCATEGORIZED,4.893331,4.6767573
периодика,6,87.46004482333335,UNCATEGORIZED,6.6687527,4.9479847
параллель,19,91.99074344473684,UNCATEGORIZED,7.5072446,5.766668
идиотизм,4,92.8704263925,UNCATEGORIZED,7.563622,5.7189007
перфект,5,93.954557532,UNCATEGORIZED,1.1586351,6.743718
род,13,89.0861762346154,UNCATEGORIZED,2.5454693,8.688151
синтез,12,90.2600673125,UNCATEGORIZED,7.9912663,6.206532
кортизола,24,93.92144905416667,UNCATEGORIZED,6.0779886,2.4351768
сияние,51,91.99322253764706,NATURE,4.8673286,4.7134943
гребешок,3,89.51570250666667,UNCATEGORIZED,0.13474166,7.814237
настурция,9,89.74904103222222,UNCATEGORIZED,1.6450095,2.2007813
пупс,20,88.61921259850001,UNCATEGORIZED,0.6378881,8.00354
простота,8,89.74874127000001,UNCATEGORIZED,9.50278,4.9780493
отличник,5,90.376879516,UNCATEGORIZED,2.147993,9.09917
легкое,16,85.7567355325,UNCATEGORIZED,8.068693,5.8879843
пальма,45,86.02103583088889,UNCATEGORIZED,1.6553594,2.0951052
ванна,34,84.0843320214706,UNCATEGORIZED,3.8940268,5.9884763
дислексия,9,90.09483397222223,UNCATEGORIZED,8.069073,3.3748872
отвращение,12,92.84947468166668,UNCATEGORIZED,9.57833,6.2191124
относительность,10,92.94556014,UNCATEGORIZED,9.341211,4.5064316
рис,30,82.60079697333335,UNCATEGORIZED,6.69832,5.7589903
коммуна,5,91.947355414,UNCATEGORIZED,5.3833404,7.7311416
прощание,3,94.90729948666667,UNCATEGORIZED,7.8608594,7.101245
маки,1,93.43242742,UNCATEGORIZED,1.7905369,2.1094642
фэнтези,4,87.84532064000001,UNCATEGORIZED,6.4987655,5.986349
сума,3,90.35853188333333,UNCATEGORIZED,2.7028344,4.02559
киоск,13,88.11238325999999,UNCATEGORIZED,4.169064,7.0627193
мель,5,91.782049104,UNCATEGORIZED,3.234342,6.7686577
лопасть,29,88.25068536586205,UNCATEGORIZED,2.7967002,5.6714225
миг,11,92.46431743181819,UNCATEGORIZED,5.3688364,5.1112323
сын,61,82.03897585245903,PERSON,2.428495,8.607172
сосуд,15,90.93606775866668,UNCATEGORIZED,2.9137988,4.171577
шимпанзе,10,92.75628710800001,UNCATEGORIZED,0.2152468,8.570391
веселие,25,88.38587365000001,UNCATEGORIZED,9.100124,6.196441
прерогатива,3,89.72220945333333,UNCATEGORIZED,8.43086,5.9255157
осязание,10,91.85766875300001,UNCATEGORIZED,8.967437,6.2320094
мерцание,15,89.91385154733332,UNCATEGORIZED,4.958234,4.6578603
синусоида,24,89.79162094083334,UNCATEGORIZED,6.394464,4.369879
дыхание,10,92.75593899,UNCATEGORIZED,5.825132,5.2504425
берлога,9,86.34296580777779,UNCATEGORIZED,4.2330112,6.5352216
корюшка,4,85.29993145,UNCATEGORIZED,0.29247144,5.199701
торшер,19,85.96266672631579,UNCATEGORIZED,3.0852818,4.9440293
предопределенность,2,82.930090045,UNCATEGORIZED,8.90604,4.6279483
дейтерий,3,86.8793552,UNCATEGORIZED,4.905601,2.2921925
дуализм,12,87.20721012166666,UNCATEGORIZED,8.287959,4.679595
бейсбол,10,90.30733357700001,UNCATEGORIZED,4.255567,8.334653
коготь,35,85.819878672,UNCATEGORIZED,2.056223,4.7418637
колодезь,2,89.3845671,UNCATEGORIZED,4.2331524,5.729649
слизняк,8,89.54323594125,UNCATEGORIZED,0.5386977,8.67349
гарпия,4,92.342716285,UNCATEGORIZED,0.19171469,8.1211405
багаж,5,90.14742712,UNCATEGORIZED,2.6641521,4.299551
верстак,3,89.67419353666666,UNCATEGORIZED,2.6521378,4.6707573
фетр,12,88.45688632999999,UNCATEGORIZED,3.8582711,3.041565
помои,2,92.308045505,UNCATEGORIZED,3.9677951,3.2035363
рабочий,4,87.79991989749999,UNCATEGORIZED,3.542215,9.244153
скиф,2,90.71698999,UNCATEGORIZED,1.7044963,8.936309
соната,16,90.292937579375,UNCATEGORIZED,5.7524147,6.7821627
грамота,11,88.77805728,UNCATEGORIZED,6.61064,7.3121142
бред,43,90.43354249069768,UNCATEGORIZED,7.66671,5.8551154
холодильник,88,84.04514612602271,OBJECT_HOME,2.9090822,4.755554
пальто,42,87.06627874190477,UNCATEGORIZED,1.7370667,3.5291686
минет,13,87.01372088692308,UNCATEGORIZED,7.115325,3.7447052
удочка,25,81.4833451332,UNCATEGORIZED,0.8265037,5.042622
веретено,28,88.94307260500001,UNCATEGORIZED,2.9580913,4.3879843
девочка,39,79.72442692820513,UNCATEGORIZED,2.0911717,8.142656
линия,20,85.814707065,UNCATEGORIZED,4.8258214,5.1779337
вещество,12,89.16060731666666,UNCATEGORIZED,5.616599,3.4916296
сурок,19,91.22788068052633,UNCATEGORIZED,0.26539192,8.308912
убожество,3,87.85055259333335,UNCATEGORIZED,8.967082,5.421335
вонючка,5,90.44400599000001,UNCATEGORIZED,0.62170666,9.028425
тазик,4,87.4856950275,UNCATEGORIZED,2.7993133,4.372461
сортир,6,86.25985261666669,UNCATEGORIZED,3.7669666,6.515777
стихотворение,27,88.72157161888887,UNCATEGORIZED,6.5032406,6.895409
адвокат,16,93.160334390625,UNCATEGORIZED,3.2834198,9.522246
ссора,8,91.62053126750001,UNCATEGORIZED,7.207639,6.3026843
веревочка,2,85.04974924999999,UNCATEGORIZED,3.3383684,3.9547038
криминал,9,88.84826056222222,UNCATEGORIZED,8.08548,5.682384
бочонок,3,83.65508256,UNCATEGORIZED,2.8206053,4.181016
босоножка,4,86.62785840999999,UNCATEGORIZED,0.5893974,6.6654277
баня,32,87.1669260903125,UNCATEGORIZED,4.1239295,6.462568
мавка,1,83.49505988,UNCATEGORIZED,1.2653024,7.4682107
яйцо,74,85.06036332121622,FOOD,2.830493,1.7823396
вантуз,24,89.46924782874999,UNCATEGORIZED,2.4173203,5.4065537
туз,11,86.33925719454545,UNCATEGORIZED,5.2014847,8.966047
тортик,1,97.13679421,UNCATEGORIZED,3.1358593,2.1868548
градусник,10,88.048057684,UNCATEGORIZED,2.4839616,5.505403
анклав,10,91.13364713800001,UNCATEGORIZED,4.2255516,7.0073333
диадема,7,89.48453327142856,UNCATEGORIZED,2.8253844,3.8280323
десна,1,85.92649321,UNCATEGORIZED,4.0461884,4.0318274
амнезия,12,89.58812635083332,UNCATEGORIZED,8.212263,3.4884586
барабашка,4,81.96376126000001,UNCATEGORIZED,1.3531319,7.6745367
эмоциональность,2,92.8745072,UNCATEGORIZED,9.555847,5.0079703
дикобраз,15,90.16381056400002,UNCATEGORIZED,0.18249667,8.376818
конспект,3,89.96620807333333,UNCATEGORIZED,6.464698,7.035584
галоп,9,89.62629914111112,UNCATEGORIZED,0.2945874,8.864894
биатлон,10,86.498921298,UNCATEGORIZED,6.143859,5.1004343
аменорея,1,96.71912921,UNCATEGORIZED,7.8718395,3.1905205
пентагон,2,91.93463676,UNCATEGORIZED,4.239456,7.3132744
влюбленность,8,90.514054555,UNCATEGORIZED,9.424226,5.6106853
спас,2,94.14858557,UNCATEGORIZED,8.404241,7.10637
букет,5,90.49525909,UNCATEGORIZED,2.596358,3.2111197
совесть,62,91.19578796870967,ABSTRACT,9.03212,5.816453
режиссер,16,90.43503020375,UNCATEGORIZED,3.5085852,9.848266
инфаркт,3,87.72214998,UNCATEGORIZED,7.9283805,3.0008328
прыщ,57,90.33322739385964,BODY,5.0534887,3.7271144
опера,24,88.51624790416666,UNCATEGORIZED,5.7094526,7.0006113
ботва,4,93.5088442375,UNCATEGORIZED,2.331023,1.3347669
аллитерация,17,87.55350750705881,UNCATEGORIZED,6.82494,4.8715854
тормоз,26,88.0874850753846,UNCATEGORIZED,2.8460393,5.708847
комитет,4,93.252600565,UNCATEGORIZED,5.948554,8.038065
ушкуйник,1,95.09092192,UNCATEGORIZED,1.4016385,7.756773
любовник,5,92.016517884,UNCATEGORIZED,2.392894,8.667532
тяжесть,6,89.36035925,UNCATEGORIZED,7.9257755,6.034328
флюорография,10,89.717213073,UNCATEGORIZED,6.3325505,3.7771475
муравьед,18,87.14716370166667,UNCATEGORIZED,0.549487,8.253548
эритроцит,15,91.81972789733332,UNCATEGORIZED,6.1191483,2.5865147
столетие,1,85.14295674,UNCATEGORIZED,6.934343,7.6292405
дистрибьютор,2,85.05534503999999,UNCATEGORIZED,2.511664,5.6008267
марганец,6,87.99716857166668,UNCATEGORIZED,4.860798,2.2408152
высокомерие,3,94.74043180666668,UNCATEGORIZED,9.3232155,5.463918
бурундук,8,90.72288474625,UNCATEGORIZED,0.23129246,8.295901
энтомолог,4,89.9959556125,UNCATEGORIZED,2.8900816,10.29977
желтизна,13,89.99814574846155,UNCATEGORIZED,5.321919,4.290364
байт,8,89.71799131875,UNCATEGORIZED,3.7754064,5.0252323
постулат,7,89.51086451857142,UNCATEGORIZED,7.667019,6.345403
щебенка,3,89.69841718333333,UNCATEGORIZED,3.8706796,3.263464
гвардия,3,91.97892553666667,UNCATEGORIZED,5.131761,8.376301
трус,102,88.99089335588235,PERSON,1.043585,9.822561
пододеяльник,35,88.60932191199998,UNCATEGORIZED,2.4385786,3.8774302
туловище,5,75.25321077999999,UNCATEGORIZED,4.038879,3.8181741
косметолог,2,89.54698861,UNCATEGORIZED,2.8313606,9.997444
точка,40,87.97716933625,UNCATEGORIZED,5.5964136,5.358351
мюон,9,87.80843963,UNCATEGORIZED,5.7585893,2.816889
компостер,2,84.24299288,UNCATEGORIZED,2.1541243,6.0802717
стерх,2,87.13911177,UNCATEGORIZED,0.6944397,7.575792
раскладушка,1,87.08650507,UNCATEGORIZED,3.2956233,4.6389174
агрегация,2,91.642718215,UNCATEGORIZED,6.4214892,2.9131894
язь,4,90.55579574,UNCATEGORIZED,0.19809264,5.0877824
прозаик,3,91.40058465333333,UNCATEGORIZED,3.143505,10.139123
гудрон,4,88.69121329000001,UNCATEGORIZED,4.235519,2.5447092
папирус,18,90.50928337388888,UNCATEGORIZED,6.053258,7.1368833
марс,49,85.88119654081632,PLACE,3.7076843,7.101476
зоопарк,17,88.77879707529412,UNCATEGORIZED,4.3982306,7.139295
мороз,69,87.79340017057972,NATURE,5.314064,4.4682174
существование,23,89.60928576130435,UNCATEGORIZED,8.408447,6.5639496
княжна,4,92.56800817749999,UNCATEGORIZED,2.3914578,8.140501
футболка,37,85.63566825324324,UNCATEGORIZED,1.709598,3.404219
зарядка,35,89.26181754914288,UNCATEGORIZED,6.5867467,5.1364217
люк,19,86.96704755052632,UNCATEGORIZED,3.6354911,6.1878657
люмпен,12,90.10494630666666,UNCATEGORIZED,1.6649245,9.668589
люмбаго,2,90.559872715,UNCATEGORIZED,8.041012,2.6837816
люминесценция,8,92.3401888875,UNCATEGORIZED,7.105882,4.157059
людоед,8,89.92059738750001,UNCATEGORIZED,1.260963,8.911462
аппроксимация,10,91.12482402699999,UNCATEGORIZED,6.7135634,3.3720124
брокер,2,88.44030358500001,UNCATEGORIZED,3.113382,9.720621
бармен,9,96.47746616222223,UNCATEGORIZED,2.9251208,8.653623
магнит,37,89.92551991945945,UNCATEGORIZED,6.2310967,3.8861713
салат,40,88.90383652450001,UNCATEGORIZED,3.1024063,1.833289
автобус,89,86.8707415441573,OBJECT_TECH,3.5295928,7.603288
ластик,38,87.2950677686842,UNCATEGORIZED,2.6201584,4.797897
презент,2,95.79057316000001,UNCATEGORIZED,2.950876,3.2804015
суховей,7,90.90137639142857,UNCATEGORIZED,5.0460124,4.8609242
дактиль,13,87.13431778153846,UNCATEGORIZED,1.4393858,5.3323827
спектакль,9,90.85811046888888,UNCATEGORIZED,5.7538915,7.239242
зонтик,12,87.880515495,UNCATEGORIZED,2.0754757,3.964901
психология,35,89.67664545485715,UNCATEGORIZED,7.2030754,4.92107
сингулярность,119,89.44699455327729,ABSTRACT,6.983217,4.3054295
существо,55,88.60235509254545,ANIMAL,0.7457127,8.60308
интерполяция,6,89.3148978,UNCATEGORIZED,6.801942,4.9425626
металлургия,24,97.29279410166667,UNCATEGORIZED,6.5074716,4.6787696
рефлектор,4,95.0865421725,UNCATEGORIZED,2.765453,5.4944453
мальчик,33,84.04104355848484,UNCATEGORIZED,1.9541019,8.667916
карман,17,88.59024309470588,UNCATEGORIZED,2.3740492,4.192671
книжка,10,86.555790301,UNCATEGORIZED,6.083201,7.08051
какашка,48,84.87161891125,BODY,3.3538005,3.4908364
невозможность,2,88.306316205,UNCATEGORIZED,9.332665,4.9054375
хобот,14,87.56359368857143,UNCATEGORIZED,2.0065622,4.8958116
педаль,17,88.59758828647058,UNCATEGORIZED,2.836783,5.738556
музей,20,88.92288033899999,UNCATEGORIZED,5.1724067,7.144008
бродяга,5,92.33287711400001,UNCATEGORIZED,1.6438675,9.568621
проститутка,17,88.96116569941177,UNCATEGORIZED,2.0915656,7.923271
раздражительность,1,90.58723819,UNCATEGORIZED,8.626945,3.651404
кабан,21,87.05698480428572,UNCATEGORIZED,0.16188839,8.598521
мобильность,5,89.15454658400002,UNCATEGORIZED,8.987772,4.818026
счет,9,89.38201213444444,UNCATEGORIZED,6.872244,7.6825967
штора,83,87.35008528963856,OBJECT_HOME,3.7002683,4.4637218
сера,18,89.48169490111111,UNCATEGORIZED,4.84078,2.156768
экстраполяция,9,90.30004577555556,UNCATEGORIZED,7.090562,4.9359303
карбонат,7,86.57191611857142,UNCATEGORIZED,4.717167,2.1449559
протист,1,96.23354771,UNCATEGORIZED,1.136979,6.9796896
холм,11,93.09523065363636,UNCATEGORIZED,4.4641886,5.702707
нарцисс,44,89.73420052886364,UNCATEGORIZED,1.8335738,2.41436
баранка,5,87.92071358,UNCATEGORIZED,3.6320112,4.4165936
зной,15,88.52498671466665,UNCATEGORIZED,5.342192,4.4602513
желудь,21,88.56001868,UNCATEGORIZED,1.7899882,2.131372
сторож,5,88.898575336,UNCATEGORIZED,2.8698325,9.142502
чучело,10,87.498119052,UNCATEGORIZED,0.8436485,8.651357
половник,25,85.81805188,UNCATEGORIZED,2.716362,4.321312
сирена,13,91.47569327461541,UNCATEGORIZED,3.5528488,6.0285025
утка,33,82.64791878333332,UNCATEGORIZED,-0.08958212,7.8688364
маркшейдер,3,94.49783358,UNCATEGORIZED,1.346845,7.196901
столица,18,90.87814071666666,UNCATEGORIZED,4.8718114,7.0140347
матрас,25,88.48057181720002,UNCATEGORIZED,2.5842307,4.147462
дилижанс,4,87.269601875,UNCATEGORIZED,3.505944,7.6053133
акупунктура,8,89.04187060999999,UNCATEGORIZED,6.6923985,4.209894
морфология,16,88.02222076812501,UNCATEGORIZED,6.820038,4.777554
гарем,10,90.461476266,UNCATEGORIZED,3.9838748,7.1632648
парник,7,85.3009604042857,UNCATEGORIZED,3.946945,6.3689237
карст,1,82.85251406,UNCATEGORIZED,1.0702233,6.9092636
фазенда,34,92.91713156088235,UNCATEGORIZED,4.015311,6.3962746
селекция,10,92.35479364800001,UNCATEGORIZED,7.011876,4.4606977
тропа,26,90.08558613115385,UNCATEGORIZED,4.4655266,5.576947
чушь,9,92.04327515888889,UNCATEGORIZED,7.5411487,5.8167934
смета,7,88.01245519,UNCATEGORIZED,6.897598,7.2751007
спираль,19,89.89647303052632,UNCATEGORIZED,5.4180837,5.7886043
экспроприация,12,83.63206344999999,UNCATEGORIZED,7.4513474,4.963996
клозет,2,84.3662655,UNCATEGORIZED,3.7706528,6.5843453
орхидея,25,87.53430646160001,UNCATEGORIZED,1.5857718,2.2566838
гипербола,48,87.34074882750001,SCIENCE,6.8469515,5.5939326
борозда,12,89.08589864166667,UNCATEGORIZED,4.430182,4.949184
босс,4,88.481704985,UNCATEGORIZED,3.1560566,9.2374935
коктейль,15,85.76888906066667,UNCATEGORIZED,3.5876873,1.6722215
трутень,9,91.04991882,UNCATEGORIZED,1.2259411,9.406936
самбо,4,90.23396562500001,UNCATEGORIZED,3.7237883,8.694439
шифр,10,89.913571872,UNCATEGORIZED,3.4916384,6.239159
шуба,31,87.90914630032255,UNCATEGORIZED,1.83746,3.4057496
шушера,2,86.70810589,UNCATEGORIZED,5.4565454,8.527615
шишига,4,84.995731365,UNCATEGORIZED,1.1481926,7.535825
шершень,14,87.72613751071427,UNCATEGORIZED,0.5137514,7.9138656
шланг,16,86.418425259375,UNCATEGORIZED,2.8182104,5.242145
шапито,3,88.52149514333333,UNCATEGORIZED,4.5475383,7.165974
зевота,4,92.718704185,UNCATEGORIZED,8.451677,3.4606936
моллюск,17,90.96746925411765,UNCATEGORIZED,0.1963696,7.988479
минус,15,88.608530496,UNCATEGORIZED,6.708023,7.9042287
занавеска,30,89.52880829233335,UNCATEGORIZED,3.7021825,4.5213523
симптом,8,90.32766298,UNCATEGORIZED,8.192364,3.374608
лысина,10,91.293617308,UNCATEGORIZED,3.3219638,3.4533913
никчемность,2,84.36940905,UNCATEGORIZED,9.652455,4.455409
поросенок,13,89.37027225076923,UNCATEGORIZED,-0.022976432,8.39623
детектор,1,92.53846711,UNCATEGORIZED,2.672649,5.917278
пармезан,9,90.43275615666667,UNCATEGORIZED,2.8719466,1.7320817
партизан,9,92.08909954222223,UNCATEGORIZED,4.6928,8.524027
бисер,6,89.60286272,UNCATEGORIZED,3.7352307,3.145037
результат,18,90.36034489055555,UNCATEGORIZED,7.6480913,7.132132
контрибуция,7,89.96279615428571,UNCATEGORIZED,6.902761,7.049672
класс,23,86.70326674391305,UNCATEGORIZED,2.821792,8.764694
код,46,88.51146333978261,UNCATEGORIZED,3.4192479,6.352901
купидон,8,88.9732939575,UNCATEGORIZED,1.1801534,8.130461
принцесса,49,96.4508799353061,PERSON,2.3321757,8.271092
бюро,7,92.09777085857141,UNCATEGORIZED,5.6672378,8.149664
прогрессия,2,83.115429015,UNCATEGORIZED,7.2413826,4.4541483
водолаз,7,85.24207888285714,UNCATEGORIZED,2.6547418,9.358181
неврология,1,83.69989549,UNCATEGORIZED,6.8428297,4.4081025
стигмат,5,87.940115082,UNCATEGORIZED,1.3931593,7.825181
бормашина,3,90.82244405,UNCATEGORIZED,3.5624714,4.575314
верфь,21,91.64082792142858,UNCATEGORIZED,4.1622715,6.5538087
го,22,90.70766530045455,UNCATEGORIZED,4.9735117,8.4135065
сало,22,87.72527805863636,UNCATEGORIZED,3.073459,1.796984
изморось,10,91.167438447,UNCATEGORIZED,5.245676,4.4151287
канифоль,9,89.29834912777778,UNCATEGORIZED,4.3777432,2.326
грабен,2,92.140304345,UNCATEGORIZED,1.101452,6.7918253
март,46,84.0363391197826,UNCATEGORIZED,7.1852336,8.729467
карандашик,4,91.14728074499999,UNCATEGORIZED,2.7034166,4.7187276
щеночек,9,95.19703354,UNCATEGORIZED,0.861424,8.232129
дощечка,1,90.00214066,UNCATEGORIZED,3.5993524,4.4718375
краткость,8,90.44326649,UNCATEGORIZED,9.48975,4.526421
утро,42,83.22377202642858,UNCATEGORIZED,7.3449607,8.165636
яичница,18,86.79224861,UNCATEGORIZED,2.8946342,2.0005596
договор,16,88.759666489375,UNCATEGORIZED,7.0567513,7.572224
туризм,9,85.05443602111112,UNCATEGORIZED,6.2571206,4.954746
сарказм,10,91.43956289100001,UNCATEGORIZED,9.230964,5.682792
сукно,8,90.6424436525,UNCATEGORIZED,4.0472593,3.2403598
анапест,18,89.03008935999999,UNCATEGORIZED,1.4437686,5.333202
масть,8,87.07358594375,UNCATEGORIZED,5.1815834,8.95884
загород,1,85.77133516,UNCATEGORIZED,3.8628888,5.2503057
провайдер,2,81.302689305,UNCATEGORIZED,3.118145,6.4338703
мотня,3,86.01263488666666,UNCATEGORIZED,4.5812397,4.609938
сом,25,86.51122906079999,UNCATEGORIZED,0.23878284,5.149637
дурость,6,86.31091428500001,UNCATEGORIZED,9.072337,5.312377
путевка,1,87.44352168,UNCATEGORIZED,6.621677,7.0595455
пень,46,84.95707430108696,UNCATEGORIZED,2.128338,2.8081148
прицел,6,90.68979007833333,UNCATEGORIZED,2.1424246,5.3030047
смесь,12,90.74736120833334,UNCATEGORIZED,3.7732315,1.9573191
щенок,39,67.17998179794873,UNCATEGORIZED,-0.04882808,8.713855
речь,27,93.85591082888888,UNCATEGORIZED,7.866811,7.5002255
мышка,30,80.410481451,UNCATEGORIZED,-0.0059614903,8.2223
половик,2,90.46899648,UNCATEGORIZED,2.7125723,4.060084
фрикция,3,92.82979581333332,UNCATEGORIZED,5.2532268,3.5097437
тритон,7,87.60824915571428,UNCATEGORIZED,0.93071,8.09821
булочка,22,82.37818815181816,UNCATEGORIZED,3.07619,2.3781927
компенсация,3,86.16040309333333,UNCATEGORIZED,7.064066,7.4952188
вестник,3,88.82718854333332,UNCATEGORIZED,6.0905986,7.5155935
безысходность,10,89.46727129199999,UNCATEGORIZED,9.682622,4.506963
флаг,45,87.06582412622222,UNCATEGORIZED,1.4619478,4.385229
аксон,1,86.8431437,UNCATEGORIZED,5.386705,2.9873133
ревизор,4,89.7630462425,UNCATEGORIZED,2.8825927,9.468169
телохранитель,3,90.90587630333334,UNCATEGORIZED,2.7218516,9.027071
обструкция,9,86.1091802211111,UNCATEGORIZED,7.8932567,2.7845912
фазан,7,88.85260872428572,UNCATEGORIZED,-0.12892242,7.8651457
подложка,4,88.45475724250001,UNCATEGORIZED,4.1504593,3.8701646
карасик,3,79.80420072666665,UNCATEGORIZED,0.4350698,7.877689
юпитер,64,88.46609109328125,PLACE,3.370629,7.0990596
ганджа,1,84.55061201,UNCATEGORIZED,1.4491425,6.498296
сингл,5,87.72724774999999,UNCATEGORIZED,5.464086,7.4051566
бог,115,88.14266053669566,ABSTRACT,2.29686,9.351695
еврей,10,88.04899126400001,UNCATEGORIZED,1.9388175,9.392122
четки,4,84.86073573750001,UNCATEGORIZED,3.2297912,3.7621162
сленг,4,85.216173935,UNCATEGORIZED,6.213138,6.063873
лог,5,85.35836037,UNCATEGORIZED,4.2341757,5.555021
универсал,1,80.90028918,UNCATEGORIZED,3.311805,7.6300836
допамин,3,84.50971725666666,UNCATEGORIZED,5.8820252,2.415955
кикбоксинг,3,80.56967001333334,UNCATEGORIZED,3.535986,8.662195
декабрь,17,84.23493715588235,UNCATEGORIZED,7.1849146,8.742138
портье,5,95.838815782,UNCATEGORIZED,3.0931373,8.847918
начало,16,93.62294416625,UNCATEGORIZED,7.925294,7.4084396
рамка,15,88.16388432933333,UNCATEGORIZED,3.5862255,4.5203047
зависимость,15,92.43319976133333,UNCATEGORIZED,9.162781,5.2241073
сет,4,94.15595900000001,UNCATEGORIZED,0.0061716763,6.9062076
член,66,87.06980932530301,BODY,3.434257,9.43657
мясо,62,86.00967114129033,FOOD,3.1655633,1.8606056
дочь,35,77.24847998571428,UNCATEGORIZED,2.3414707,8.214818
амфибрахий,20,89.2340151945,UNCATEGORIZED,1.4721096,5.324746
пертурбация,6,89.221130675,UNCATEGORIZED,5.995031,3.4593563
кастаньета,3,84.85896506666667,UNCATEGORIZED,5.4747605,6.474389
оберлейтенант,1,77.2240536,UNCATEGORIZED,1.0452895,6.7062526
шерп,3,90.15286540333334,UNCATEGORIZED,1.3242363,8.134734
ирригация,6,84.765096055,UNCATEGORIZED,6.791017,4.0983214
послесловие,2,87.399665055,UNCATEGORIZED,6.4339714,6.9019847
ряженка,5,78.11312975599999,UNCATEGORIZED,3.1021354,1.6025981
майорат,1,77.2240536,UNCATEGORIZED,2.2816298,6.1533732
диаметр,3,89.33940041333334,UNCATEGORIZED,5.8267303,4.9827023
музыка,135,86.39380210044445,ART_CULTURE,5.5710187,7.009562
рефрижератор,21,91.46001154999999,UNCATEGORIZED,3.2739801,7.3818583
скамейка,31,85.7874312764516,UNCATEGORIZED,3.407954,4.852495
папка,26,86.79624869384618,UNCATEGORIZED,5.8800898,7.055218
раб,14,87.68440142285714,UNCATEGORIZED,2.3684764,9.143255
пилот,30,88.69257694733332,UNCATEGORIZED,3.239897,8.723467
энзима,2,92.269066355,UNCATEGORIZED,5.2165027,2.234351
черновик,4,89.6347398425,UNCATEGORIZED,6.306113,6.878444
скрепка,25,86.95034136160001,UNCATEGORIZED,3.2367492,4.096157
сорняк,15,89.65352323266664,UNCATEGORIZED,2.0500343,2.184695
резистор,17,89.20617453588235,UNCATEGORIZED,2.8957653,5.591339
черепаха,36,87.56211910722222,UNCATEGORIZED,0.06769353,8.086525
соя,8,87.067320545,UNCATEGORIZED,2.4662874,1.8040422
каска,12,89.81138232083333,UNCATEGORIZED,1.906847,3.634684
бандероль,8,90.62226627375,UNCATEGORIZED,6.346329,7.3916693
хозяин,6,81.82251465,UNCATEGORIZED,2.5585394,9.012782
бра,11,88.66830337727272,UNCATEGORIZED,3.1448872,5.0346446
трансцендентализм,3,97.4330029,UNCATEGORIZED,8.259626,4.4151015
космонавт,29,87.52437275241378,UNCATEGORIZED,2.8461525,9.462465
миллиард,8,82.57045904625,UNCATEGORIZED,4.4014606,4.687219
нейрон,48,90.167542374375,SCIENCE,5.4460707,2.9787652
улыбка,47,88.40652870829786,EMOTION,4.547197,4.184072
некрофилия,4,89.86029098750001,UNCATEGORIZED,8.185551,4.6196504
кумовство,3,87.13495069666665,UNCATEGORIZED,8.377155,5.193379
национализм,4,85.87295518500001,UNCATEGORIZED,8.284326,4.907981
ректорат,2,89.148193985,UNCATEGORIZED,4.705953,7.402391
рассылка,2,91.79624314,UNCATEGORIZED,6.616684,6.306743
глист,17,87.40907269352941,UNCATEGORIZED,0.5376222,8.173303
бюрократия,6,88.620581835,UNCATEGORIZED,5.652831,8.109967
остолоп,5,87.65986924,UNCATEGORIZED,0.7019096,9.749091
конопля,15,87.97216143333334,UNCATEGORIZED,2.5000267,1.9932941
лень,40,87.78588685550001,UNCATEGORIZED,9.234836,5.296202
хорда,9,90.60940776666668,UNCATEGORIZED,5.9523807,4.218066
спасибо,3,87.51462870666667,UNCATEGORIZED,8.0527725,7.785409
куст,38,88.7857921181579,UNCATEGORIZED,2.1929564,2.625989
пластинка,11,89.64299541454547,UNCATEGORIZED,3.520368,4.6151705
утюг,64,86.7136509084375,OBJECT_HOME,2.8406365,4.8064528
параллелограмм,44,89.39189125227273,UNCATEGORIZED,5.3005466,4.516828
красотка,2,92.95029533499999,UNCATEGORIZED,2.0370505,8.114307
место,30,89.128332509,UNCATEGORIZED,7.890594,7.4892445
враль,1,84.34001015,UNCATEGORIZED,1.1452913,9.839521
грохот,9,90.81259988111111,UNCATEGORIZED,5.602993,5.8722377
депутат,9,90.57705293222222,UNCATEGORIZED,3.3864884,9.4752655
пахлава,6,88.22860157166667,UNCATEGORIZED,3.3091056,2.5428393
ругань,2,76.270257065,UNCATEGORIZED,6.240639,5.916599
ям,14,95.06350742071427,UNCATEGORIZED,4.6657467,5.675099
кепка,20,87.607321192,UNCATEGORIZED,1.7838058,3.457955
вентиль,6,89.612781785,UNCATEGORIZED,2.9283886,5.301781
сани,15,87.68013328333335,UNCATEGORIZED,3.282181,7.7542133
фотошоп,2,88.28605343,UNCATEGORIZED,2.8102,6.191163
каскадер,4,89.70660970499999,UNCATEGORIZED,2.3949451,9.467289
лего,13,89.7402897276923,UNCATEGORIZED,3.10759,9.78104
пасынок,6,90.09215330833332,UNCATEGORIZED,2.3443196,8.443664
пломба,14,90.78369880571428,UNCATEGORIZED,3.7285469,4.3516445
пи,21,91.46306050714286,UNCATEGORIZED,0.081939325,6.338069
каденция,5,89.724022744,UNCATEGORIZED,4.5818424,5.602513
фордевинд,1,85.73301725,UNCATEGORIZED,2.8675258,6.2363687
стамеска,54,91.74125339092592,OBJECT_HOME,2.407523,4.7445307
бюстгальтер,6,90.70743797499999,UNCATEGORIZED,1.7696544,3.6514397
креон,1,87.66405019,UNCATEGORIZED,0.9061367,7.208259
фартук,14,89.1514634407143,UNCATEGORIZED,1.8031644,3.5993228
викарий,4,90.66083712,UNCATEGORIZED,2.4604278,9.441728
пюпитр,49,90.43291425857143,ART_CULTURE,3.0832586,4.8245254
титаник,4,89.37393184999999,UNCATEGORIZED,3.0935147,7.0426226
циан,2,88.453048465,UNCATEGORIZED,4.7433176,2.3451872
африканец,5,91.03924773,UNCATEGORIZED,1.5779308,8.998145
жаворонок,7,85.29008517142857,UNCATEGORIZED,-0.08088192,7.8436756
дядя,11,74.08046677818182,UNCATEGORIZED,2.2255104,8.475929
хорус,1,92.93524719,UNCATEGORIZED,1.8022122,8.385577
медведь,82,84.58813948146341,ANIMAL,0.14032714,8.5493
трансформер,25,91.78415104840002,UNCATEGORIZED,1.1908754,8.059341
гипофиз,7,88.19826025,UNCATEGORIZED,5.5770736,2.8661234
робот,58,88.10609272482756,OBJECT_TECH,1.3637509,8.649445
рангоут,2,94.95679334,UNCATEGORIZED,2.9911225,6.1422315
каркас,13,91.81991003230769,UNCATEGORIZED,3.9110003,5.364935
шприц,36,89.67482556305555,UNCATEGORIZED,2.8325157,3.9535048
мюзикл,3,87.29786148000001,UNCATEGORIZED,5.6127806,7.069218
сапог,85,87.29016987094117,OBJECT_HOME,2.2808044,3.5400798
село,15,89.66856653066667,UNCATEGORIZED,4.6009116,6.89778
лоб,21,81.04892362619046,UNCATEGORIZED,4.193823,3.9138994
забава,15,90.95370997866667,UNCATEGORIZED,7.698722,6.053446
знаменосец,2,78.662020505,UNCATEGORIZED,1.4571104,4.4205174
перкуссия,9,89.11403720444444,UNCATEGORIZED,6.710146,3.6887712
мескаль,4,83.4416675775,UNCATEGORIZED,3.5308735,1.9533911
батут,7,88.00149537428572,UNCATEGORIZED,3.1234744,5.773382
трап,16,91.620470234375,UNCATEGORIZED,3.5875177,6.4061766
стропило,7,89.58943402285715,UNCATEGORIZED,3.74484,4.2189775
ухо,74,83.19570612418919,BODY,3.9361622,3.8193715
шиньон,2,91.91706250499999,UNCATEGORIZED,2.4131505,3.4708695
дефляция,5,89.870751874,UNCATEGORIZED,7.569436,4.9735713
внезапность,7,89.83035024000002,UNCATEGORIZED,9.560205,5.1050262
четверг,25,78.0724422016,UNCATEGORIZED,7.2897553,8.136604
трей,59,91.23670306525423,ABSTRACT,0.34585586,6.920445
ласка,29,89.35873701999998,UNCATEGORIZED,9.602336,5.6536007
возница,6,90.06759760666667,UNCATEGORIZED,3.1695876,8.028754
изжога,11,91.17016155636362,UNCATEGORIZED,8.090735,2.934121
инкогнито,17,90.31439574705882,UNCATEGORIZED,9.265034,5.26151
аксель,14,89.98626572,UNCATEGORIZED,0.40271994,7.055209
курорт,9,87.62438261444443,UNCATEGORIZED,4.589348,7.0766478
свечка,10,85.982557696,UNCATEGORIZED,3.240853,4.732449
кульбит,10,91.243223788,UNCATEGORIZED,5.5449104,6.240802
воск,23,89.99638421478261,UNCATEGORIZED,4.0940714,2.4562764
гильза,17,90.32065179294118,UNCATEGORIZED,2.2073355,5.117643
зарплата,17,89.28964512294118,UNCATEGORIZED,7.0403304,7.5016174
фарш,16,87.39925010249999,UNCATEGORIZED,2.9904966,1.6611297
конструктор,22,88.26999168727274,UNCATEGORIZED,3.006346,9.926779
нелепость,3,88.48282761333333,UNCATEGORIZED,9.498695,4.5858197
гениальность,8,87.82893835125,UNCATEGORIZED,9.2976675,5.2051077
ранец,5,91.605400248,UNCATEGORIZED,2.3738668,4.321046
горох,21,82.21902561999998,UNCATEGORIZED,2.5558374,1.7090868
отоларинголог,8,83.01667134,UNCATEGORIZED,2.7464852,10.343599
молитва,36,87.85662444666667,UNCATEGORIZED,7.7292695,6.8655767
реприза,3,92.03153921,UNCATEGORIZED,5.179356,5.7747903
пустошь,16,91.31135390437501,UNCATEGORIZED,4.639181,5.5770435
требуха,7,88.38120318285713,UNCATEGORIZED,3.8372645,2.5434697
мочало,3,83.51915813666666,UNCATEGORIZED,3.337054,3.3868926
шнурок,29,87.39609723137931,UNCATEGORIZED,2.1781507,4.0665197
угол,30,85.09292618066665,UNCATEGORIZED,4.017302,5.682833
забрало,11,89.20484220636364,UNCATEGORIZED,2.0273337,4.129117
ветка,45,83.01767786066668,UNCATEGORIZED,1.9523327,2.396691
орден,3,89.25765456666666,UNCATEGORIZED,5.8401966,7.9563794
виртуозность,1,83.3941137,UNCATEGORIZED,9.584571,4.68043
карусель,31,89.94724430838711,UNCATEGORIZED,5.2217937,5.6897683
зеленка,9,89.28499069222222,UNCATEGORIZED,4.5916276,2.5300155
вакуум,36,89.18126426611111,UNCATEGORIZED,5.2997723,5.168795
лейкоцит,11,92.79271129363637,UNCATEGORIZED,6.310762,2.677389
часовня,2,86.44258066500001,UNCATEGORIZED,4.439405,6.30484
волшебник,18,87.0718260138889,UNCATEGORIZED,1.9118136,9.032514
траектория,14,91.20726701285716,UNCATEGORIZED,5.868681,5.020031
рукав,15,87.88933300133333,UNCATEGORIZED,2.286687,3.675249
сфинкс,14,90.31683156571428,UNCATEGORIZED,4.5456867,6.2147446
ложемент,3,90.29033956,UNCATEGORIZED,2.810118,4.840861
драйвер,4,88.2885002325,UNCATEGORIZED,2.9919822,6.2021384
гипервентиляция,1,84.52443888,UNCATEGORIZED,7.7373486,2.85942
антиутопия,5,85.62111687199999,UNCATEGORIZED,6.6047974,5.7816067
сковородка,16,84.520430135,UNCATEGORIZED,3.1834905,4.4437027
хризантема,20,88.97021482299999,UNCATEGORIZED,1.6586974,2.1912408
бисквит,6,89.40329838166667,UNCATEGORIZED,3.1897964,2.1234026
сперматозоид,10,89.873432837,UNCATEGORIZED,5.84048,3.1474972
пекарь,8,87.00825029625,UNCATEGORIZED,2.5607266,9.711312
смола,23,87.53371626565217,UNCATEGORIZED,4.050598,2.8047843
ответ,15,88.818633436,UNCATEGORIZED,7.891409,7.3609247
куча,7,90.60545674714287,UNCATEGORIZED,6.057993,8.21415
бемоль,19,90.93387357105263,UNCATEGORIZED,0.29912713,6.225947
инопланетянин,16,89.7039751675,UNCATEGORIZED,1.4260164,8.955449
крематорий,22,89.27993341227274,UNCATEGORIZED,4.4954433,6.8127947
стабильность,16,92.004001161875,UNCATEGORIZED,9.040232,5.1591306
переплет,5,91.868652046,UNCATEGORIZED,6.016018,7.0328407
кувшин,16,88.16175625937501,UNCATEGORIZED,2.7924702,4.198863
рюкзак,51,84.43334757058824,OBJECT_HOME,2.4264877,4.2471275
пылесос,76,86.18058799223684,OBJECT_HOME,2.9530437,5.2512593
шизофрения,47,89.07495089425532,ABSTRACT,8.231844,3.3386335
мембрана,16,88.875513965,UNCATEGORIZED,4.2527623,3.956533
депозит,6,92.72983551833335,UNCATEGORIZED,6.669611,7.8455677
кипяток,22,89.61921297727275,UNCATEGORIZED,2.9665475,4.2139893
награждение,1,92.47328365,UNCATEGORIZED,7.7108808,7.1444955
пасека,11,91.95538937636364,UNCATEGORIZED,4.193199,6.4941244
кентавр,24,90.34469937916667,UNCATEGORIZED,0.77420497,8.378549
секунда,33,86.3359775287879,UNCATEGORIZED,6.8115993,6.190025
граната,26,90.08594265730768,UNCATEGORIZED,2.1359212,5.308873
терминатор,10,89.650147709,UNCATEGORIZED,1.9626175,9.374153
див,1,87.66297356,UNCATEGORIZED,1.2277174,8.126326
обман,15,90.65019921,UNCATEGORIZED,8.086275,5.861245
сумочка,2,89.23837399,UNCATEGORIZED,2.6784406,3.9567347
диктант,10,92.237653928,UNCATEGORIZED,6.05262,6.8966494
спрей,17,89.63013323235293,UNCATEGORIZED,4.166614,2.375316
фантазия,27,88.41534494666666,UNCATEGORIZED,7.7588205,5.97981
комедия,7,90.89416603571428,UNCATEGORIZED,6.2263465,6.6797333
шампанское,10,85.87267158200001,UNCATEGORIZED,3.6223848,1.6928809
серп,19,89.07000240421053,UNCATEGORIZED,2.1319394,4.6665926
ладонь,15,88.12623822666667,UNCATEGORIZED,3.7377205,3.7627988
горечь,10,91.455536906,UNCATEGORIZED,9.649842,5.99249
шоумен,1,99.16522765,UNCATEGORIZED,2.9020596,9.88253
свиристель,13,91.53644101692308,UNCATEGORIZED,4.725133,3.2911484
танцовщица,2,92.96199915,UNCATEGORIZED,2.244067,7.7493525
мгновение,8,87.340386365,UNCATEGORIZED,5.440593,5.182225
богатырь,5,87.27725230000001,UNCATEGORIZED,1.8274939,9.0049715
синагога,8,87.37208906375,UNCATEGORIZED,4.4440913,6.503935
корунд,2,92.07897332499999,UNCATEGORIZED,4.237533,1.6556894
тушь,16,87.92138944687501,UNCATEGORIZED,3.7004614,3.130704
фанат,6,88.96263315833335,UNCATEGORIZED,1.8136673,10.148791
сказка,55,86.75245117327275,ART_CULTURE,6.7229733,6.4201674
зонд,11,92.01850714181819,UNCATEGORIZED,3.13161,7.0115356
строитель,14,87.91291176928571,UNCATEGORIZED,2.9428835,10.026
размножение,5,90.74647001999999,UNCATEGORIZED,7.3369346,3.9506903
зуб,98,87.45068894489796,BODY,3.5699596,3.7001834
тремоло,7,93.1821699742857,UNCATEGORIZED,5.7950373,5.725518
каракатица,20,87.8047551315,UNCATEGORIZED,0.3239764,8.139034
очевидность,7,91.82729461428572,UNCATEGORIZED,9.579469,4.5428553
набережная,6,91.66243482,UNCATEGORIZED,4.2731376,6.0479007
фрагмент,3,92.80098572333333,UNCATEGORIZED,6.494848,6.8018956
мышца,16,90.20729689999999,UNCATEGORIZED,4.270989,3.820044
поэзия,25,87.32186070920001,UNCATEGORIZED,6.81106,5.7929955
лимфа,10,91.70358132999999,UNCATEGORIZED,5.21838,3.6051233
портмоне,9,90.32838229777778,UNCATEGORIZED,2.4401753,4.2822523
лаваш,12,91.08340813,UNCATEGORIZED,2.9823854,1.8389168
пустырник,2,90.82006244,UNCATEGORIZED,1.8386703,1.755085
менопауза,6,90.00734539333332,UNCATEGORIZED,7.788778,3.3193014
клептоман,2,95.14867469,UNCATEGORIZED,1.1698447,8.841504
тахикардия,6,92.94667169833333,UNCATEGORIZED,7.920339,3.052654
рым,1,91.22850028,UNCATEGORIZED,0.39380813,6.0140276
рупор,7,88.58450118571429,UNCATEGORIZED,3.1909962,6.1969194
витраж,10,90.607385333,UNCATEGORIZED,5.011371,5.4354644
спирт,20,84.6712807715,UNCATEGORIZED,4.1464906,2.1072803
осьминог,52,89.28748871557693,ANIMAL,0.17325035,8.191017
балерина,9,89.37768375,UNCATEGORIZED,2.2815473,7.749491
овес,12,90.90503988666667,UNCATEGORIZED,2.5344205,2.036606
человеконенавистничество,63,94.718058595873,ABSTRACT,8.487949,4.9970474
скульптура,24,90.66145843041666,UNCATEGORIZED,5.275412,5.5869617
доктор,16,85.90428080437499,UNCATEGORIZED,3.0137975,9.749945
изменчивость,3,87.66258280333334,UNCATEGORIZED,8.977595,4.4000993
белок,12,88.05250332166666,UNCATEGORIZED,3.3367589,1.5595973
письменность,6,89.21275492000001,UNCATEGORIZED,6.3118744,5.4770584
уродство,6,92.56180700833333,UNCATEGORIZED,8.967071,5.711722
духовность,4,92.6881146075,UNCATEGORIZED,9.132541,5.2592177
сантименты,2,86.57026875,UNCATEGORIZED,8.923531,5.3144975
антагонизм,2,85.11319993500001,UNCATEGORIZED,7.5647435,6.088779
индульгенция,36,88.62008269583333,UNCATEGORIZED,6.662917,7.192067
примитивизм,3,82.14898508333333,UNCATEGORIZED,8.00699,4.4459333
соковыжималка,6,86.58862281,UNCATEGORIZED,3.04957,5.1384454
телегония,13,96.74621526153844,UNCATEGORIZED,6.6825247,3.2578113
кустик,1,77.12483272,UNCATEGORIZED,2.3642945,2.8598359
цезура,3,80.37614504666668,UNCATEGORIZED,5.05677,4.3765783
взвесь,8,89.78906694875,UNCATEGORIZED,5.1860623,4.416551
контракт,2,92.84349378499999,UNCATEGORIZED,6.942451,7.597214
ассемблер,2,85.102639455,UNCATEGORIZED,1.7185962,6.695725
дятел,17,84.90639058411764,UNCATEGORIZED,-0.0750425,7.900202
краситель,10,87.47275904300001,UNCATEGORIZED,4.4619484,2.3462536
стрептоцид,4,87.72825757,UNCATEGORIZED,4.63433,1.9271677
двоеженство,1,89.24389237,UNCATEGORIZED,8.215998,5.231058
ремень,26,85.30382909192306,UNCATEGORIZED,2.1508915,4.0436654
анализ,28,92.67798050642855,UNCATEGORIZED,7.4000587,7.110325
календарь,55,87.54502390381815,ART_CULTURE,5.8979163,7.247837
чукча,12,88.60548002666667,UNCATEGORIZED,1.6016306,8.843765
кварц,24,88.38061385708333,UNCATEGORIZED,4.3124423,2.1439202
припой,3,84.75333427,UNCATEGORIZED,4.3615394,2.4419448
самурай,14,89.92883303999999,UNCATEGORIZED,1.8572197,9.063333
мятежность,1,90.93992747,UNCATEGORIZED,9.059541,4.268442
виноделие,1,90.93992747,UNCATEGORIZED,6.4212503,4.5645523
травник,2,91.68734189,UNCATEGORIZED,2.0193424,9.174509
политкорректность,3,92.36978158666666,UNCATEGORIZED,9.019662,4.9990997
твердость,5,86.274579902,UNCATEGORIZED,9.836556,5.240732
изморозь,18,88.76552016277778,UNCATEGORIZED,5.163566,4.229944
вокал,14,90.65990651857143,UNCATEGORIZED,4.0884714,8.150221
брандмауэр,3,86.72244661666667,UNCATEGORIZED,3.00072,6.352492
стилус,10,88.728183493,UNCATEGORIZED,2.6157737,5.3075085
ресторан,17,84.23368701705881,UNCATEGORIZED,4.094184,7.1234064
оперетта,4,87.82006543,UNCATEGORIZED,5.71202,6.751147
конфуз,5,90.578545494,UNCATEGORIZED,7.108422,6.3552604
определитель,1,90.28437841,UNCATEGORIZED,2.8728783,6.094898
ноябрь,94,96.8074189406383,NATURE,7.186879,8.736502
стыдоба,1,84.65197081,UNCATEGORIZED,6.3209405,5.472133
делегация,9,91.06634261666666,UNCATEGORIZED,5.8949623,8.044745
культ,104,93.24636368067307,ABSTRACT,7.9486527,5.7087636
фрейм,2,93.29662100499999,UNCATEGORIZED,0.5752156,6.7760935
история,108,92.56030741703704,ABSTRACT,6.9338064,6.574954
рун,2,91.916065025,UNCATEGORIZED,5.2023926,5.072219
великолепие,14,92.30929423857141,UNCATEGORIZED,9.323726,5.5485477
тоска,24,89.64297548958332,UNCATEGORIZED,9.630861,5.9928293
транспорт,22,85.71323847772727,UNCATEGORIZED,3.2000391,7.1951966
тунеядство,2,97.93118448,UNCATEGORIZED,8.396663,5.637005
факел,10,88.711313965,UNCATEGORIZED,3.2731748,4.9133115
заем,4,88.5732295525,UNCATEGORIZED,6.8113155,7.735993
бесконечность,36,90.11618824638889,UNCATEGORIZED,6.5525866,5.4906306
нескладность,8,94.52288508,UNCATEGORIZED,9.407918,4.2729707
рубанок,29,91.5488610572414,UNCATEGORIZED,2.3324287,4.799758
женоненавистничество,1,79.97994191,UNCATEGORIZED,8.177755,4.7580056
альбумин,6,88.80844231333333,UNCATEGORIZED,5.333267,2.2691379
лицедейство,1,79.97994191,UNCATEGORIZED,8.5076065,5.3573914
естество,8,90.84884335999999,UNCATEGORIZED,4.7406626,4.0779333
бак,6,88.80840704166667,UNCATEGORIZED,2.8787496,5.1086144
стукач,3,88.22827951333333,UNCATEGORIZED,1.4945827,9.873735
черта,9,89.9544038088889,UNCATEGORIZED,0.854846,9.421419
виновник,2,94.693525225,UNCATEGORIZED,3.2721965,9.53886
облепиха,5,90.786139528,UNCATEGORIZED,1.8167151,1.6116213
вист,2,93.609710455,UNCATEGORIZED,4.270951,8.317708
касторка,10,93.21057868699998,UNCATEGORIZED,3.6091413,4.166416
тесто,23,90.22925899913044,UNCATEGORIZED,3.1458988,1.6213887
лиса,34,85.50270577323529,UNCATEGORIZED,0.04416096,8.402589
платеж,1,91.87788827,UNCATEGORIZED,6.7849927,7.7915654
сальмонеллез,2,93.1184769,UNCATEGORIZED,7.668723,2.5131242
работа,115,83.35625400591306,ACTION_PROCESS,7.690357,6.4638767
звучание,2,84.909763935,UNCATEGORIZED,6.1561594,6.00419
постмодернизм,5,88.58598564799999,UNCATEGORIZED,7.937949,4.444266
иглоукалывание,2,84.760194175,UNCATEGORIZED,6.5417633,4.0139937
зыбь,4,91.9803686075,UNCATEGORIZED,5.2384973,4.812064
полдник,7,85.77401562857143,UNCATEGORIZED,3.081863,1.7299786
сервант,6,87.31477901833334,UNCATEGORIZED,2.8961294,4.6569014
ощущение,13,88.9152543376923,UNCATEGORIZED,8.899999,6.534877
блядь,14,79.794026555,UNCATEGORIZED,0.64364934,9.314996
смех,64,90.369244861875,EMOTION,5.786065,5.979187
преамбула,18,88.53129072388887,UNCATEGORIZED,6.28078,6.408361
санкция,3,88.31569866666668,UNCATEGORIZED,6.864138,7.19083
безопасность,12,94.1535552225,UNCATEGORIZED,9.0797,5.519893
единорог,16,89.01581788499999,UNCATEGORIZED,0.38305572,8.584593
печка,23,85.47106279869564,UNCATEGORIZED,3.2670312,4.73486
электричество,81,88.20811899172838,SCIENCE,3.8215024,5.2319484
лейкопластырь,2,93.78520373500001,UNCATEGORIZED,3.3359492,3.258945
макаронина,2,88.573123375,UNCATEGORIZED,3.0910296,3.4208236
бандитизм,2,95.71544167,UNCATEGORIZED,8.239847,5.6885734
трапеза,9,90.52499574555557,UNCATEGORIZED,7.202006,6.9003515
метла,29,87.98238146586206,UNCATEGORIZED,2.8692431,4.2028193
фига,11,91.64991982363635,UNCATEGORIZED,0.79908985,9.395239
супергерой,1,83.25385075,UNCATEGORIZED,2.1996732,9.633753
оксюморон,24,86.79331115958333,UNCATEGORIZED,6.961181,5.2915196
скат,12,87.88639682916669,UNCATEGORIZED,4.0419903,5.770383
олеандр,1,88.62702739,UNCATEGORIZED,1.8180196,2.1684563
прилагательное,40,88.90480744850001,UNCATEGORIZED,6.1757793,5.425884
пастель,14,92.67844206857144,UNCATEGORIZED,3.8242054,3.239234
душ,18,86.29220873388888,UNCATEGORIZED,3.9804122,5.487111
валентность,48,88.72521708229165,SCIENCE,8.819712,4.1911225
москит,3,91.15121837666668,UNCATEGORIZED,0.5663581,7.855135
негодование,3,92.44544691333334,UNCATEGORIZED,9.576839,6.3047023
нахальство,1,92.89183808,UNCATEGORIZED,9.200399,5.5424347
порнография,6,86.01392657666668,UNCATEGORIZED,7.746293,5.2385154
дама,5,78.131869544,UNCATEGORIZED,2.1487937,8.077118
драма,24,93.71755476791667,UNCATEGORIZED,6.522421,6.4775424
абсорбция,3,86.50001798666666,UNCATEGORIZED,7.0961943,4.1226373
зачистка,1,90.49908795,UNCATEGORIZED,7.0297055,5.20401
пищевод,3,94.70150764333333,UNCATEGORIZED,4.8483105,3.4007695
тукан,6,87.39590397333332,UNCATEGORIZED,0.7377352,7.617565
эбонит,5,88.84180319999999,UNCATEGORIZED,4.1348305,2.9260342
англичанин,3,89.88468466,UNCATEGORIZED,1.7672409,9.130641
наглость,2,89.04635889,UNCATEGORIZED,9.354415,5.4156947
устрица,22,87.18741433045454,UNCATEGORIZED,0.23976222,7.80537
фармацевтика,4,89.062683565,UNCATEGORIZED,6.602404,4.51267
козырь,5,89.68094396800001,UNCATEGORIZED,5.260198,8.889522
индивид,5,89.383429252,UNCATEGORIZED,7.9698396,5.4949536
литература,48,88.039619085625,ART_CULTURE,6.7973986,5.7637687
рекреация,8,90.75686236749999,UNCATEGORIZED,6.6174717,3.233359
шайба,12,90.28757698583333,UNCATEGORIZED,3.366986,4.7143416
локоть,9,85.5064376911111,UNCATEGORIZED,3.7147932,3.7806468
сумка,100,84.52451829789999,OBJECT_HOME,2.7582412,4.025493
грыжа,20,89.27531673749999,UNCATEGORIZED,7.8662734,2.7317533
записка,2,92.00245939999999,UNCATEGORIZED,6.430954,7.2454205
лепнина,12,90.22548988583333,UNCATEGORIZED,4.841682,4.1789207
космополит,7,92.10568557571428,UNCATEGORIZED,1.7715282,10.050987
ступор,19,91.01670987105264,UNCATEGORIZED,9.36396,6.017805
юнга,11,88.64606506818183,UNCATEGORIZED,3.2812104,9.0561075
страна,110,86.50468775345456,PLACE,5.55637,7.6880755
глаукома,8,90.08575547625,UNCATEGORIZED,7.970816,2.9551082
паралич,6,92.57113879666667,UNCATEGORIZED,8.0204115,3.0832348
мороженое,61,86.86746142803277,FOOD,3.2773468,1.9834589
вечер,17,82.70644618,UNCATEGORIZED,7.328657,8.127752
финал,10,92.341607615,UNCATEGORIZED,6.9249673,6.817209
закрутка,3,93.37525712333333,UNCATEGORIZED,3.765748,4.5073247
акация,17,87.83513948705883,UNCATEGORIZED,1.6407666,1.9721103
болтовня,9,87.98594132555556,UNCATEGORIZED,7.029158,6.168112
моча,17,86.88219548823528,UNCATEGORIZED,5.293297,3.481916
опцион,5,90.41809904,UNCATEGORIZED,3.601904,9.432263
кускус,6,76.73299243833334,UNCATEGORIZED,3.0014083,1.9553012
термин,9,89.25038819555556,UNCATEGORIZED,6.560046,6.124425
гештальт,14,86.10351526357142,UNCATEGORIZED,7.804919,4.565151
сумма,34,92.40587337441177,UNCATEGORIZED,6.947887,7.620755
некролог,8,90.93998844375,UNCATEGORIZED,6.134892,7.112868
сертификат,5,88.420923568,UNCATEGORIZED,6.481755,7.613447
кросс,10,91.17908160600001,UNCATEGORIZED,0.114543825,6.8772483
ступня,8,87.33253442624999,UNCATEGORIZED,3.6391802,3.8376427
уж,11,89.87001424363636,UNCATEGORIZED,8.110238,7.703118
барокамера,3,85.36303900333333,UNCATEGORIZED,3.8419158,4.7739286
грузовик,16,81.85780974937501,UNCATEGORIZED,3.303055,7.5347366
батарея,82,87.39372680939024,OBJECT_HOME,5.020417,8.419249
ромб,18,88.68357918500001,UNCATEGORIZED,5.2678223,4.6913276
сварка,15,90.83954395066665,UNCATEGORIZED,6.2354136,4.139378
эм,1,93.3838479,UNCATEGORIZED,0.11257138,6.421084
мастурбация,14,86.31011344642856,UNCATEGORIZED,8.0135355,4.6863513
крохобор,3,94.75354320000001,UNCATEGORIZED,1.1298376,9.414129
кавалер,6,88.04327301666667,UNCATEGORIZED,2.5447845,8.741026
трезубец,12,88.58902410999998,UNCATEGORIZED,1.9123548,4.6329775
водянка,3,89.31568818333334,UNCATEGORIZED,7.8453174,2.864644
морс,10,82.56797793300001,UNCATEGORIZED,3.4656763,1.6432512
климат,9,90.37437993111111,UNCATEGORIZED,5.1425347,5.329981
неврастения,1,91.12104278,UNCATEGORIZED,8.237538,3.2932932
колода,3,90.81310287000001,UNCATEGORIZED,3.6367633,5.101708
бактерия,58,88.89570438465518,ANIMAL,6.5579867,2.3580227
коммунизм,23,92.07949368391303,UNCATEGORIZED,8.106313,5.054576
коррупция,17,92.25282559352941,UNCATEGORIZED,8.180181,5.255532
сопротивление,12,95.42883684416667,UNCATEGORIZED,8.179432,6.657423
мультик,3,92.83761025666666,UNCATEGORIZED,5.48665,7.0843425
розетка,35,88.24350412542857,UNCATEGORIZED,2.8133378,5.405064
соха,8,89.2297730575,UNCATEGORIZED,2.443471,4.6898565
пудра,19,89.09535408210527,UNCATEGORIZED,3.4835942,2.8288827
лигатура,2,83.37265176,UNCATEGORIZED,5.2259297,3.4090989
акварель,40,87.75753764025,UNCATEGORIZED,3.7517922,3.3884277
штопор,18,89.03557577944444,UNCATEGORIZED,2.6933393,5.1117554
крепостничество,2,86.672114225,UNCATEGORIZED,8.228115,5.157463
ванадий,3,86.20484208666666,UNCATEGORIZED,4.878485,2.3020208
металлоконструкция,6,84.88934467333333,UNCATEGORIZED,4.422963,3.189905
башмак,13,86.76204310692307,UNCATEGORIZED,2.386888,3.6613119
тролль,16,89.89612400312501,UNCATEGORIZED,1.4268974,8.807111
тулья,3,92.98241610666666,UNCATEGORIZED,3.6151643,4.1496077
улей,18,93.49955509777777,UNCATEGORIZED,3.9930892,6.828566
букля,1,92.9199233,UNCATEGORIZED,1.198347,6.545501
диверсант,1,83.68626754,UNCATEGORIZED,1.8920289,9.673622
кутья,4,88.638262125,UNCATEGORIZED,3.0397785,2.2120197
лампочка,38,83.92485238315788,UNCATEGORIZED,3.2864094,5.1320815
стило,4,91.6935394125,UNCATEGORIZED,2.7938426,4.6382694
овин,1,83.68626754,UNCATEGORIZED,3.8830163,6.716537
клоака,12,87.6906067425,UNCATEGORIZED,4.70842,5.969297
карапуз,12,91.82035993833334,UNCATEGORIZED,1.7930977,8.879475
лента,22,87.95483336000001,UNCATEGORIZED,3.540773,4.235298
пес,60,69.79610555883333,ANIMAL,-0.07433032,8.710181
плоскогубцы,17,89.79665518882354,UNCATEGORIZED,2.3495002,4.7828407
экзекуция,17,90.68466566588235,UNCATEGORIZED,6.930487,6.2491307
перемена,9,90.54210289444444,UNCATEGORIZED,7.3944144,5.3453913
бык,23,74.23444791434783,UNCATEGORIZED,0.16930579,8.7702875
площадка,5,87.57349836,UNCATEGORIZED,4.086224,6.0646443
предмет,12,84.75011584916668,UNCATEGORIZED,6.779364,6.784462
слив,6,90.02653438166665,UNCATEGORIZED,2.1844523,1.6046196
винегрет,13,89.10662974692308,UNCATEGORIZED,3.1040738,1.912482
кунсткамера,5,84.04507875,UNCATEGORIZED,4.7748413,6.8860216
муссон,6,84.98731036166667,UNCATEGORIZED,5.113583,4.8373823
бургомистр,3,89.19388933,UNCATEGORIZED,3.3181353,9.338191
пропорциональность,3,92.93866378666667,UNCATEGORIZED,8.500774,4.818585
принцип,27,90.75684822296296,UNCATEGORIZED,7.591545,6.8252597
торф,13,89.33167703923075,UNCATEGORIZED,3.9808717,2.7946749
пралине,2,91.31531255499999,UNCATEGORIZED,3.247908,2.132262
архиепископ,10,92.620358925,UNCATEGORIZED,2.3896449,9.533812
струна,28,87.45891604392855,UNCATEGORIZED,2.8561034,4.5260034
прокладка,11,89.93596106818181,UNCATEGORIZED,6.153979,4.4691615
учебник,47,86.90432070106382,ART_CULTURE,6.143238,7.1893954
колба,23,88.5443339326087,UNCATEGORIZED,3.4065223,4.284765
переговоры,4,86.10774277499999,UNCATEGORIZED,6.913101,7.6666903
гол,12,91.2222806025,UNCATEGORIZED,3.8032918,8.655232
шафран,5,89.577121382,UNCATEGORIZED,2.2918777,1.4981042
геология,10,89.877181927,UNCATEGORIZED,6.7745423,4.5704165
норма,12,89.26746173,UNCATEGORIZED,7.4560738,5.780914
закон,29,89.90541604241376,UNCATEGORIZED,7.395915,7.138483
дидло,1,90.83816726,UNCATEGORIZED,1.77363,7.847584
карьер,5,92.05704807600002,UNCATEGORIZED,4.3039684,5.6920114
ковшик,1,86.63899219,UNCATEGORIZED,2.71517,4.301744
трубка,6,89.256555775,UNCATEGORIZED,3.3523085,4.3787947
ложь,31,88.39858573032258,UNCATEGORIZED,8.229133,5.7643595
клык,8,90.08048801875,UNCATEGORIZED,2.000774,4.8728023
видеоролик,1,91.96085221,UNCATEGORIZED,5.580386,6.9765973
правило,16,89.78087745874998,UNCATEGORIZED,8.135427,7.4499407
движение,18,89.17905993611112,UNCATEGORIZED,8.022677,6.233595
ухмылка,2,93.54873175,UNCATEGORIZED,4.603521,4.2346067
микроб,47,89.83468565489362,UNCATEGORIZED,6.4945683,2.3281128
насвая,2,92.25008320500001,UNCATEGORIZED,1.1314201,7.042223
кара,6,89.13721801499999,UNCATEGORIZED,8.384187,6.654288
коза,37,78.10387241486487,UNCATEGORIZED,0.16937028,8.802387
местоимение,11,92.28128372272728,UNCATEGORIZED,6.1514554,5.422123
флешка,7,89.75294969428572,UNCATEGORIZED,3.647849,4.372377
гусь,35,85.48498380657142,UNCATEGORIZED,-0.1505568,8.071541
лягушка,45,88.95424181644445,UNCATEGORIZED,0.05806637,8.202253
перепел,7,89.34800574714286,UNCATEGORIZED,0.027842825,7.819675
сечение,2,89.95403185500001,UNCATEGORIZED,5.7139425,4.9451046
дистилляция,4,84.1200412425,UNCATEGORIZED,6.587091,3.199401
атомоход,2,91.6220095,UNCATEGORIZED,3.076454,7.0880084
бурение,2,91.814138875,UNCATEGORIZED,7.038521,6.349147
кролик,33,87.89255825363637,UNCATEGORIZED,0.05248004,8.372131
постель,26,86.72350499076924,UNCATEGORIZED,2.5209877,4.1106043
реакция,17,89.62176057235294,UNCATEGORIZED,7.827072,5.9277773
тропинка,10,92.281132429,UNCATEGORIZED,4.4493113,5.5651884
гарнитур,4,89.247395535,UNCATEGORIZED,2.9250057,4.4320054
певец,10,84.533581703,UNCATEGORIZED,3.3827186,9.717006
водитель,11,78.63013883272728,UNCATEGORIZED,3.2955272,8.010654
фестиваль,8,91.349303725,UNCATEGORIZED,5.9835224,7.5393844
безнадежность,2,90.02291363,UNCATEGORIZED,9.707855,4.4684696
страхование,6,94.23552348666665,UNCATEGORIZED,6.963351,7.3089476
извоз,1,94.18991042,UNCATEGORIZED,6.618648,6.615115
укроп,41,89.21419707121952,UNCATEGORIZED,2.374788,1.3992201
вышка,8,88.03623273375,UNCATEGORIZED,4.0945516,6.1445475
дифференциал,23,87.07717969173912,UNCATEGORIZED,5.7780786,4.154677
сирень,17,91.27329262764707,UNCATEGORIZED,1.6618451,1.952445
деменция,14,91.21986326071429,UNCATEGORIZED,8.035182,3.1739743
опасность,4,92.14652376999999,UNCATEGORIZED,8.140915,6.9408307
фольклор,4,89.446267785,UNCATEGORIZED,6.8213167,5.931104
винил,12,93.64900860250002,UNCATEGORIZED,9.558046,5.1047916
термос,10,80.55383066499999,UNCATEGORIZED,2.7804594,4.241746
завод,39,88.35630629871794,UNCATEGORIZED,4.786022,7.3995805
пропасть,9,89.96071616888888,UNCATEGORIZED,4.747252,5.2139626
стоянка,4,92.2295711425,UNCATEGORIZED,4.38679,6.607773
стремя,16,92.02613176625,UNCATEGORIZED,2.4369605,4.3907638
зараза,17,89.16922255588236,UNCATEGORIZED,0.6385556,9.203123
пижама,26,88.82434734384614,UNCATEGORIZED,1.7577149,3.4208307
жито,7,93.28128379714285,UNCATEGORIZED,2.4477599,2.0501506
посудомойка,14,88.9221534642857,UNCATEGORIZED,2.252445,7.575746
пластилин,27,86.55415223592593,UNCATEGORIZED,3.8539805,3.1100092
стейк,11,83.71246353454545,UNCATEGORIZED,3.0700562,2.0513387
морилка,5,87.10622210400001,UNCATEGORIZED,4.231972,3.0472882
сандал,5,89.032923142,UNCATEGORIZED,1.8565373,1.7867649
камин,22,85.01418877863635,UNCATEGORIZED,3.1800685,4.8286433
полиэтилен,12,85.030301405,UNCATEGORIZED,3.7857025,3.1173933
жрец,7,88.88507588285715,UNCATEGORIZED,2.2766287,9.112916
должник,1,88.73011683,UNCATEGORIZED,3.7642956,9.621271
дюбель,7,89.00290905714284,UNCATEGORIZED,2.2374847,5.8583355
петух,34,85.90223324617646,UNCATEGORIZED,-0.117593795,8.073729
ученик,16,86.059487755625,UNCATEGORIZED,2.5989382,9.3405285
квас,20,88.1833894515,UNCATEGORIZED,3.4305096,1.6291463
простыня,50,87.38771653919999,OBJECT_HOME,2.5735338,3.8807473
гой,9,88.00253285000001,UNCATEGORIZED,0.0020537074,6.1175966
апатия,12,88.26841244083334,UNCATEGORIZED,8.552652,3.610546
рейд,3,91.96352719333333,UNCATEGORIZED,5.512825,7.446885
консул,2,96.46349137,UNCATEGORIZED,2.409554,8.903615
кратность,4,96.129064405,UNCATEGORIZED,8.304824,4.7129636
хумус,8,91.8584285075,UNCATEGORIZED,3.1542885,2.0301461
митрополит,18,91.591876095,UNCATEGORIZED,2.3579023,9.594927
секвойя,10,89.655703194,UNCATEGORIZED,1.7870954,2.2052355
сметана,51,88.25029119274511,FOOD,2.85951,1.5378926
веер,23,89.73838670608696,UNCATEGORIZED,2.1651785,4.0023084
воля,21,87.95249476619048,UNCATEGORIZED,8.583517,5.8763223
лыко,3,87.41899839333333,UNCATEGORIZED,3.0308506,3.2014112
тушканчик,5,90.15505426600001,UNCATEGORIZED,0.39875618,8.232937
карабин,8,88.22619765375,UNCATEGORIZED,1.8449051,5.0342937
портной,6,87.61941477999999,UNCATEGORIZED,2.59487,9.821157
лоджия,3,88.75402836666667,UNCATEGORIZED,4.0121555,6.1183305
лифчик,10,88.229412462,UNCATEGORIZED,1.6895727,3.6206582
лейка,24,88.62711394666667,UNCATEGORIZED,0.9794452,7.4926906
фитиль,7,89.03076527428571,UNCATEGORIZED,3.0111377,4.792252
иврит,1,90.13826078,UNCATEGORIZED,6.103636,6.2225575
конкретика,2,87.62975064,UNCATEGORIZED,5.4678826,4.4196463
желатин,6,90.52329342833333,UNCATEGORIZED,2.81441,1.4300945
способность,4,92.74673618,UNCATEGORIZED,8.976693,5.9890194
швабра,38,88.34014601157895,UNCATEGORIZED,2.9266984,4.112138
драже,4,93.31524657249999,UNCATEGORIZED,4.661314,1.8744266
тиски,2,91.613807685,UNCATEGORIZED,2.2902358,4.771575
фора,3,93.29402982333333,UNCATEGORIZED,6.198031,5.8668823
абразив,5,88.159795484,UNCATEGORIZED,4.349622,2.8322048
битва,9,94.6078707611111,UNCATEGORIZED,7.2492886,6.514163
право,21,94.64532345857143,UNCATEGORIZED,7.878311,7.2734737
инсектицид,3,91.28230043333333,UNCATEGORIZED,4.556378,2.3290694
краюшка,2,83.64338652500001,UNCATEGORIZED,3.1858127,2.890921
вливание,1,100.5715308,UNCATEGORIZED,6.455623,3.734424
бал,9,90.47799011222223,UNCATEGORIZED,6.3436728,7.592391
близорукость,6,92.86773885500001,UNCATEGORIZED,8.156069,3.097624
ухват,6,91.18013957166666,UNCATEGORIZED,2.7055988,4.4159727
аутизм,19,89.22290894631578,UNCATEGORIZED,8.228863,3.358318
визирь,5,91.60675815,UNCATEGORIZED,2.258738,9.103133
медь,18,85.60197310277778,UNCATEGORIZED,4.4213057,2.579113
автомобилестроение,1,91.12537358,UNCATEGORIZED,6.486753,4.6125536
давление,11,91.54057636545456,UNCATEGORIZED,8.452415,6.6029596
курсор,12,90.41030844250001,UNCATEGORIZED,3.0558333,5.834409
утварь,13,90.1856210223077,UNCATEGORIZED,3.5157795,3.1998467
инспектор,9,91.83392395444446,UNCATEGORIZED,3.2800887,9.2391
инкарнация,2,96.65617048,UNCATEGORIZED,7.322688,5.095598
господин,5,92.676881114,UNCATEGORIZED,2.7536738,8.5697
опухоль,17,89.52899010176469,UNCATEGORIZED,7.659683,2.827041
строфа,5,90.970923076,UNCATEGORIZED,6.421416,6.5778394
фертильность,17,89.50982640411765,UNCATEGORIZED,6.3974595,2.9313931
киви,18,78.5713335461111,UNCATEGORIZED,2.2139838,1.596479
валет,9,92.01833277444445,UNCATEGORIZED,5.1653824,8.957216
психоз,9,87.96603102555554,UNCATEGORIZED,8.27232,3.3430996
кремень,21,88.73580281714287,UNCATEGORIZED,2.9466975,4.244597
пихта,11,86.45075983454545,UNCATEGORIZED,1.6541224,2.0141578
чванство,11,90.44571074181819,UNCATEGORIZED,9.1750765,5.363548
грациозность,4,84.8875498,UNCATEGORIZED,9.7492695,4.6901355
петарда,4,83.84881267,UNCATEGORIZED,3.3953464,4.939636
фьючерс,3,86.78499806666667,UNCATEGORIZED,2.4459746,6.4689527
имидж,6,92.20232459,UNCATEGORIZED,7.975782,6.3646193
пирен,1,92.79767439,UNCATEGORIZED,1.0343792,6.9118752
мантра,7,89.43252744142855,UNCATEGORIZED,6.555771,5.00545
апогей,13,88.90228157769229,UNCATEGORIZED,6.7531233,6.6214037
трасса,20,83.7031280075,UNCATEGORIZED,4.31241,5.626976
разврат,4,88.36639912,UNCATEGORIZED,8.555644,5.5354123
многогранность,1,99.43135369,UNCATEGORIZED,9.487159,4.466163
величие,14,93.60301457642858,UNCATEGORIZED,9.12933,5.7458744
украдка,2,100.42894669500001,UNCATEGORIZED,1.4468421,7.046068
горница,4,85.22050038,UNCATEGORIZED,3.9256337,6.34879
частушка,5,90.56466288800002,UNCATEGORIZED,6.3875413,6.2275486
кустарник,9,90.34024173111112,UNCATEGORIZED,2.2361927,2.6765926
магнезия,5,88.95263559399999,UNCATEGORIZED,4.499644,2.248755
спора,8,90.65663198,UNCATEGORIZED,7.0566664,7.2085066
пространство,32,92.01038204125001,UNCATEGORIZED,5.0485797,5.203931
элегия,16,91.404744355625,UNCATEGORIZED,6.3091946,6.408044
затвор,10,93.333140702,UNCATEGORIZED,2.1208327,5.1421533
кринолин,5,89.91930431400002,UNCATEGORIZED,2.021016,3.682369
могила,14,88.73625285714286,UNCATEGORIZED,4.7229457,6.1316056
жизнерадостность,4,90.78409464,UNCATEGORIZED,9.685002,5.244831
юриспруденция,15,91.218294084,UNCATEGORIZED,6.8605094,4.7741637
броня,7,91.62123898,UNCATEGORIZED,2.0967135,4.0284734
упадок,5,97.621534584,UNCATEGORIZED,7.8569136,6.097443
бензол,9,85.80415055555557,UNCATEGORIZED,4.632077,2.1813772
соленоид,3,87.85017254333333,UNCATEGORIZED,2.8272266,5.5535283
монархия,7,87.36741699714287,UNCATEGORIZED,7.5499716,5.853473
сауна,5,87.175452516,UNCATEGORIZED,4.15733,6.715027
кибуц,2,91.54657137,UNCATEGORIZED,4.4918866,7.095805
булыжник,10,88.985333876,UNCATEGORIZED,3.4853008,3.3210845
огрызок,15,90.497918962,UNCATEGORIZED,2.8706207,3.2431967
чача,1,93.71418936,UNCATEGORIZED,3.3632934,2.2850773
дуплет,1,91.47903881,UNCATEGORIZED,4.4024553,8.138558
кумыс,15,92.27707281533334,UNCATEGORIZED,3.3427117,1.5691252
франт,6,85.96076648833333,UNCATEGORIZED,1.4674994,9.930517
кубинец,1,81.03232103,UNCATEGORIZED,1.623559,9.028163
примула,4,89.1515150525,UNCATEGORIZED,1.5670158,2.2306783
заусенец,17,88.18736040294118,UNCATEGORIZED,5.09879,3.5188782
тунец,5,88.941406984,UNCATEGORIZED,0.28757727,5.196188
упырь,14,90.04067544214286,UNCATEGORIZED,1.0766042,8.708675
катавасия,7,94.00290967285714,UNCATEGORIZED,6.746276,6.0038586
паук,29,88.50636420103447,UNCATEGORIZED,0.26367882,8.222616
жгут,5,86.787084156,UNCATEGORIZED,2.5659318,3.740033
дерматолог,2,92.237461305,UNCATEGORIZED,2.789911,10.381369
кузина,3,91.58694718333332,UNCATEGORIZED,2.348972,8.13391
герой,18,90.50392696499999,UNCATEGORIZED,3.0723898,9.38243
говнюк,1,88.20971653,UNCATEGORIZED,0.87239385,9.53075
конец,12,89.8326315725,UNCATEGORIZED,7.806355,7.566792
регресс,5,89.324246578,UNCATEGORIZED,7.6907206,5.849154
регалия,5,93.194995026,UNCATEGORIZED,3.9157286,4.498229
дар,10,92.072018689,UNCATEGORIZED,9.019029,6.429755
танцор,3,92.65782262666669,UNCATEGORIZED,3.0861783,9.63132
восход,10,83.58035998099999,UNCATEGORIZED,4.8605423,4.919685
прелесть,55,97.61162046381818,ABSTRACT,9.413564,5.328345
интеллигент,8,87.35600452125001,UNCATEGORIZED,2.0099485,10.080209
чекист,2,86.91992962500001,UNCATEGORIZED,3.0122676,9.554266
чопра,1,84.72432148,UNCATEGORIZED,2.8657176,10.379189
сопка,3,89.09496440666668,UNCATEGORIZED,4.5720983,5.6230054
гальванометр,1,84.72432148,UNCATEGORIZED,2.518047,5.6531878
клевер,9,91.33434494666668,UNCATEGORIZED,2.0021617,2.0364542
пробирка,15,88.53086011399999,UNCATEGORIZED,3.3647242,4.2880406
снисходительность,5,89.71015374999999,UNCATEGORIZED,9.707698,5.4711924
карате,9,91.97524978111112,UNCATEGORIZED,3.759303,8.689839
долг,15,93.78077029800001,UNCATEGORIZED,7.6942296,7.3773985
контекст,9,90.86610722333333,UNCATEGORIZED,7.672982,6.660999
брошюра,8,87.90769485375,UNCATEGORIZED,6.3150253,7.145548
киргиз,4,90.66257254499999,UNCATEGORIZED,1.551166,8.721821
терзание,2,88.30191654500001,UNCATEGORIZED,8.586011,5.522091
аркан,9,91.05350591555556,UNCATEGORIZED,2.1954093,4.3335204
грубость,12,92.40696091916668,UNCATEGORIZED,9.527881,5.208783
чапман,1,90.62713869,UNCATEGORIZED,1.0633161,6.969327
черт,29,90.37929815655171,UNCATEGORIZED,8.034483,7.837413
чурка,5,90.649793514,UNCATEGORIZED,0.54926634,9.499083
чернь,8,86.80315064749999,UNCATEGORIZED,5.4653454,8.389453
чистота,7,85.82154597714285,UNCATEGORIZED,9.490399,4.9631696
сопряжение,2,82.60667511,UNCATEGORIZED,8.120123,5.961008
эпилепсия,13,88.17392756769232,UNCATEGORIZED,8.107208,3.1221578
движе,1,89.05346295,UNCATEGORIZED,-0.029567465,6.0165696
отчим,4,82.433352215,UNCATEGORIZED,2.3653116,8.490791
варяг,8,87.84822020249999,UNCATEGORIZED,1.8395954,8.961086
краск,11,89.15740730181818,UNCATEGORIZED,0.6664863,7.0195036
должок,1,87.64375711,UNCATEGORIZED,6.839451,7.8391294
дольмен,7,83.39169589000001,UNCATEGORIZED,3.638359,6.2555614
дурка,4,89.473241605,UNCATEGORIZED,3.7953823,5.8789053
дрожжи,12,90.90406284750001,UNCATEGORIZED,2.966324,1.4659375
десница,7,89.41946543285714,UNCATEGORIZED,3.7018173,3.9362671
дюрана,1,87.64375711,UNCATEGORIZED,0.8632185,6.287821
лежанка,8,85.3186751675,UNCATEGORIZED,3.2024872,4.6532483
ветошь,15,87.38863892933334,UNCATEGORIZED,3.5005522,3.4299293
мангуст,4,85.8364986325,UNCATEGORIZED,0.635484,7.995874
колонка,41,85.00447256658536,UNCATEGORIZED,6.3106766,6.979412
стыд,25,89.07052849439998,UNCATEGORIZED,9.462632,6.2517233
ребус,8,90.23868693624999,UNCATEGORIZED,0.16046189,6.9896193
карбункул,3,88.63829799,UNCATEGORIZED,4.2929773,1.4730589
стрептококк,23,91.35900630739131,UNCATEGORIZED,6.896337,2.452354
аллах,10,89.80825889299999,UNCATEGORIZED,2.2995358,9.299359
военачальник,1,87.19029808,UNCATEGORIZED,2.8932505,9.479334
свастика,9,89.87345714,UNCATEGORIZED,5.266792,4.992428
одиночество,16,88.151100579375,UNCATEGORIZED,9.478205,5.9968867
братство,6,87.221997755,UNCATEGORIZED,5.82619,8.032618
коварство,3,84.30995443,UNCATEGORIZED,8.870978,5.6683087
инакомыслие,6,89.64391388833333,UNCATEGORIZED,8.464535,5.31097
резервация,1,82.082014,UNCATEGORIZED,4.3608174,6.334746
наслаждение,5,78.751002928,UNCATEGORIZED,9.41375,6.1455574
зубрежка,1,82.082014,UNCATEGORIZED,6.5043983,5.5586953
ночлег,2,87.03734041,UNCATEGORIZED,4.7691054,6.813569
гипотеза,16,91.18803004187501,UNCATEGORIZED,7.3200245,5.983712
кисточка,20,86.6711766135,UNCATEGORIZED,3.1054225,3.8147984
чемодан,50,88.4155217146,OBJECT_HOME,2.549435,4.392691
синица,22,86.98141670636363,UNCATEGORIZED,-0.09131288,7.8958774
чулок,15,86.74971324999999,UNCATEGORIZED,2.0054517,3.6236982
руль,24,80.731829115,UNCATEGORIZED,2.8429906,5.689605
дерьмо,9,80.33223812888889,UNCATEGORIZED,0.61304104,9.299245
кнопка,54,88.61871004703706,OBJECT_HOME,3.0483189,5.7684693
купальник,6,85.22971656166668,UNCATEGORIZED,1.6766679,3.5746696
пролежень,2,95.76192986999999,UNCATEGORIZED,6.7737794,3.360872
щипчики,6,94.80903652166667,UNCATEGORIZED,2.4103012,4.5538216
пирсинг,11,90.31541382363636,UNCATEGORIZED,5.478031,3.6748273
филиал,6,92.09710272000001,UNCATEGORIZED,5.0494485,7.6371202
сезон,6,90.31496875,UNCATEGORIZED,7.174603,8.481508
массон,4,90.9143293775,UNCATEGORIZED,0.7173973,6.770856
прогестерон,14,95.96324336642859,UNCATEGORIZED,5.8992276,2.4562938
зайчик,2,94.835612245,UNCATEGORIZED,0.26608112,8.351592
просторечие,2,80.482176025,UNCATEGORIZED,6.308569,5.9518733
футуризм,5,89.54904252,UNCATEGORIZED,7.9975576,4.3102612
фортуна,16,94.439879465625,UNCATEGORIZED,8.738149,6.5404353
адюльтер,5,88.43827648,UNCATEGORIZED,8.122543,5.4450583
кибер,2,90.054356665,UNCATEGORIZED,1.4575802,8.498898
шиац,1,84.26975468,UNCATEGORIZED,6.551462,4.029548
кривошип,1,84.26975468,UNCATEGORIZED,1.1687797,6.651865
кулинария,8,86.73120328249999,UNCATEGORIZED,6.4686217,4.799223
вероисповедание,11,91.51414886545454,UNCATEGORIZED,8.002437,5.3600636
сепарация,8,89.98058033749999,UNCATEGORIZED,6.6237216,3.2448473
прелюбодеяние,12,91.68748832,UNCATEGORIZED,8.544595,5.565456
поза,18,88.94986538111111,UNCATEGORIZED,6.6624603,5.3162055
лишение,3,91.20546507666667,UNCATEGORIZED,8.192208,6.2066007
аул,3,91.12387642333333,UNCATEGORIZED,4.601792,7.00932
диаграмма,7,89.63563905857143,UNCATEGORIZED,6.734779,5.5377254
гад,10,87.52543330200001,UNCATEGORIZED,0.7171011,9.369034
вакцина,10,90.893116021,UNCATEGORIZED,4.7455597,2.0227208
тюльпан,36,87.16243322916665,UNCATEGORIZED,1.8237332,2.1998434
девиация,8,92.26396003375001,UNCATEGORIZED,7.02331,4.258762
сито,13,90.81846593153847,UNCATEGORIZED,3.0392685,1.5858414
кадык,3,92.10114156333333,UNCATEGORIZED,4.3139834,3.766172
брюзжание,1,96.28787614,UNCATEGORIZED,8.625083,5.4041524
мандала,8,89.62225693625,UNCATEGORIZED,5.9990363,4.85078
журнал,19,87.76440367473685,UNCATEGORIZED,6.040783,7.443829
демон,19,89.39008968789474,UNCATEGORIZED,1.418366,8.994143
эклектика,13,86.94331311769231,UNCATEGORIZED,7.60068,4.46284
знаток,6,91.154379925,UNCATEGORIZED,2.2219396,10.209796
синоптик,5,90.238875136,UNCATEGORIZED,2.7418926,10.163669
производительность,6,93.85383398166668,UNCATEGORIZED,8.867876,4.880987
зебра,28,89.70364669428571,UNCATEGORIZED,0.0442789,8.534073
зов,13,92.9684390153846,UNCATEGORIZED,5.928376,6.135492
флюс,10,88.63922506600001,UNCATEGORIZED,5.3052063,3.5499353
бюст,6,91.80262596333334,UNCATEGORIZED,4.8163323,6.044565
жердь,13,91.70457561384615,UNCATEGORIZED,2.4975352,4.47524
пародия,3,91.51980863666667,UNCATEGORIZED,6.5150266,6.186963
страус,26,88.34539240269231,UNCATEGORIZED,-0.05549605,8.293906
шторм,17,90.78926193235294,UNCATEGORIZED,5.2220297,4.946646
химия,49,87.48073683653061,SCIENCE,6.814075,4.649239
похожесть,1,94.66464449,UNCATEGORIZED,9.471488,4.333859
отрицание,23,91.51973811695653,UNCATEGORIZED,8.553527,6.37542
орган,21,89.67064025761904,UNCATEGORIZED,5.7912817,8.03931
честность,20,91.87996887300001,UNCATEGORIZED,9.666611,5.2944345
уролог,8,90.79853315875,UNCATEGORIZED,2.7622457,10.410092
капитуляция,7,87.75285620428569,UNCATEGORIZED,7.1984777,6.428409
финка,4,92.8757684925,UNCATEGORIZED,2.1870713,4.375244
мымра,3,89.23836525000002,UNCATEGORIZED,1.8661277,7.8665066
горошек,4,92.06836915,UNCATEGORIZED,2.5513031,1.5082171
самосвал,25,90.44616907519999,UNCATEGORIZED,3.3275404,7.402566
творчество,30,90.62600360566665,UNCATEGORIZED,7.839311,6.540994
тапочки,35,90.82400997028572,UNCATEGORIZED,1.7614381,3.4843712
монорельс,1,100.5907518,UNCATEGORIZED,3.5013177,6.7627797
флогистон,2,89.03018871500001,UNCATEGORIZED,4.818725,2.3733962
креол,18,92.85017868277778,UNCATEGORIZED,1.7632396,8.853572
когерентность,12,86.99126206083334,UNCATEGORIZED,8.523871,4.2351923
материнство,7,85.88847450428571,UNCATEGORIZED,8.472096,5.6172543
проводимость,5,87.47689994199999,UNCATEGORIZED,8.699822,4.0296545
карлик,9,87.90665593555555,UNCATEGORIZED,1.5917815,8.927762
клавир,1,90.77393658,UNCATEGORIZED,5.541907,6.418812
грибница,11,85.66555888272727,UNCATEGORIZED,1.5121441,5.9235387
пелерина,2,90.400776855,UNCATEGORIZED,1.8961369,3.465271
необходимость,3,87.77919752000001,UNCATEGORIZED,9.063848,5.5051675
волокита,5,88.06722711,UNCATEGORIZED,6.7375526,6.057859
наличник,7,90.47414231428573,UNCATEGORIZED,3.3797023,5.0982704
диафрагма,9,89.93441693222222,UNCATEGORIZED,4.330093,3.8592186
пропан,14,87.23818724,UNCATEGORIZED,4.864706,2.2034998
псалом,3,88.21754589,UNCATEGORIZED,5.9491973,7.0657697
катарсис,21,87.92923138238095,UNCATEGORIZED,8.66681,5.951829
пластика,3,91.20027735000001,UNCATEGORIZED,3.6458282,2.9240358
стимул,7,92.60823797285715,UNCATEGORIZED,7.6068254,6.46338
отражение,17,91.56313493588236,UNCATEGORIZED,4.593526,4.7487793
чутье,5,99.551691104,UNCATEGORIZED,8.98099,6.2660046
цветение,5,92.947681902,UNCATEGORIZED,7.4733953,4.2261477
гирлянда,29,89.56366411655172,UNCATEGORIZED,4.427079,4.9190907
минимум,7,92.4590932542857,UNCATEGORIZED,6.914997,8.154282
флора,4,91.806765265,UNCATEGORIZED,-0.041591976,6.669354
вампир,36,91.65537965416667,UNCATEGORIZED,1.257743,8.837412
трансформация,17,88.90606936647059,UNCATEGORIZED,7.4501853,5.039128
риторика,5,88.92686254,UNCATEGORIZED,7.053277,5.069679
риск,25,91.04819973800001,UNCATEGORIZED,8.075753,7.05419
сибарит,1,93.58172548,UNCATEGORIZED,1.4914047,10.002248
одуванчик,39,87.86402844051281,UNCATEGORIZED,1.8941878,1.873794
скрипка,57,87.13780634877195,ART_CULTURE,4.033847,7.8978024
медуза,56,89.05775994107144,ANIMAL,0.14505246,8.221897
тротил,3,91.98124598,UNCATEGORIZED,1.7914498,5.6486964
эмир,1,89.98057647,UNCATEGORIZED,2.1253235,9.037603
гладиолус,14,90.97519276142857,UNCATEGORIZED,1.7243806,2.1519802
водяной,6,92.15573574,UNCATEGORIZED,3.0985417,5.4862976
фарватер,16,91.0803758525,UNCATEGORIZED,4.5054927,6.0796647
лоск,10,90.22392469,UNCATEGORIZED,9.174885,5.106056
апробация,9,91.92171731333335,UNCATEGORIZED,7.1458893,4.9118643
дебошир,1,88.62141403,UNCATEGORIZED,1.2218246,9.6067915
аэрозоль,8,87.25965135375,UNCATEGORIZED,4.3382134,2.3276742
нейтрино,45,93.21646224022223,UNCATEGORIZED,5.857608,2.8729746
эпитафия,11,88.51638301636363,UNCATEGORIZED,6.2987323,6.37827
термит,4,84.762003525,UNCATEGORIZED,1.7467128,5.8564496
пахота,2,88.276273945,UNCATEGORIZED,5.7306814,4.950004
паразитизм,5,88.38130537,UNCATEGORIZED,8.022254,4.80176
изможденность,1,81.75241951,UNCATEGORIZED,9.342219,4.186148
изысканность,6,86.22916044166668,UNCATEGORIZED,9.615927,4.7454104
противоречивость,1,81.75241951,UNCATEGORIZED,9.255403,4.564822
ответственность,23,91.77703144565218,UNCATEGORIZED,8.189833,6.794311
буря,8,86.95494709375001,UNCATEGORIZED,5.3171983,4.7078314
свая,6,91.71151279166666,UNCATEGORIZED,3.589536,4.5261188
сфера,16,90.54342784687499,UNCATEGORIZED,5.9904623,5.4027305
голубизна,7,92.18424180857143,UNCATEGORIZED,5.1455646,4.486779
мордобой,5,88.00919128599999,UNCATEGORIZED,7.0861487,6.4185123
эквилибрист,11,88.10672065090908,UNCATEGORIZED,2.3420448,9.585437
форум,2,92.25255607,UNCATEGORIZED,4.3243403,6.8688664
сортировка,4,91.752783125,UNCATEGORIZED,6.884098,5.125516
пирамида,42,87.25173112095237,UNCATEGORIZED,4.581206,6.0026484
трюк,5,90.67500138199999,UNCATEGORIZED,5.889331,6.5905423
румянец,5,92.303484628,UNCATEGORIZED,4.4441776,3.694034
шрифт,8,86.8636785325,UNCATEGORIZED,6.190926,6.8575497
колпачок,8,91.93431336625,UNCATEGORIZED,2.7602239,4.049551
кибитка,5,86.33777872399999,UNCATEGORIZED,3.3032033,7.7808084
клубок,9,88.66558026444446,UNCATEGORIZED,2.9761252,4.232117
питомник,3,90.06192188,UNCATEGORIZED,4.40486,7.07577
серотонин,9,88.43272952999999,UNCATEGORIZED,5.7989244,2.4128227
местонахождение,1,82.85506361,UNCATEGORIZED,8.217055,6.651544
прелюдия,4,90.45001708,UNCATEGORIZED,6.117375,6.58842
гильотина,5,91.28819588600001,UNCATEGORIZED,4.2314944,6.0753164
конфликт,5,86.60856297800001,UNCATEGORIZED,7.600316,6.4855475
старость,21,90.91878112047618,UNCATEGORIZED,9.050608,5.6514587
кляп,8,91.91014290125,UNCATEGORIZED,2.6087112,4.028111
рисование,7,89.50904444,UNCATEGORIZED,6.296506,4.5177197
мебель,28,84.4413632517857,UNCATEGORIZED,3.643306,3.498167
дистанция,7,88.79191466428571,UNCATEGORIZED,5.6573954,5.0595894
александрит,3,86.50418510000002,UNCATEGORIZED,4.269817,1.3763753
зарубка,3,93.25004670666665,UNCATEGORIZED,4.7728877,4.581524
жизнеобеспечение,1,90.77325532,UNCATEGORIZED,7.4385724,4.1096067
вектор,28,91.42001913285716,UNCATEGORIZED,5.342806,6.181301
пустота,37,88.38596686405405,UNCATEGORIZED,5.3462815,4.954334
радиоволна,10,89.573471507,UNCATEGORIZED,3.777841,4.7732944
балет,22,90.46454992090909,UNCATEGORIZED,5.3349433,7.299077
крестьянин,10,88.799584853,UNCATEGORIZED,2.4429367,9.532914
бутсы,1,89.8285323,UNCATEGORIZED,1.827197,3.4829078
созвездие,45,89.27139805444443,UNCATEGORIZED,2.234755,6.9334683
чечетка,12,91.17248046333333,UNCATEGORIZED,2.1577246,7.0205107
консистенция,4,92.38977423,UNCATEGORIZED,6.048635,4.042379
алхимик,4,91.4965893625,UNCATEGORIZED,2.5164516,9.891592
роботехника,1,90.49569834,UNCATEGORIZED,3.003892,6.423304
жаба,32,90.3088252009375,UNCATEGORIZED,0.096649386,8.324271
револьвер,6,88.65980685333334,UNCATEGORIZED,1.7814893,5.0436263
бархан,10,88.256481218,UNCATEGORIZED,4.4108014,5.5236273
индеец,9,88.7502475488889,UNCATEGORIZED,1.7091349,9.083458
столоначальник,4,81.2319965125,UNCATEGORIZED,2.9977486,9.581031
бастард,9,88.97972875777778,UNCATEGORIZED,1.7230027,9.012854
жокей,8,89.06051281625,UNCATEGORIZED,2.6479728,9.314228
клоунада,3,91.16056123999999,UNCATEGORIZED,6.5250673,5.63152
вагонетка,5,88.949336398,UNCATEGORIZED,3.327781,7.764063
пароварка,3,87.75872769666667,UNCATEGORIZED,3.0769184,1.8227701
орех,31,86.94332772193549,UNCATEGORIZED,2.2910573,1.4756806
актриса,6,85.54637154,UNCATEGORIZED,2.4314103,7.7784796
хлопок,25,89.0671283516,UNCATEGORIZED,5.4767537,5.8571734
вепрь,13,88.9296014053846,UNCATEGORIZED,0.22280122,8.68269
стробоскоп,7,88.17005368285713,UNCATEGORIZED,2.3755574,5.921403
кукольник,1,94.85492858,UNCATEGORIZED,2.0815134,9.121241
активизация,1,94.85492858,UNCATEGORIZED,7.4767604,4.834557
сеттер,1,94.85492858,UNCATEGORIZED,-0.25401497,8.78798
царевна,4,90.84210257,UNCATEGORIZED,2.2485611,8.24048
ошейник,9,78.60404967444443,UNCATEGORIZED,2.4944808,4.052686
термометр,17,88.56394244941175,UNCATEGORIZED,2.6308708,5.680479
кабачок,13,85.93335153923077,UNCATEGORIZED,2.544327,1.4126421
оптимист,3,89.72630896333332,UNCATEGORIZED,1.574942,10.214915
жадность,21,86.51044654238096,UNCATEGORIZED,9.385852,5.551714
иезуит,13,89.80192066692308,UNCATEGORIZED,2.3393235,9.451753
репликант,1,92.1860948,UNCATEGORIZED,1.513693,7.2649455
коса,25,87.2261495956,UNCATEGORIZED,3.0481842,3.4435096
страз,6,89.15798367500001,UNCATEGORIZED,0.8703335,7.2493606
агнец,2,80.39495987,UNCATEGORIZED,0.020219471,8.700099
бублик,18,85.08439746111112,UNCATEGORIZED,2.9697967,2.4267042
фагот,12,88.63462186166667,UNCATEGORIZED,3.9630187,7.9246793
аноним,2,88.35754674,UNCATEGORIZED,1.2203736,9.471693
бокал,26,84.03730881576924,UNCATEGORIZED,3.6746244,1.9561749
гиподинамия,3,86.87883097666668,UNCATEGORIZED,8.021865,3.1790164
оптимизм,9,89.58462372777778,UNCATEGORIZED,9.2280445,5.481775
кузнечик,21,83.98173602047618,UNCATEGORIZED,0.16536917,8.098917
халтура,1,90.04995891,UNCATEGORIZED,6.758378,5.639431
персонификация,2,86.97794604500001,UNCATEGORIZED,7.3058124,5.0748343
альбом,13,87.74180839692305,UNCATEGORIZED,5.953232,7.307895
изверг,5,92.00148634,UNCATEGORIZED,1.2353797,9.6401615
драка,23,91.11340982869565,UNCATEGORIZED,6.9424543,6.282455
акваланг,27,90.56614486629631,UNCATEGORIZED,1.919207,4.1101213
цифра,55,88.42790741090911,SCIENCE,6.6660233,7.8165746
керосин,21,91.27307874904763,UNCATEGORIZED,4.056527,2.444752
том,18,93.98099141166666,UNCATEGORIZED,8.060908,7.591561
лакрица,9,86.72242640777777,UNCATEGORIZED,2.217619,2.439301
стрельба,4,91.349004445,UNCATEGORIZED,6.753467,6.1855493
парацетамол,15,88.54871255533334,UNCATEGORIZED,4.68915,1.7800797
снегирь,14,87.4421288857143,UNCATEGORIZED,0.17914142,7.8862696
акт,8,92.14503134,UNCATEGORIZED,7.2200174,7.329172
лепет,8,93.3138823825,UNCATEGORIZED,5.7284594,5.900446
брусок,4,89.0380076125,UNCATEGORIZED,2.515715,4.607052
занятость,1,95.42444466,UNCATEGORIZED,9.364859,5.0441375
степ,4,93.16993279249999,UNCATEGORIZED,0.727585,7.0292883
акроним,8,89.7891246775,UNCATEGORIZED,6.2905874,5.0988345
приз,9,90.35854720666669,UNCATEGORIZED,6.259757,7.6266513
симпозиум,3,95.06856403666666,UNCATEGORIZED,6.0991745,7.6252112
воркование,1,95.3764558,UNCATEGORIZED,5.7730265,5.8675747
преступник,3,94.86719316000001,UNCATEGORIZED,1.5019269,9.833362
утиль,4,90.7057257475,UNCATEGORIZED,3.899575,3.2842803
фриз,4,83.49391156499999,UNCATEGORIZED,4.1274505,5.739732
фея,13,91.60224610384616,UNCATEGORIZED,2.072836,8.194381
логово,7,90.33620673714286,UNCATEGORIZED,4.576952,6.609917
иллюзорность,3,89.96321153000001,UNCATEGORIZED,9.581328,4.3408194
паника,8,92.541562035,UNCATEGORIZED,9.520244,6.144877
нерест,6,91.63963561166668,UNCATEGORIZED,0.344373,5.1073203
оплеуха,3,87.33276660333333,UNCATEGORIZED,5.8665047,5.1662865
наскок,3,93.78395769000001,UNCATEGORIZED,5.579922,6.3432007
антропософия,1,90.44494792,UNCATEGORIZED,6.9767957,4.5303326
пятница,15,71.62631254933332,UNCATEGORIZED,7.278617,8.156963
взлет,6,92.25075758666667,UNCATEGORIZED,5.682702,6.5545707
сидр,4,87.77613541,UNCATEGORIZED,3.4987001,1.622018
хинкали,4,91.76119081,UNCATEGORIZED,3.1879303,2.1474385
вивисектор,2,90.13117299000001,UNCATEGORIZED,1.0434475,7.9249005
кульминация,16,88.401989128125,UNCATEGORIZED,6.7115192,6.5806813
штукатурка,13,88.62722288923077,UNCATEGORIZED,4.006118,3.466031
сандалия,5,83.371730064,UNCATEGORIZED,2.9926674,3.7701674
порошок,22,86.25654868727271,UNCATEGORIZED,4.134875,1.9989816
освещение,11,87.75616507363635,UNCATEGORIZED,4.028068,5.0290933
лиана,15,89.52570487266667,UNCATEGORIZED,1.5075909,2.3545578
проза,14,86.74705082357143,UNCATEGORIZED,6.7344766,5.773118
лайм,6,85.75715062666667,UNCATEGORIZED,0.3788741,6.879427
остров,67,87.5788164883582,PLACE,4.6311445,6.2337747
макрама,12,90.15757152583335,UNCATEGORIZED,6.2290635,4.4335027
джин,3,78.76634884666667,UNCATEGORIZED,3.6647153,1.6971169
тарталетка,9,87.25004180777779,UNCATEGORIZED,3.0048966,1.9300604
табун,2,91.80936352,UNCATEGORIZED,3.840836,6.952502
тайфун,9,87.10015528444444,UNCATEGORIZED,5.1085653,4.948798
тайна,11,91.41505130454546,UNCATEGORIZED,7.4846406,6.419613
вычитание,8,89.33121295125,UNCATEGORIZED,8.114952,6.155328
пакт,3,93.11501942333335,UNCATEGORIZED,6.788133,7.6982617
паек,2,93.67674600500001,UNCATEGORIZED,3.246058,2.5152988
панцирь,8,87.91761281625,UNCATEGORIZED,2.1139657,4.044558
папуас,9,86.82754344000001,UNCATEGORIZED,1.4190785,8.818456
фривольность,1,94.83583089,UNCATEGORIZED,9.541824,4.581155
рагу,7,92.56012932714286,UNCATEGORIZED,3.115889,1.8304653
лекция,3,89.38246572666667,UNCATEGORIZED,7.011994,6.77324
мент,3,94.11908459,UNCATEGORIZED,2.965884,9.294487
жожоба,3,90.07367277333333,UNCATEGORIZED,2.5067976,1.6438237
лига,6,90.71797341666667,UNCATEGORIZED,5.5705805,7.938189
визит,5,91.350666574,UNCATEGORIZED,7.566494,7.1676297
осень,32,87.1824765246875,UNCATEGORIZED,7.1892715,8.536847
криль,3,95.18938649,UNCATEGORIZED,1.6095854,6.671064
аскетизм,5,86.386343566,UNCATEGORIZED,8.919749,5.3622255
антоним,40,91.1457880205,UNCATEGORIZED,6.690213,4.803648
картофель,76,83.1416179956579,FOOD,2.6114683,1.544536
конфиденциальность,3,95.13109823999999,UNCATEGORIZED,9.346564,4.9276614
запах,23,89.49825382043477,UNCATEGORIZED,5.272208,3.9348025
рюмка,10,82.852532948,UNCATEGORIZED,3.2543569,4.0636935
брекет,5,93.350225206,UNCATEGORIZED,2.4764302,3.472107
киноварь,10,87.31654222699999,UNCATEGORIZED,4.667949,2.5776544
мангра,1,90.78289841,UNCATEGORIZED,2.6376326,2.85751
туннель,8,88.30433674375,UNCATEGORIZED,4.344399,5.8754954
мелочность,2,84.661513965,UNCATEGORIZED,9.518335,5.0019813
олениха,2,74.472715385,UNCATEGORIZED,0.022198547,8.38132
капитул,1,85.82370128,UNCATEGORIZED,5.8498254,8.153532
осока,5,87.86387396800001,UNCATEGORIZED,2.1816428,2.4856188
расследование,4,87.188695945,UNCATEGORIZED,7.508354,7.3501515
индустрия,11,93.15208303636363,UNCATEGORIZED,6.7426257,5.6935825
саван,3,93.90010223333333,UNCATEGORIZED,2.2479887,3.9437733
победа,19,89.05794701578948,UNCATEGORIZED,7.5027146,6.629527
ампер,6,87.24446321333335,UNCATEGORIZED,3.841767,5.120941
сажень,7,89.41122782142858,UNCATEGORIZED,4.516055,4.3389006
полба,5,90.32629696199999,UNCATEGORIZED,2.448179,1.8677576
андеграунд,6,85.67798910333335,UNCATEGORIZED,7.8299785,4.534579
поляк,4,87.8442835025,UNCATEGORIZED,1.7880551,8.976728
шахтер,6,89.55581324000002,UNCATEGORIZED,2.400068,9.740862
клановость,1,84.06609316,UNCATEGORIZED,8.920784,4.3006916
баркас,4,91.25254701,UNCATEGORIZED,3.0387921,6.8732724
кондитер,3,89.43466587,UNCATEGORIZED,2.6905353,9.799161
летка,1,84.06609316,UNCATEGORIZED,3.4588041,4.8464594
странность,9,90.56066892555556,UNCATEGORIZED,7.7791715,5.9784365
пресс,10,89.131312482,UNCATEGORIZED,5.57035,7.5027
аргамак,1,82.99367894,UNCATEGORIZED,0.44530344,8.76552
испражнение,8,89.3801336225,UNCATEGORIZED,7.711905,4.497195
бандаж,7,82.53251426428572,UNCATEGORIZED,2.0531197,3.8760042
местоблюститель,1,80.57003581,UNCATEGORIZED,1.6093853,7.1718554
волокуша,4,84.994045645,UNCATEGORIZED,2.8601542,7.2051783
колосок,1,80.57003581,UNCATEGORIZED,2.3898394,2.2926493
кастрация,9,87.11633940777777,UNCATEGORIZED,7.1603475,4.1970305
список,12,88.22434447666667,UNCATEGORIZED,6.450198,7.386691
мнительность,4,88.57718374999999,UNCATEGORIZED,9.643905,5.020735
горение,4,85.1259349975,UNCATEGORIZED,7.4210424,4.1111665
бартер,4,92.63369907250001,UNCATEGORIZED,6.2572427,6.2491283
резец,3,93.04013277,UNCATEGORIZED,2.301285,4.8109746
эра,8,91.2007081525,UNCATEGORIZED,6.8573337,6.9494495
вторник,25,80.90329338119999,UNCATEGORIZED,7.2903953,8.183201
гуталин,8,89.95330141375,UNCATEGORIZED,1.1062638,8.388598
запеканка,9,86.75910138666667,UNCATEGORIZED,3.0361588,2.1346722
равнодушие,9,90.34614246,UNCATEGORIZED,9.598172,6.0978065
санки,12,89.47396021583334,UNCATEGORIZED,3.2351189,7.630262
сатин,6,90.89359598833335,UNCATEGORIZED,4.04743,3.0986512
поребрика,31,92.96537005677418,UNCATEGORIZED,3.5722387,5.6976767
ерунда,10,89.40142519599999,UNCATEGORIZED,7.417937,5.942182
какаду,8,87.5867578475,UNCATEGORIZED,-0.1358603,7.816727
любопытство,5,92.338120936,UNCATEGORIZED,9.462633,6.0180845
прутик,4,93.8119950075,UNCATEGORIZED,2.1524541,4.6086082
моль,31,88.75182267580647,UNCATEGORIZED,0.18243727,7.976416
телец,2,84.73698838499999,UNCATEGORIZED,-0.38357568,8.424847
форма,11,91.70633803454544,UNCATEGORIZED,7.093866,5.897122
зурбаган,1,86.28674871,UNCATEGORIZED,1.6448383,6.515597
алебастр,9,86.48867398666667,UNCATEGORIZED,4.170999,2.591855
кинематограф,14,91.05245072714287,UNCATEGORIZED,5.247089,7.2118516
облицовка,8,93.2875436775,UNCATEGORIZED,4.1645694,4.1569886
сказуемое,9,88.46537933666667,UNCATEGORIZED,6.254934,5.303092
роговица,6,90.66056497166666,UNCATEGORIZED,4.713146,3.577777
академия,5,88.301417106,UNCATEGORIZED,5.0000997,7.3231893
бич,3,93.78090085333334,UNCATEGORIZED,2.0808253,4.441117
откос,1,92.31631987,UNCATEGORIZED,4.286163,5.7024307
астрономия,33,84.96805114454546,UNCATEGORIZED,6.863114,4.7352176
противоположность,2,89.451265105,UNCATEGORIZED,8.215349,6.417771
картель,11,90.15315188636364,UNCATEGORIZED,5.030187,7.785998
солянка,5,88.355677672,UNCATEGORIZED,3.0929708,2.0881019
кардан,7,90.51389908142858,UNCATEGORIZED,1.0946951,7.1555824
полотенце,86,87.8892250967442,OBJECT_HOME,2.3089793,3.7780933
песня,108,86.60902818055555,ART_CULTURE,5.818045,6.7568355
метафизика,15,90.88793176933335,UNCATEGORIZED,7.2283154,4.928893
глосса,1,76.64945541,UNCATEGORIZED,6.807183,4.300092
татушка,2,78.95470489499999,UNCATEGORIZED,3.9992154,4.8073316
бубенец,3,88.74624209666666,UNCATEGORIZED,2.3434107,5.4791603
советчик,1,76.64945541,UNCATEGORIZED,2.765982,9.066416
контраргумент,1,76.64945541,UNCATEGORIZED,7.9970756,7.1604137
канарейка,5,87.31152623599999,UNCATEGORIZED,0.0015238131,7.8610377
конюшня,7,86.84042813857143,UNCATEGORIZED,4.005103,6.638855
шахматы,43,90.51983158023256,UNCATEGORIZED,4.328766,8.279095
идолопоклонство,1,91.56329381,UNCATEGORIZED,8.239348,5.533103
молниеносность,1,91.56329381,UNCATEGORIZED,9.362371,4.2782235
актуальность,5,90.74583736,UNCATEGORIZED,9.2510605,4.8804493
язык,83,86.23967684325301,BODY,6.1095524,6.318892
столпотворение,5,91.339375624,UNCATEGORIZED,6.9085097,6.1326876
навигация,5,90.57281242,UNCATEGORIZED,6.787307,4.8349357
мимикрия,17,88.96026842,UNCATEGORIZED,7.2336636,5.301913
бамбук,16,86.6338500225,UNCATEGORIZED,1.9544761,2.304437
пропорция,7,85.71181545285715,UNCATEGORIZED,7.9272947,5.1199355
бравада,11,89.00720795999999,UNCATEGORIZED,8.898032,5.2542067
аэроплан,10,86.956571491,UNCATEGORIZED,3.0741668,7.0890584
усилие,6,91.14290770666666,UNCATEGORIZED,9.020524,6.3693843
кафтан,38,92.32980237315789,UNCATEGORIZED,1.6478914,3.6048265
вензель,10,87.333125977,UNCATEGORIZED,5.239795,5.24701
щит,15,87.58003117266666,UNCATEGORIZED,1.9519514,4.4272013
изотоп,20,87.50611103,UNCATEGORIZED,4.947762,2.2844985
ферментация,1,81.58645615,UNCATEGORIZED,6.9881763,4.0743947
лежбище,6,88.327463635,UNCATEGORIZED,4.5470886,6.451235
окунек,1,81.58645615,UNCATEGORIZED,2.5189605,3.8113184
кабестан,1,81.58645615,UNCATEGORIZED,2.7194722,5.7099442
араукария,2,85.89020159,UNCATEGORIZED,2.474897,2.2285023
щелок,2,90.48922955500001,UNCATEGORIZED,4.4530587,2.334186
убийца,14,85.68698268571427,UNCATEGORIZED,1.5410709,9.816734
смайлик,4,94.97017759,UNCATEGORIZED,5.3785853,5.0871415
человечность,7,91.09011623,UNCATEGORIZED,9.395112,5.390468
каймак,2,88.207796265,UNCATEGORIZED,3.0660295,1.847704
сокровище,5,92.07770180600001,UNCATEGORIZED,3.934052,4.9585032
визг,8,90.975009285,UNCATEGORIZED,5.7569985,5.996388
фиал,1,92.78197996,UNCATEGORIZED,2.80346,4.0439835
бубон,2,88.96334686,UNCATEGORIZED,1.501873,7.453252
светофор,43,88.88010959953489,UNCATEGORIZED,3.054414,5.927794
сантехника,1,89.6274391,UNCATEGORIZED,3.6017523,5.0577106
плеоназм,12,89.24989759083333,UNCATEGORIZED,7.137083,5.276694
косолапость,1,89.6274391,UNCATEGORIZED,7.7603364,3.1035461
двойка,10,70.396212609,UNCATEGORIZED,5.1984773,8.902364
биоритм,1,82.97984814,UNCATEGORIZED,6.7551003,4.667916
сакральность,1,82.97984814,UNCATEGORIZED,8.900671,4.3304734
рапира,4,88.177516725,UNCATEGORIZED,2.1222575,4.3602304
негр,33,89.91697077090907,UNCATEGORIZED,1.6893126,9.064285
всадник,4,92.5681725,UNCATEGORIZED,0.36179304,8.909983
идея,13,89.49986202076921,UNCATEGORIZED,7.581671,6.41551
парень,10,92.69038671799998,UNCATEGORIZED,1.9815854,8.806598
тут,4,88.6663113875,UNCATEGORIZED,8.073035,7.7686186
субстрат,4,85.913953435,UNCATEGORIZED,7.6873856,4.940364
заминка,2,90.22977621,UNCATEGORIZED,6.9462705,6.1244936
ор,11,84.17045835545454,UNCATEGORIZED,0.20457275,6.2135897
расист,1,89.93627913,UNCATEGORIZED,1.5352987,9.864982
рубль,16,88.046789009375,UNCATEGORIZED,4.323131,4.3654532
хуй,94,82.17783427042554,BODY,0.66998976,9.292175
левак,10,91.46941708599999,UNCATEGORIZED,1.8236806,9.425934
брюки,31,86.83416089064517,UNCATEGORIZED,1.7294904,3.480175
салфетка,49,86.39188050857142,OBJECT_HOME,3.1251256,3.9515412
коалиция,11,89.89453994,UNCATEGORIZED,5.60964,8.001087
реактив,7,89.71492663714287,UNCATEGORIZED,4.8136387,2.3295908
мазь,14,89.34795791571428,UNCATEGORIZED,3.9663785,2.2488105
алоэ,10,90.41114267100001,UNCATEGORIZED,3.7469776,1.8996544
кличка,4,85.7562788,UNCATEGORIZED,6.593695,6.6704297
ложа,3,88.64534212,UNCATEGORIZED,2.4782493,4.1439314
тетенька,2,69.98340288,UNCATEGORIZED,2.1306322,8.072311
тетерев,7,88.18353040285714,UNCATEGORIZED,-0.08469708,7.896701
сеньорита,1,90.69998467,UNCATEGORIZED,2.7017503,8.3835745
серпантин,10,89.96811586100002,UNCATEGORIZED,4.3892736,5.491205
айсберг,48,88.24540469208334,NATURE,3.8294666,6.087369
канализация,19,89.09930543578947,UNCATEGORIZED,3.7577047,5.394942
трюфель,13,87.56581900846155,UNCATEGORIZED,3.0182488,2.3874238
жезл,6,87.59446498666667,UNCATEGORIZED,2.2581887,4.3087816
консерватория,1,90.31654784,UNCATEGORIZED,4.928064,7.2075467
геда,1,88.86602723,UNCATEGORIZED,0.75511885,6.3838167
ликование,9,82.35266241111111,UNCATEGORIZED,9.5732,6.28911
амплитуда,20,91.12613103400001,UNCATEGORIZED,7.5438757,5.0619617
бурка,2,88.7224695,UNCATEGORIZED,1.7589452,3.576699
эллипс,18,89.027384335,UNCATEGORIZED,5.4703918,4.657788
князь,7,89.88050875142856,UNCATEGORIZED,2.497025,8.827075
аттестация,3,92.21419951666667,UNCATEGORIZED,7.016463,5.2468405
забияка,8,92.10590514875,UNCATEGORIZED,1.3146801,9.779396
купе,5,77.74136755,UNCATEGORIZED,3.6260924,7.504737
фиск,1,91.18192375,UNCATEGORIZED,0.5126484,6.997773
жемчужина,4,85.27729651500002,UNCATEGORIZED,4.1259212,1.5849462
лавочка,6,90.99773599500001,UNCATEGORIZED,4.346372,6.8777523
феникс,9,90.40065466888888,UNCATEGORIZED,-0.11194979,8.135116
дефекация,1,89.32482146,UNCATEGORIZED,7.994308,3.0901303
анальгин,9,91.78002132777777,UNCATEGORIZED,4.656797,1.7701678
юрисдикция,9,90.03059549222222,UNCATEGORIZED,8.926976,5.3057294
телекинез,9,91.27719143,UNCATEGORIZED,8.048945,4.3401003
провидец,1,97.43010402,UNCATEGORIZED,2.2575643,9.431003
поиск,12,88.71737790083331,UNCATEGORIZED,7.2732697,7.18032
стереотип,9,92.23968812555557,UNCATEGORIZED,7.576444,5.517966
стероид,7,90.45414688142857,UNCATEGORIZED,6.591148,3.227748
поролон,6,91.47991098333334,UNCATEGORIZED,4.023808,3.047373
экран,35,87.01649160085715,UNCATEGORIZED,3.1698015,5.920385
каракурт,1,90.20016197,UNCATEGORIZED,0.57808346,7.492904
генератор,11,85.74991831272727,UNCATEGORIZED,2.9957426,5.712663
сперма,30,87.56491263866666,UNCATEGORIZED,5.210895,3.6414657
клитор,35,87.4092956657143,UNCATEGORIZED,4.7760873,3.5274422
йена,5,88.02817419,UNCATEGORIZED,0.5301417,6.357969
наклейка,22,89.45355727954544,UNCATEGORIZED,3.9126773,4.4704237
прихожая,2,93.81494201000001,UNCATEGORIZED,4.006256,6.2936788
цыпочки,1,93.37689054,UNCATEGORIZED,3.8510432,5.4046183
рождество,7,91.28334763571426,UNCATEGORIZED,7.273601,8.082683
стрекало,1,93.02504516,UNCATEGORIZED,2.4425333,4.9127917
заместитель,2,92.66296009000001,UNCATEGORIZED,3.5009096,9.256755
пепел,18,89.12781664,UNCATEGORIZED,4.515266,3.6414583
шевеление,1,93.02504516,UNCATEGORIZED,7.738025,5.6539435
базука,7,89.15938634285715,UNCATEGORIZED,2.3245196,4.7178717
бицепс,8,86.25018418249999,UNCATEGORIZED,4.4078426,3.8041031
бассейн,28,87.66886215571428,UNCATEGORIZED,4.340563,6.404726
бутерброд,26,86.58838764307691,UNCATEGORIZED,3.019466,2.255614
антенна,16,89.308022889375,UNCATEGORIZED,3.0634263,5.914006
пазл,8,88.43650422,UNCATEGORIZED,4.806726,7.0497713
халва,13,88.97065637769232,UNCATEGORIZED,3.3348134,2.257042
скудоумие,8,90.50723256375,UNCATEGORIZED,8.598394,5.2709293
порча,12,87.18163090333333,UNCATEGORIZED,7.7616115,5.488523
регби,12,94.98198857,UNCATEGORIZED,4.17886,8.388174
модальность,9,91.31185077777779,UNCATEGORIZED,8.543622,4.595271
бекар,6,87.67682995999998,UNCATEGORIZED,0.9401443,6.720658
рубидий,5,85.985056254,UNCATEGORIZED,4.923916,2.3365173
конфета,55,85.74263125763639,FOOD,3.2873828,2.7397118
плата,5,91.43744463800002,UNCATEGORIZED,7.015164,7.528132
фьорд,5,93.127276564,UNCATEGORIZED,4.3301234,5.9541984
янтарь,17,89.07771205705883,UNCATEGORIZED,4.2500205,1.5211996
миф,19,89.64122983526315,UNCATEGORIZED,7.4571004,6.142304
хряк,10,88.83821072,UNCATEGORIZED,0.32077488,8.604498
зигзаг,11,87.72964533818181,UNCATEGORIZED,5.40723,6.009282
бонус,6,89.07098708,UNCATEGORIZED,6.513068,7.721472
бидон,7,88.89024057142858,UNCATEGORIZED,2.7881196,4.257074
бахрома,7,86.16277509428572,UNCATEGORIZED,3.6072707,3.984031
клама,1,81.23436567,UNCATEGORIZED,0.654951,6.8376694
библия,17,83.72115999941177,UNCATEGORIZED,6.462974,6.9863315
флка,2,79.810373235,UNCATEGORIZED,0.84626746,6.7781215
фема,1,81.23436567,UNCATEGORIZED,1.0906402,6.7972636
порядок,6,88.67122024833333,UNCATEGORIZED,7.226289,6.440688
перестройка,2,90.57609221999999,UNCATEGORIZED,7.4173703,5.164552
операция,14,91.25085136142857,UNCATEGORIZED,7.3002906,6.45618
зимородок,21,89.90003864142857,UNCATEGORIZED,0.09028736,7.8206053
миноносец,1,90.84315603,UNCATEGORIZED,3.0705664,7.157603
чулан,3,88.99366971666667,UNCATEGORIZED,3.9653456,6.2954636
ребрендинг,5,87.76192251,UNCATEGORIZED,6.6345434,4.148129
тахион,1,77.91993574,UNCATEGORIZED,0.5004657,7.0151277
гейзер,9,89.29477658,UNCATEGORIZED,4.5396547,5.1813173
дрон,27,89.03748482,UNCATEGORIZED,1.0234748,8.293766
бомба,29,88.1525711062069,UNCATEGORIZED,2.1646094,5.380955
эмблема,10,90.939766146,UNCATEGORIZED,5.175881,5.1954737
мак,27,86.93502718037035,UNCATEGORIZED,-0.05721069,6.886727
снежинка,25,86.27106472839998,UNCATEGORIZED,3.9699683,4.3483543
скейтборд,8,84.9030909225,UNCATEGORIZED,2.5761387,5.7908254
термитник,1,76.27639934,UNCATEGORIZED,4.06828,6.741016
параболоид,1,76.27639934,UNCATEGORIZED,2.6194096,6.1675777
котельная,3,94.04570078333334,UNCATEGORIZED,4.206745,6.356859
пациент,3,93.58454122,UNCATEGORIZED,3.0773568,9.938938
передислокация,1,95.33264343,UNCATEGORIZED,6.980104,5.22166
дерматин,1,95.33264343,UNCATEGORIZED,3.9112346,3.1779568
фломастер,25,86.3190998192,UNCATEGORIZED,2.721303,4.7625146
лосось,23,85.61164546608696,UNCATEGORIZED,0.26861945,5.1504307
пуша,1,93.18819573,UNCATEGORIZED,0.9819295,6.8288684
злюка,1,93.18819573,UNCATEGORIZED,0.94945914,9.616756
восхищение,20,91.8186677625,UNCATEGORIZED,9.498918,6.3035936
брикет,3,91.20465806666668,UNCATEGORIZED,2.9218802,3.2770267
солдат,17,90.95580103823531,UNCATEGORIZED,4.311913,8.742647
сыроварня,3,90.51974558,UNCATEGORIZED,3.5451508,5.803232
диверсификация,14,88.80565862285714,UNCATEGORIZED,7.4545345,4.730571
генерал,8,91.74027235,UNCATEGORIZED,3.4955266,9.07389
аннигиляция,12,88.90620553750001,UNCATEGORIZED,7.4248896,4.409465
побелка,6,90.19402846833333,UNCATEGORIZED,3.9942667,3.4310753
шнур,7,90.58781947857143,UNCATEGORIZED,2.5651896,4.718037
мухомор,32,80.198451265625,UNCATEGORIZED,1.4718055,5.9913416
раствор,8,89.3074556375,UNCATEGORIZED,4.102901,2.2322779
рубероид,9,89.12864320444444,UNCATEGORIZED,4.1238623,2.9590309
участковый,3,90.35730936,UNCATEGORIZED,3.1368155,9.262045
корреляция,27,90.5238147262963,UNCATEGORIZED,8.025931,5.2786
роща,7,88.18391818714284,UNCATEGORIZED,4.5425553,5.657572
семяизвержение,2,93.14708357,UNCATEGORIZED,7.8959217,3.4939106
манка,12,83.55978855250001,UNCATEGORIZED,2.7323234,1.9163815
сарабанда,5,87.184977806,UNCATEGORIZED,4.780883,7.658226
выкрутас,3,84.89281626333333,UNCATEGORIZED,5.133611,3.752169
сушилка,11,88.57675394909091,UNCATEGORIZED,3.4274187,5.224864
икебана,4,83.08928692,UNCATEGORIZED,6.1727815,4.631677
рыбалка,23,83.52581474260869,UNCATEGORIZED,6.334105,5.151532
варган,3,81.64353722,UNCATEGORIZED,2.094897,5.204798
бел,2,85.429634275,UNCATEGORIZED,0.08068115,6.844273
ер,2,82.76888995,UNCATEGORIZED,0.19594878,6.329107
коям,1,78.3863808,UNCATEGORIZED,1.8857951,6.9172964
тир,16,90.03758435625001,UNCATEGORIZED,4.14502,7.2566633
гранат,10,89.94092717699999,UNCATEGORIZED,1.9529485,5.2404475
шлюз,11,89.45714974181818,UNCATEGORIZED,3.6433232,6.238278
фото,14,91.17210831714286,UNCATEGORIZED,5.7297506,6.63367
ярмарка,13,88.82129438461538,UNCATEGORIZED,6.0833936,7.1747556
слава,17,87.59731222647059,UNCATEGORIZED,8.624965,6.8944783
вестерн,3,87.46031498,UNCATEGORIZED,4.9340854,7.4349365
магия,39,87.86329461923076,UNCATEGORIZED,7.9521613,5.8768067
кураж,6,92.08286125000001,UNCATEGORIZED,9.39851,5.662244
арлекино,1,86.95866624,UNCATEGORIZED,4.1761956,7.534774
шиномонтаж,10,88.54958735899999,UNCATEGORIZED,3.911018,5.8391213
мужеложство,3,87.09753156333333,UNCATEGORIZED,8.162348,4.9725795
междометие,21,91.5032855995238,UNCATEGORIZED,6.217401,5.7320333
удаление,3,93.17860227,UNCATEGORIZED,8.146944,6.384459
замазка,7,91.38633546142856,UNCATEGORIZED,4.151574,2.9285667
швартовка,3,92.46136311333333,UNCATEGORIZED,6.8366857,5.270507
триммер,1,93.43435399,UNCATEGORIZED,2.799356,5.531323
горло,10,84.203329671,UNCATEGORIZED,4.1437716,3.751405
блик,13,96.42168118153846,UNCATEGORIZED,4.607356,4.7584743
фасад,7,89.72674278142857,UNCATEGORIZED,4.1895075,5.7955313
клиренс,1,91.98701166,UNCATEGORIZED,2.1190147,5.2189336
телескоп,31,88.60637332774193,UNCATEGORIZED,2.710055,5.547336
фон,9,90.6093409288889,UNCATEGORIZED,2.814391,8.445383
трансмиссия,11,89.36249967727272,UNCATEGORIZED,3.5192263,4.6076736
олицетворение,7,90.32494525714286,UNCATEGORIZED,6.828465,5.4606857
стройка,31,88.18760207806451,UNCATEGORIZED,6.7457547,5.793736
диплом,12,88.42967500916666,UNCATEGORIZED,6.2360554,7.6718097
орешник,3,86.18519335333333,UNCATEGORIZED,2.0216596,2.302373
парк,18,87.3833959438889,UNCATEGORIZED,4.330991,6.1578403
тонна,4,90.02412909,UNCATEGORIZED,4.331047,4.3191895
кайф,10,89.17080089599999,UNCATEGORIZED,9.303046,6.179236
шорох,16,90.68128364125,UNCATEGORIZED,5.712157,5.8799
крокус,10,87.49549109300001,UNCATEGORIZED,0.5979699,6.8541584
пилон,6,87.860541485,UNCATEGORIZED,0.8471466,6.9091725
кость,61,86.94424990295082,BODY,4.0173717,3.7728658
мимика,11,90.88954499636364,UNCATEGORIZED,6.6682897,5.3330293
реверберация,8,90.77485100625,UNCATEGORIZED,6.5432606,3.2591224
иго,8,89.6302645275,UNCATEGORIZED,8.185689,6.1054864
трепанг,4,86.55172674500001,UNCATEGORIZED,1.5632784,7.217234
враг,16,89.247787165,UNCATEGORIZED,2.980068,9.012508
дрель,39,88.55685882871795,UNCATEGORIZED,2.279029,4.858713
рост,22,90.71235451454547,UNCATEGORIZED,7.9197826,6.3415213
челка,14,89.75727139571427,UNCATEGORIZED,3.1264536,3.305478
акклиматизация,7,86.27979564857142,UNCATEGORIZED,7.173712,5.0695066
гонада,3,91.03491545333333,UNCATEGORIZED,5.3275223,3.1883667
стабилизатор,3,89.35734981,UNCATEGORIZED,2.9794354,5.489147
область,5,90.624524068,UNCATEGORIZED,4.870719,6.8801484
солид,8,94.1269039125,UNCATEGORIZED,2.7611768,4.4158382
горизонт,37,88.00030068756756,UNCATEGORIZED,4.9175735,4.944528
силк,3,90.66898837666668,UNCATEGORIZED,0.4610066,6.903574
пятно,10,89.46184332499999,UNCATEGORIZED,4.7856145,4.6669736
снегоочиститель,1,89.39558728,UNCATEGORIZED,3.31452,7.243634
тать,1,89.39558728,UNCATEGORIZED,1.4695675,9.686784
аминокислота,8,81.72704261000001,UNCATEGORIZED,0.8325246,2.627539
антипатия,2,92.78107088,UNCATEGORIZED,9.5731,5.837979
мачта,16,90.674178519375,UNCATEGORIZED,3.1882594,6.1078715
востоковедение,2,90.35819348499999,UNCATEGORIZED,6.7131143,4.6579437
блокнот,23,85.99416802869564,UNCATEGORIZED,5.922572,7.2463713
разбирательство,2,93.448423065,UNCATEGORIZED,7.1821103,7.520579
шея,9,81.56739774777778,UNCATEGORIZED,3.9397445,3.7672403
фанатик,2,91.38421314,UNCATEGORIZED,1.7337776,10.078936
перебор,2,93.98667872499999,UNCATEGORIZED,7.211562,6.35378
колпак,7,88.61245100857143,UNCATEGORIZED,1.9318125,3.9117277
заутреня,1,90.60158026,UNCATEGORIZED,7.290474,7.1206183
сип,3,90.87399705333333,UNCATEGORIZED,5.704614,5.965235
аукцион,3,88.86180698999999,UNCATEGORIZED,6.0447626,7.491032
звездопад,12,90.72254539416667,UNCATEGORIZED,5.386972,5.058232
уринотерапия,1,93.42965657,UNCATEGORIZED,6.667406,4.1732917
разборка,2,93.861467095,UNCATEGORIZED,7.0431824,5.56318
плюмаж,2,84.40469361000001,UNCATEGORIZED,1.96753,3.572965
урка,4,88.978681255,UNCATEGORIZED,1.5266416,9.592847
сант,2,91.032745405,UNCATEGORIZED,0.7049693,6.7216496
ура,3,93.54117595333332,UNCATEGORIZED,5.9020166,6.3981633
счеты,2,94.146353205,UNCATEGORIZED,7.5764527,6.7833185
раздор,2,89.786446635,UNCATEGORIZED,7.4080687,6.2011547
разность,10,92.88396269,UNCATEGORIZED,7.892994,5.8491426
яблочко,1,88.60362213,UNCATEGORIZED,2.5051987,1.8152713
карниз,13,86.69845583923076,UNCATEGORIZED,3.8251863,5.5626493
копчик,7,89.82089450571428,UNCATEGORIZED,4.2541018,3.7184818
сосулька,26,86.37618934307693,UNCATEGORIZED,3.9016776,4.358287
яхта,23,88.01377995304347,UNCATEGORIZED,3.0479913,6.8288636
частица,7,88.85618796857145,UNCATEGORIZED,5.665092,3.0025058
воротник,8,91.31641888625,UNCATEGORIZED,2.0871148,3.7277794
молчанка,1,90.47706198,UNCATEGORIZED,4.251453,8.370615
восхождение,3,94.29940340666667,UNCATEGORIZED,7.8842244,6.772683
метростроевец,1,98.25572083,UNCATEGORIZED,6.2415023,3.1144507
кавалергард,2,92.946945875,UNCATEGORIZED,1.8645326,9.79402
систематизация,5,87.820932582,UNCATEGORIZED,7.4975944,5.077525
стафилококк,6,86.964372945,UNCATEGORIZED,6.9598656,2.421697
манишка,9,86.84415465111111,UNCATEGORIZED,1.7298015,3.448728
шлейка,2,86.292649515,UNCATEGORIZED,4.0346336,3.6680586
возмездие,4,88.4989097475,UNCATEGORIZED,8.683394,6.419094
праздность,4,89.49808387499999,UNCATEGORIZED,9.147522,5.3389297
уран,41,89.86092848341464,UNCATEGORIZED,4.8870025,2.3483577
дурачок,2,89.980939175,UNCATEGORIZED,0.6563489,9.732843
фортепиано,13,90.48112171,UNCATEGORIZED,4.3129306,7.8164043
фетиш,2,93.485334715,UNCATEGORIZED,6.004476,5.526292
самооговор,1,95.27556671,UNCATEGORIZED,7.3485684,5.519032
достоверность,2,90.162187,UNCATEGORIZED,9.271563,4.8187165
ось,7,93.31852971857143,UNCATEGORIZED,5.965392,4.586588
кадр,8,86.01610121374999,UNCATEGORIZED,5.4459467,6.876185
выхлоп,11,91.2385818,UNCATEGORIZED,2.8739111,5.5580344
дивизия,1,92.74707003,UNCATEGORIZED,5.0725217,8.467067
эклер,12,89.24104670833333,UNCATEGORIZED,3.0387719,2.216834
петля,17,89.90607333117647,UNCATEGORIZED,2.7106874,4.250676
характер,19,91.72273226105263,UNCATEGORIZED,7.801406,6.6441026
верлибр,16,91.26821878749999,UNCATEGORIZED,1.5370444,5.2445464
опечатка,3,89.39839676000001,UNCATEGORIZED,7.3043904,6.1753516
женитьба,2,91.23075089,UNCATEGORIZED,7.4504633,7.2291913
тесьма,6,93.57430016833335,UNCATEGORIZED,3.3142686,3.808579
стимуляция,7,89.91402414000001,UNCATEGORIZED,7.3322625,4.448107
инстинкт,12,90.165298005,UNCATEGORIZED,9.033327,6.204867
клоун,44,89.68090069818183,UNCATEGORIZED,2.294181,9.350422
подрамник,3,86.69036725333335,UNCATEGORIZED,3.018825,4.4507837
судья,13,88.13038226230768,UNCATEGORIZED,3.447465,9.330345
короб,10,86.348287594,UNCATEGORIZED,2.6245708,4.413128
мосол,3,85.51539085666666,UNCATEGORIZED,-0.1182199,8.801196
гамаша,2,88.6040223,UNCATEGORIZED,0.5841029,6.850859
оппортунизм,2,85.69508336999999,UNCATEGORIZED,8.163258,4.6127048
страшилище,1,79.27368254,UNCATEGORIZED,0.8646353,8.687845
безыдейность,1,79.27368254,UNCATEGORIZED,6.8025775,3.4405808
ренегат,1,79.27368254,UNCATEGORIZED,1.6323841,9.929856
сфумато,6,86.49781202500002,UNCATEGORIZED,5.510229,4.071661
ломоть,4,88.4758688425,UNCATEGORIZED,2.8943646,2.5444925
выключатель,13,89.39409910923077,UNCATEGORIZED,3.0565188,5.4164433
ореол,8,88.40145354625,UNCATEGORIZED,4.7762904,4.637507
электрод,9,89.59612594000001,UNCATEGORIZED,5.055944,2.9324684
доспех,4,89.80733361,UNCATEGORIZED,1.880982,3.97314
удод,8,86.81650064125,UNCATEGORIZED,0.121365435,7.881598
мякиш,8,81.2601835075,UNCATEGORIZED,2.930818,2.3840885
артиллерия,7,87.69531529285713,UNCATEGORIZED,5.045736,8.414343
комод,28,86.15422034107142,UNCATEGORIZED,2.9120014,4.652804
емкость,12,92.29817875166667,UNCATEGORIZED,3.071439,4.710117
кручина,4,88.9486442825,UNCATEGORIZED,2.254211,7.604614
пажитник,1,94.60409521,UNCATEGORIZED,2.1847157,1.6888157
шут,12,90.29069904166666,UNCATEGORIZED,1.9604874,9.233017
гордость,19,89.81359888894738,UNCATEGORIZED,9.420205,5.650594
деверь,13,90.49463938692308,UNCATEGORIZED,2.3699005,8.506133
косноязычие,5,91.75677972999999,UNCATEGORIZED,8.862506,4.4023533
старовер,3,84.94038608333334,UNCATEGORIZED,1.6740012,9.411966
синусит,5,88.19395966200001,UNCATEGORIZED,7.7994924,2.4729261
шпрехшталмейстер,1,80.56723701,UNCATEGORIZED,1.4658711,7.2563863
йеть,3,85.68742046,UNCATEGORIZED,0.26688448,8.548966
тумбочка,32,83.94871861593751,UNCATEGORIZED,3.210702,4.6556416
покер,9,94.70431920111112,UNCATEGORIZED,4.2980103,8.301935
кардиология,5,92.969121444,UNCATEGORIZED,6.774191,2.8523262
кортеж,3,93.79835033333335,UNCATEGORIZED,4.918263,8.302831
ламинат,28,90.24975149571428,UNCATEGORIZED,3.957304,3.4355383
присяжный,4,87.1803276325,UNCATEGORIZED,3.0750968,9.64663
палатка,14,87.89685785357143,UNCATEGORIZED,4.1455626,6.6503677
лот,5,87.712189694,UNCATEGORIZED,2.179107,5.6211104
максимум,11,92.94609457363636,UNCATEGORIZED,6.9245553,8.133343
балкон,44,86.0957633981818,UNCATEGORIZED,3.8323085,5.835552
табло,5,90.867107426,UNCATEGORIZED,2.9655035,5.7952566
радиатор,11,86.71890881818182,UNCATEGORIZED,2.7858799,5.2720366
покаяние,3,89.94976009666665,UNCATEGORIZED,8.743123,6.580708
гуру,4,93.5764085925,UNCATEGORIZED,2.1935549,9.267997
признание,3,94.46562890333333,UNCATEGORIZED,8.118424,7.23585
амулет,5,90.881956316,UNCATEGORIZED,3.0008416,3.7592242
плутоний,14,93.46653276142857,UNCATEGORIZED,4.9936523,2.3577168
район,5,91.45502714599999,UNCATEGORIZED,4.7410526,6.968191
пища,13,84.81711443307692,UNCATEGORIZED,3.499928,2.0558252
постоянство,4,95.33640890500001,UNCATEGORIZED,9.1263895,4.99935
предок,5,90.21797107,UNCATEGORIZED,2.4272525,8.68698
листок,17,87.5249961082353,UNCATEGORIZED,6.168136,7.312257
пончо,2,92.93051935,UNCATEGORIZED,1.7282234,3.5083058
копна,2,90.57440754000001,UNCATEGORIZED,3.109089,3.3517184
сентимент,1,94.3851196,UNCATEGORIZED,5.0254254,3.6320426
апостол,21,93.95327465333334,UNCATEGORIZED,2.29071,9.642391
судьба,27,89.95088588037036,UNCATEGORIZED,8.4223385,6.8325405
ностальгия,25,90.9120493476,UNCATEGORIZED,9.645292,5.935235
шпинат,8,87.42620780749999,UNCATEGORIZED,2.3494759,1.4252286
коньяк,5,82.469655218,UNCATEGORIZED,3.6111326,1.6346395
виски,11,84.37964361454544,UNCATEGORIZED,3.6462333,1.714786
нестыковка,3,90.26475517666667,UNCATEGORIZED,6.90021,5.9502773
расстрел,6,90.93981012666666,UNCATEGORIZED,7.603493,7.3980317
пятка,30,88.76535606999997,UNCATEGORIZED,3.6865032,3.837993
воробей,25,86.39608584080001,UNCATEGORIZED,-0.1923223,8.012575
удобрение,13,88.54156432692308,UNCATEGORIZED,4.2964664,2.8551617
пирожное,23,88.56829156956522,UNCATEGORIZED,3.1679866,2.0378976
темнота,18,85.078811365,UNCATEGORIZED,5.223921,4.6605644
фолиант,2,82.55860473,UNCATEGORIZED,5.940272,7.188408
абажур,18,88.17644046499998,UNCATEGORIZED,3.182439,4.9981103
сфинктер,5,86.02796187999999,UNCATEGORIZED,4.809974,3.5047302
миллионер,4,88.27678019999999,UNCATEGORIZED,2.8991656,9.863382
нюанс,6,89.15084350000001,UNCATEGORIZED,7.28947,6.5403233
коврик,15,84.92842680666666,UNCATEGORIZED,2.632745,4.062662
укус,16,90.92411295125001,UNCATEGORIZED,4.636306,3.929073
стек,3,85.46741504666666,UNCATEGORIZED,3.129501,5.8539286
шпингалет,15,87.241338312,UNCATEGORIZED,3.613353,4.849636
агент,6,92.01897228,UNCATEGORIZED,3.2918932,9.307008
расстройство,10,85.863005677,UNCATEGORIZED,8.327464,3.6606429
баска,4,92.65172003,UNCATEGORIZED,0.68102866,7.149673
оргазм,18,87.42420487555556,UNCATEGORIZED,8.4371,5.1159706
архетип,30,90.91875299266667,UNCATEGORIZED,7.900137,4.8891673
земляк,1,89.05564164,UNCATEGORIZED,2.1899312,8.684725
шарада,3,89.23235755,UNCATEGORIZED,6.72303,5.868328
лесбиянка,7,88.17323289142858,UNCATEGORIZED,1.096218,9.351441
февраль,29,76.03340873827585,UNCATEGORIZED,7.1827435,8.726411
маг,12,92.8316414325,UNCATEGORIZED,1.994533,9.06232
коллапс,13,91.35269661000001,UNCATEGORIZED,7.766926,5.9734964
торфяник,1,94.29829331,UNCATEGORIZED,2.52332,2.754762
рында,7,85.74091014285716,UNCATEGORIZED,1.7135397,8.270253
рубка,5,90.013559738,UNCATEGORIZED,3.4992843,6.3394165
вульва,10,81.33732338600001,UNCATEGORIZED,5.049264,3.48577
казарма,2,91.07387366500001,UNCATEGORIZED,4.2188063,6.6215625
предложение,11,84.15049398363637,UNCATEGORIZED,7.8118143,7.506231
наставник,1,82.83588857,UNCATEGORIZED,2.5171432,9.321195
поножовщина,2,80.376431665,UNCATEGORIZED,6.893155,6.202535
звездочет,7,89.27746864857144,UNCATEGORIZED,2.5709357,9.704347
кирасир,1,82.83588857,UNCATEGORIZED,4.388384,8.977028
авоська,5,86.27390607800001,UNCATEGORIZED,3.054733,4.246386
апоплексия,1,82.83588857,UNCATEGORIZED,7.7065697,3.0184877
анкета,13,93.49839620153847,UNCATEGORIZED,6.4052343,7.3065815
валидность,10,90.82939140199998,UNCATEGORIZED,9.020864,4.46165
топь,6,89.645249305,UNCATEGORIZED,4.7819085,5.161965
крендель,17,88.48094421823528,UNCATEGORIZED,2.991317,2.36372
лукошко,14,88.82986931785716,UNCATEGORIZED,2.699773,4.367795
автострада,7,85.44286240142858,UNCATEGORIZED,4.2706785,5.618281
избиратель,4,89.3991563175,UNCATEGORIZED,2.396387,9.877111
интоксикация,5,88.02476388200002,UNCATEGORIZED,7.788145,3.0886056
анонс,4,93.43256497249999,UNCATEGORIZED,6.088186,6.9288683
двигатель,73,86.32545940712329,OBJECT_TECH,2.936076,5.695796
отец,45,78.81644625577778,UNCATEGORIZED,2.3754256,8.513893
гусар,6,89.067101935,UNCATEGORIZED,4.3570766,8.992176
чешуя,9,91.24898463777778,UNCATEGORIZED,3.50064,3.5579865
национальность,11,91.2246441309091,UNCATEGORIZED,8.1134615,6.1009502
кладка,7,89.22709455571429,UNCATEGORIZED,4.0967374,4.2624416
дьявол,14,90.02230223928571,UNCATEGORIZED,1.5818883,9.268665
мякоть,10,90.791089524,UNCATEGORIZED,2.6105373,1.547213
титр,3,86.06098864,UNCATEGORIZED,6.138813,2.6518548
кроссовер,2,87.72969997499999,UNCATEGORIZED,2.3288326,6.5163746
триггер,19,88.79768611421053,UNCATEGORIZED,0.8228518,6.5200047
конденсатор,5,88.314791896,UNCATEGORIZED,2.958724,5.606238
нуклон,3,90.72395730666666,UNCATEGORIZED,5.9101543,2.881911
титул,4,94.0772089025,UNCATEGORIZED,6.9944563,7.5425344
протокол,4,89.43577494750001,UNCATEGORIZED,6.7900434,7.4442716
бескрайность,3,92.36327239333333,UNCATEGORIZED,9.335898,4.315824
невзрачность,2,94.66553665500001,UNCATEGORIZED,9.4262705,4.303135
поэма,18,85.61451876,UNCATEGORIZED,6.4324527,6.6105556
раскол,5,91.07773320999999,UNCATEGORIZED,7.500182,6.229436
хренотень,3,87.83386207333335,UNCATEGORIZED,6.6678815,5.661114
ушко,3,82.18909283333333,UNCATEGORIZED,3.6666448,3.8137388
глинтвейн,3,88.11119085,UNCATEGORIZED,3.5571606,1.617355
канонада,2,95.579013475,UNCATEGORIZED,6.702313,6.169623
химера,13,86.65653149538463,UNCATEGORIZED,0.12650739,8.216885
кротость,3,85.39877535333333,UNCATEGORIZED,9.463176,5.73012
конюх,3,92.26688680666666,UNCATEGORIZED,2.8968897,8.785909
иллюминатор,8,91.28837705625,UNCATEGORIZED,3.9186995,5.645314
фимиам,4,91.79430826000001,UNCATEGORIZED,2.2324476,1.8836856
идиома,17,87.99929518882354,UNCATEGORIZED,6.4738564,4.8120155
шлюха,14,87.06047836285713,UNCATEGORIZED,1.995833,8.0487585
оргия,8,87.47921138500001,UNCATEGORIZED,6.7988124,6.1888566
свингер,5,84.71321917600001,UNCATEGORIZED,6.284099,3.1164916
онанизм,6,87.62572800333334,UNCATEGORIZED,8.102548,4.7907186
сено,31,85.47146366870966,UNCATEGORIZED,3.1387095,2.8666174
плащаница,5,91.90944198,UNCATEGORIZED,4.876505,6.089692
эмпирик,2,90.34986613999999,UNCATEGORIZED,1.6765232,10.16018
сродство,1,86.50799185,UNCATEGORIZED,8.476634,6.1035385
щетка,17,85.07856659823531,UNCATEGORIZED,2.932098,3.715636
звяк,1,86.50799185,UNCATEGORIZED,5.476991,5.9771953
гнус,6,88.08882005666668,UNCATEGORIZED,0.31433856,8.127275
мотоцикл,34,90.08361367941177,UNCATEGORIZED,3.267758,7.5585284
план,11,90.81021289545455,UNCATEGORIZED,6.867286,7.043551
схизма,3,87.96508761000001,UNCATEGORIZED,7.766997,4.9178805
конгруэнтность,29,87.67277426862071,UNCATEGORIZED,8.036473,4.187564
лямбда,9,87.72268124222222,UNCATEGORIZED,2.1356685,6.7363853
марево,8,91.53272186625,UNCATEGORIZED,4.9822154,4.6075053
помочи,2,87.87898982,UNCATEGORIZED,2.1699479,3.5094373
формальдегид,8,89.149423875,UNCATEGORIZED,4.6897783,2.1361618
тщеславие,3,87.15435425,UNCATEGORIZED,9.310444,5.5999594
зяблик,17,88.85028260588236,UNCATEGORIZED,0.27392492,7.8738914
этруск,1,85.77035023,UNCATEGORIZED,1.4504327,8.43659
сюртук,10,90.243168571,UNCATEGORIZED,1.5553471,3.5990245
викинг,7,92.57459802285715,UNCATEGORIZED,1.6532663,8.91537
тюбик,5,88.743735424,UNCATEGORIZED,2.8684552,3.7446404
колено,33,90.13945427303031,UNCATEGORIZED,3.895391,3.8634052
бессердечие,1,84.95201448,UNCATEGORIZED,9.109793,5.4410434
жижа,11,87.85020355909091,UNCATEGORIZED,4.950246,4.044586
водолей,12,85.98497744083333,UNCATEGORIZED,-0.41758963,8.418874
натрий,14,89.78149002428573,UNCATEGORIZED,4.8736486,2.2112284
вкус,21,89.94782995095238,UNCATEGORIZED,5.2685537,3.8503172
колесование,3,89.68384791333334,UNCATEGORIZED,7.7118006,7.052306
буссоль,1,98.18905984,UNCATEGORIZED,2.5184047,5.6704464
пупырышек,4,90.1724684575,UNCATEGORIZED,4.8272543,3.6731064
микрорайон,14,95.59400989000001,UNCATEGORIZED,4.44845,6.8883524
уп,1,91.31695012,UNCATEGORIZED,0.35921267,6.219275
фуфела,3,92.34268042000001,UNCATEGORIZED,1.1049842,8.767737
кура,6,86.64150767333332,UNCATEGORIZED,0.054432012,7.597217
диссонанс,18,90.42149324,UNCATEGORIZED,7.5202317,6.2322936
квадратура,3,84.15855111999998,UNCATEGORIZED,6.1659427,4.268721
писец,5,91.03610868199999,UNCATEGORIZED,2.7728953,9.292791
интерференция,11,88.97657043636363,UNCATEGORIZED,7.4233274,4.325381
вошь,20,89.7727928945,UNCATEGORIZED,0.16646464,8.229045
пилястр,4,88.96341759250001,UNCATEGORIZED,4.0853825,5.265842
чепуха,10,89.58020909700001,UNCATEGORIZED,7.4195294,5.8584476
кредит,6,88.27817643333333,UNCATEGORIZED,6.8255463,7.6845
василиск,11,87.39327696363638,UNCATEGORIZED,0.41300878,8.32621
чешка,7,89.1984882342857,UNCATEGORIZED,2.1155899,7.470953
липа,16,88.725365288125,UNCATEGORIZED,1.6200467,2.0253634
ясень,20,87.42894421,UNCATEGORIZED,1.6282976,2.0852046
тополь,16,80.711279918125,UNCATEGORIZED,1.6763136,2.128063
лебедка,6,88.54943293833333,UNCATEGORIZED,2.9317431,5.5879664
бесперспективность,2,95.126943795,UNCATEGORIZED,9.66539,4.390219
замена,7,91.80904855142856,UNCATEGORIZED,7.26165,5.5146627
бряк,1,94.98441746,UNCATEGORIZED,5.337792,6.045346
социопат,4,88.039642015,UNCATEGORIZED,1.2469138,9.747842
кража,13,89.75234762153848,UNCATEGORIZED,8.221775,6.0964518
эскиз,4,86.84356281000001,UNCATEGORIZED,5.7249637,5.8833814
телеграф,6,89.80921070166666,UNCATEGORIZED,4.486436,7.2912474
линза,20,89.336193643,UNCATEGORIZED,3.8989599,4.413661
араб,7,89.91256943571429,UNCATEGORIZED,1.6564329,9.028584
корь,11,89.34341790727272,UNCATEGORIZED,7.899603,2.3926728
яркость,14,87.09056504357144,UNCATEGORIZED,9.326591,4.565262
срез,3,86.11888590333335,UNCATEGORIZED,4.6302776,4.2396245
сегодень,9,92.00522097000001,UNCATEGORIZED,1.7803894,6.821394
изыск,3,87.4455406,UNCATEGORIZED,9.144644,5.1360836
маяк,40,88.07365979599999,UNCATEGORIZED,3.2097461,5.873981
чередование,3,91.20161785333333,UNCATEGORIZED,8.181946,6.447536
сканер,4,92.13974347749999,UNCATEGORIZED,2.7603586,6.003321
сюрикен,2,89.42820822,UNCATEGORIZED,1.9126009,4.741921
растаман,1,84.9071393,UNCATEGORIZED,1.3044122,7.759732
дешевка,1,84.9071393,UNCATEGORIZED,6.182429,5.5234337
феод,2,84.51611661999999,UNCATEGORIZED,2.8228924,8.506903
чело,13,91.38352971923076,UNCATEGORIZED,4.445834,4.244637
полевка,4,80.701837485,UNCATEGORIZED,0.47423384,7.8137484
землеройка,10,85.94308149500002,UNCATEGORIZED,0.46135905,7.822384
кремний,13,91.95837551846154,UNCATEGORIZED,4.8686905,2.2448294
наручник,3,93.26895160333333,UNCATEGORIZED,2.370876,3.9725647
роль,12,91.30063501166667,UNCATEGORIZED,7.6415915,7.0092683
пупсик,7,92.68922634571429,UNCATEGORIZED,1.2767053,8.067211
звонница,3,88.95310620999999,UNCATEGORIZED,4.3029695,6.1450157
пони,9,89.90465497888889,UNCATEGORIZED,0.27205938,8.884153
зерно,27,87.34794144851854,UNCATEGORIZED,2.509195,2.1551185
цирк,30,90.74648333600001,UNCATEGORIZED,4.847107,7.2171116
полушка,2,84.579097795,UNCATEGORIZED,4.2196875,4.4244356
ревень,3,82.13253814333333,UNCATEGORIZED,2.095187,1.4792875
жердочка,2,85.34131561000001,UNCATEGORIZED,4.893019,3.456123
аберрация,13,88.10964749230772,UNCATEGORIZED,7.5777025,4.418329
казус,11,91.16512201636364,UNCATEGORIZED,7.1895747,6.372936
фармакология,4,89.0727801625,UNCATEGORIZED,6.818797,4.4499803
ложбина,2,96.004498555,UNCATEGORIZED,4.482673,5.4000072
жила,5,89.52411255199999,UNCATEGORIZED,2.469448,8.120062
механизатор,2,90.70998913,UNCATEGORIZED,2.6582067,9.762692
узость,5,92.932379516,UNCATEGORIZED,9.438912,4.5690966
манер,1,86.20564685,UNCATEGORIZED,6.518673,6.009277
инструмент,12,83.06587722333333,UNCATEGORIZED,2.895714,5.7419295
цена,9,86.92659876444445,UNCATEGORIZED,7.010404,7.4584384
исследователь,3,93.87243565333334,UNCATEGORIZED,2.856783,10.175585
лекало,14,87.12070950285715,UNCATEGORIZED,2.8769572,4.877
коллайдер,36,91.34578802166666,UNCATEGORIZED,2.9167323,5.823747
дюжина,8,89.08680458125,UNCATEGORIZED,5.6776433,8.521816
тюбетейка,4,89.9342370025,UNCATEGORIZED,1.9157808,3.4641836
кью,1,87.65480335,UNCATEGORIZED,0.24029945,6.5154867
фуфайка,4,90.808808745,UNCATEGORIZED,1.7527937,3.3798902
водосток,5,91.733225492,UNCATEGORIZED,3.2756908,5.311694
грипп,15,90.10480790333331,UNCATEGORIZED,7.9174128,2.5586245
мармелад,34,89.30473113264706,UNCATEGORIZED,3.3245773,1.9814817
сливка,15,86.07890225733333,UNCATEGORIZED,1.2304465,6.8545623
клещ,12,90.50694530666665,UNCATEGORIZED,0.30608234,8.42298
имам,1,92.06804952,UNCATEGORIZED,2.0880206,9.0439
семиотика,4,91.3763879375,UNCATEGORIZED,6.994853,4.7922535
мудак,5,87.961280216,UNCATEGORIZED,0.8304067,9.539851
монитор,34,85.82680535764706,UNCATEGORIZED,3.0150704,6.039389
колхоз,14,86.49498233357141,UNCATEGORIZED,5.098909,7.6345105
марля,6,84.89733148333333,UNCATEGORIZED,3.5087616,3.1461883
эксгибиционист,5,87.877854332,UNCATEGORIZED,1.2211578,9.517777
игрушка,68,82.8501941792647,OBJECT_HOME,1.9081751,8.052229
кегельбан,2,82.837559865,UNCATEGORIZED,4.2603364,7.6562996
воин,10,89.459034403,UNCATEGORIZED,2.178193,9.000447
карамболь,5,88.510927488,UNCATEGORIZED,4.3359237,8.15201
штуцер,5,92.28998322000001,UNCATEGORIZED,1.870536,4.9495797
искривление,1,94.57690418,UNCATEGORIZED,7.873072,3.147792
маразм,10,91.986058608,UNCATEGORIZED,7.9428806,5.609743
фотон,39,90.13727864051282,UNCATEGORIZED,5.754087,2.838887
челобитная,2,94.11682622000001,UNCATEGORIZED,6.4906683,7.182918
авангард,22,90.49584980636362,UNCATEGORIZED,4.9429684,8.427865
англосакс,1,91.01946622,UNCATEGORIZED,1.6767946,9.779762
монгол,16,89.337015113125,UNCATEGORIZED,1.6309979,8.86879
лэ,1,91.01946622,UNCATEGORIZED,0.35441816,6.527698
эхо,29,91.33072093448276,UNCATEGORIZED,5.545871,5.699417
чествование,2,93.70802092,UNCATEGORIZED,7.7377553,7.196429
щуп,6,84.74778836833333,UNCATEGORIZED,2.4620533,5.276621
газон,13,88.4875497707692,UNCATEGORIZED,4.228699,5.906139
загон,5,88.596568536,UNCATEGORIZED,3.87776,6.818725
дурь,3,88.55339622999999,UNCATEGORIZED,7.5823917,5.8040414
скир,1,89.94895901,UNCATEGORIZED,0.96430916,7.0841837
полиомиелит,2,83.68183105,UNCATEGORIZED,7.8722754,2.4240808
орнитолог,6,88.38540279,UNCATEGORIZED,2.8618858,10.324551
мельница,20,87.40441596000001,UNCATEGORIZED,4.213597,6.6073465
терние,5,94.312309966,UNCATEGORIZED,2.4420023,2.268311
сводница,1,89.60819462,UNCATEGORIZED,2.0700405,7.42571
салага,3,94.15508720333334,UNCATEGORIZED,0.92328244,9.367711
ара,3,94.41450683666666,UNCATEGORIZED,0.23068078,6.596481
обезьянник,1,98.52954487,UNCATEGORIZED,4.4034243,7.046412
уаз,1,98.52954487,UNCATEGORIZED,3.3174694,7.551953
минор,22,90.88219050181819,UNCATEGORIZED,0.2360595,6.1824102
груздь,18,78.89946347000001,UNCATEGORIZED,1.4396911,6.026505
лобок,5,91.94053173799999,UNCATEGORIZED,4.7551436,3.5156777
курьез,4,90.061838985,UNCATEGORIZED,7.151137,6.345276
кубинка,1,88.94955532,UNCATEGORIZED,1.715197,6.8711996
комната,22,80.91313090454545,UNCATEGORIZED,3.946979,6.3430805
сушняк,2,95.44599840000001,UNCATEGORIZED,2.5851104,2.8094518
хоровод,11,92.0330455009091,UNCATEGORIZED,5.1966386,5.7150006
каменоломня,2,91.47016581,UNCATEGORIZED,4.1934395,6.2926617
панталоны,6,89.01095451333333,UNCATEGORIZED,1.7032871,3.4641716
пятерка,13,72.29041996461538,UNCATEGORIZED,5.2077413,8.879126
снегурочка,6,84.56336424833334,UNCATEGORIZED,1.5322453,8.079637
антициклон,2,89.329896375,UNCATEGORIZED,5.046568,4.6711087
транзакция,23,93.65508539478262,UNCATEGORIZED,6.597175,4.306127
далматинец,1,83.20294468,UNCATEGORIZED,1.3483465,8.065761
кусок,12,89.11779585083333,UNCATEGORIZED,2.9521058,2.8224347
пламя,14,85.56412899714284,UNCATEGORIZED,4.714121,4.6577697
страдание,19,89.64863598736842,UNCATEGORIZED,9.377014,6.1942945
жид,6,88.02461577833333,UNCATEGORIZED,1.8662145,9.326723
апач,2,87.595564365,UNCATEGORIZED,0.8388496,8.10898
веревка,42,85.38127112285714,UNCATEGORIZED,2.849325,4.239028
бушмен,5,91.828469432,UNCATEGORIZED,1.0655009,7.7610245
ля,8,84.55008566000001,UNCATEGORIZED,0.028657002,6.1254687
бик,1,92.41891871,UNCATEGORIZED,0.67980367,6.940595
фиксация,4,90.5840860125,UNCATEGORIZED,7.2073717,4.915858
масленка,4,94.01682758,UNCATEGORIZED,3.1669905,4.292079
выигрыш,6,96.01035307333332,UNCATEGORIZED,6.747625,7.7016416
малявка,8,91.68288347125001,UNCATEGORIZED,1.756029,7.894402
дисперсия,14,92.23019580642857,UNCATEGORIZED,7.4034467,4.3271637
амфибия,17,89.07326515529411,UNCATEGORIZED,1.0973582,7.51315
квинтэссенция,30,87.43646051699999,UNCATEGORIZED,7.082428,5.5999284
триумф,9,90.50671215,UNCATEGORIZED,7.3753114,6.762696
дельтаплан,11,87.05044026727273,UNCATEGORIZED,2.9680455,6.9896035
скальпель,34,90.1918492167647,UNCATEGORIZED,2.3579507,4.4077973
обломок,5,89.80334701999999,UNCATEGORIZED,2.9478664,3.2350204
либретто,7,92.35615831571428,UNCATEGORIZED,5.27453,7.3832607
паспорт,31,89.97124810709678,UNCATEGORIZED,6.4398866,7.549952
енот,43,88.15954122372094,UNCATEGORIZED,0.17961681,8.347899
теремок,4,90.2905291025,UNCATEGORIZED,4.1384244,6.4320087
царство,2,94.24459602,UNCATEGORIZED,5.3919835,8.02316
купальня,1,91.87768049,UNCATEGORIZED,4.0845876,6.390094
латекс,5,88.84007997199998,UNCATEGORIZED,4.138708,2.8606699
самогон,16,89.838531770625,UNCATEGORIZED,3.6727338,1.7306664
протон,54,87.91142624796294,SCIENCE,5.7481136,2.7921753
мизинец,8,92.3205046775,UNCATEGORIZED,3.221122,3.8015988
хламидия,5,88.873626094,UNCATEGORIZED,7.0991855,2.4956717
диод,7,89.59803824714287,UNCATEGORIZED,2.8855567,5.6059384
прибор,8,83.489600945,UNCATEGORIZED,2.9627151,5.8506136
амперметр,7,89.77301651142857,UNCATEGORIZED,2.4945426,5.646787
ипостась,4,93.111980195,UNCATEGORIZED,8.121433,5.1262627
хамелеон,6,89.94269821166667,UNCATEGORIZED,0.26247403,7.902007
интернат,3,83.91871880333332,UNCATEGORIZED,4.54591,7.140594
клофелин,1,87.24448034,UNCATEGORIZED,4.6765037,1.7970184
экспорт,2,86.14319514499999,UNCATEGORIZED,6.9572616,6.8133316
борзая,5,90.611913672,UNCATEGORIZED,-0.22131202,8.783046
клякса,15,88.59440842666666,UNCATEGORIZED,4.6896396,4.3829446
догма,4,87.39493518500001,UNCATEGORIZED,7.2484765,5.4756527
апперкот,8,85.69534936624999,UNCATEGORIZED,5.157423,6.2186
пузан,1,79.05499646,UNCATEGORIZED,1.1571422,8.809821
брехня,3,86.70525955,UNCATEGORIZED,7.1666446,5.8371816
абсолют,20,90.73569460399999,UNCATEGORIZED,7.773699,5.037621
эмбарго,12,92.64573062416666,UNCATEGORIZED,7.4020977,6.753398
капель,16,89.068724491875,UNCATEGORIZED,3.9753206,2.1576715
великан,5,94.653438398,UNCATEGORIZED,1.4469554,8.798252
заставка,3,92.93597800333333,UNCATEGORIZED,5.8996496,5.3407106
коллега,16,88.592731470625,UNCATEGORIZED,3.1297622,9.396177
север,41,90.77754419390243,UNCATEGORIZED,5.059609,6.435513
стюардесса,4,89.30890154,UNCATEGORIZED,2.566879,8.089566
хлороформ,9,87.71590007333333,UNCATEGORIZED,4.658353,1.9081928
притяжение,13,90.46640261,UNCATEGORIZED,6.7169266,4.125584
скалолаз,31,94.93262303,UNCATEGORIZED,2.5894156,9.415508
мольберт,22,87.49477442318181,UNCATEGORIZED,2.9319565,4.553793
фрак,8,89.10209536375001,UNCATEGORIZED,1.5665131,3.59549
заклинание,6,90.02156767499999,UNCATEGORIZED,7.887451,5.978465
скейт,8,87.9741571825,UNCATEGORIZED,2.894237,6.8725867
кулиса,4,87.6852225575,UNCATEGORIZED,3.7678418,4.737782
топливо,7,87.24390604714286,UNCATEGORIZED,3.9798453,2.4861786
дефибриллятор,16,88.29816790999999,UNCATEGORIZED,2.539471,5.5099387
сталь,68,95.52107956955881,NATURE,4.43161,2.505748
ступица,2,81.177534725,UNCATEGORIZED,3.661046,4.485909
уют,14,86.33743384857142,UNCATEGORIZED,9.2977705,5.6830544
запредельность,3,89.3018694,UNCATEGORIZED,8.894841,4.1962843
полушарие,3,90.91264173,UNCATEGORIZED,8.733073,6.3675556
юрист,14,90.87647485642856,UNCATEGORIZED,3.078358,9.87066
антидот,3,89.03277359333333,UNCATEGORIZED,4.5084324,1.8285717
мустанг,5,91.51552927200001,UNCATEGORIZED,3.3182094,7.6523466
хурма,15,87.14481846466668,UNCATEGORIZED,2.0405576,1.6575866
рогалик,4,82.28374191750001,UNCATEGORIZED,2.9991343,2.3421543
конвейер,7,90.23267101571427,UNCATEGORIZED,3.5509605,6.7993
кобыла,13,77.96179847461538,UNCATEGORIZED,0.2949337,8.925044
грант,3,93.88935754,UNCATEGORIZED,0.023647428,6.944679
атолл,9,89.97590412555556,UNCATEGORIZED,4.4280443,6.253867
мерин,3,65.90876027333333,UNCATEGORIZED,0.31940746,8.893697
экстрасенс,5,89.43661380799999,UNCATEGORIZED,2.3727777,9.492743
смартфон,11,86.76332208454546,UNCATEGORIZED,2.8247907,6.114574
бейсболка,1,91.24294737,UNCATEGORIZED,1.7821406,3.4119394
детектив,11,90.98024110818183,UNCATEGORIZED,3.176121,9.360654
корзина,40,85.06751693700001,UNCATEGORIZED,3.0964143,4.2804766
алхимия,6,90.42939623333332,UNCATEGORIZED,6.9509215,4.6250343
ионосфера,1,93.87833908,UNCATEGORIZED,6.406684,4.088516
плоскостопие,2,94.91518421500001,UNCATEGORIZED,7.9615507,2.9876635
сорочка,2,86.73483327,UNCATEGORIZED,1.7712216,3.4180403
трудность,7,90.18130481714286,UNCATEGORIZED,8.960904,5.318961
статистика,12,90.27544329916667,UNCATEGORIZED,6.9661617,5.089001
гимнаст,4,88.77327436,UNCATEGORIZED,2.485677,9.409356
благородство,6,92.64365965666666,UNCATEGORIZED,9.663008,5.479791
заговор,2,94.60404073999999,UNCATEGORIZED,7.7969384,6.117261
термостат,7,87.60220541142857,UNCATEGORIZED,2.680941,5.528025
манеж,8,91.60610417000001,UNCATEGORIZED,4.3753676,7.024024
овраг,13,91.14963547461538,UNCATEGORIZED,4.364247,5.650534
радиостанция,1,90.97455089,UNCATEGORIZED,3.2414732,6.1372356
полюс,29,91.19484854689655,UNCATEGORIZED,4.7568917,6.2268996
вокзал,12,90.4018483475,UNCATEGORIZED,3.8243876,7.5114026
ацетон,11,89.34168109454545,UNCATEGORIZED,4.4306145,2.1917462
аккордеон,17,88.37843026294118,UNCATEGORIZED,4.099795,7.878484
лесоповал,10,88.42797443000002,UNCATEGORIZED,4.425305,6.7256474
измождение,1,85.09464004,UNCATEGORIZED,8.451602,4.991275
динамо,4,90.10078271,UNCATEGORIZED,3.905658,8.54719
креп,3,92.14421824333334,UNCATEGORIZED,4.0158224,3.1113346
отверстие,9,85.88351657777778,UNCATEGORIZED,4.1104903,5.3716526
профнепригодность,2,88.119065265,UNCATEGORIZED,9.223563,4.787052
шапокляк,4,89.22011710999999,UNCATEGORIZED,1.5567472,7.566586
трубопровод,9,88.96154103666667,UNCATEGORIZED,3.2330186,5.4147105
сморчок,13,84.32595246692307,UNCATEGORIZED,0.9612937,9.385377
сосиска,22,88.52069100772728,UNCATEGORIZED,3.0189886,2.65076
брак,23,88.40169004173912,UNCATEGORIZED,7.519515,7.2154365
воспитатель,7,90.56639531142856,UNCATEGORIZED,3.0303202,9.272543
чубчик,1,95.59987051,UNCATEGORIZED,2.6683404,3.3165004
окошко,3,91.02938631333332,UNCATEGORIZED,3.8958728,5.4050817
кизил,6,88.31904823166666,UNCATEGORIZED,1.8931642,1.7200441
критерий,9,92.39947186111111,UNCATEGORIZED,7.5863185,6.636412
штандарт,3,86.01927291666668,UNCATEGORIZED,1.4513505,4.3872
листопад,12,86.93570668333335,UNCATEGORIZED,7.1760087,8.682962
стратегия,14,91.27640202214285,UNCATEGORIZED,7.2450185,5.97602
молозиво,4,91.91763857999999,UNCATEGORIZED,5.767438,2.4596407
фанера,9,91.17429958888887,UNCATEGORIZED,3.8290474,3.262566
обсуждение,121,99.07233703123967,ACTION_PROCESS,6.5256767,7.7952676
вытрезвитель,48,98.51454212479166,PLACE,4.4974065,7.147943
сентенция,3,91.15366889666666,UNCATEGORIZED,6.572103,6.286565
воодушевление,15,90.88539038666666,UNCATEGORIZED,9.51532,6.1430426
клоп,31,89.3310729464516,UNCATEGORIZED,0.34225845,8.297869
мулине,4,91.13132607,UNCATEGORIZED,3.735199,3.476528
архиерей,7,88.65550198000001,UNCATEGORIZED,2.4084964,9.562689
берсерк,9,90.72791277444445,UNCATEGORIZED,0.66990185,8.685799
транскрипция,14,89.13711685428572,UNCATEGORIZED,6.538818,4.9233437
будка,14,84.07448591,UNCATEGORIZED,4.0945883,6.379323
айфон,8,88.51176566250001,UNCATEGORIZED,2.8411355,6.040671
жилет,5,88.45598402399999,UNCATEGORIZED,1.6127206,3.6555753
зоб,12,88.04465260916668,UNCATEGORIZED,7.761664,2.7531857
худоба,4,90.0560767125,UNCATEGORIZED,9.228549,4.157085
роутер,17,92.03135957117648,UNCATEGORIZED,2.658018,6.3868704
вибрация,12,89.1253128125,UNCATEGORIZED,6.9481874,4.258721
огород,41,82.06291325878048,UNCATEGORIZED,4.230708,5.959058
сцена,19,87.47147850526316,UNCATEGORIZED,6.3090925,6.3400803
минералогия,2,92.958209365,UNCATEGORIZED,6.7501364,4.630523
пункт,4,92.2458728225,UNCATEGORIZED,6.2157073,7.201495
конверсия,4,86.21865101249999,UNCATEGORIZED,7.4504843,4.828839
шпангоут,2,85.467060635,UNCATEGORIZED,3.1819186,5.227199
апноэ,5,88.368839902,UNCATEGORIZED,7.8877106,3.228491
клип,6,89.40202488666667,UNCATEGORIZED,5.490586,7.054104
черепица,11,89.02481424999999,UNCATEGORIZED,4.0129995,3.3057399
топпер,1,86.21235047,UNCATEGORIZED,0.94365036,6.919595
избирательность,4,90.40559197500001,UNCATEGORIZED,9.191102,4.583
непредсказуемость,3,90.33648142999999,UNCATEGORIZED,9.426224,4.7171664
митоз,7,88.08331678142856,UNCATEGORIZED,6.522044,3.2694538
ретинол,5,91.198527516,UNCATEGORIZED,5.010143,1.9658703
бимс,1,95.15027756,UNCATEGORIZED,3.4008875,4.9790325
каланхоэ,3,88.22846517333335,UNCATEGORIZED,2.224217,1.8417226
каре,8,93.54117134125,UNCATEGORIZED,4.9881525,8.546216
профиль,9,91.67503322666666,UNCATEGORIZED,5.0031395,5.173046
прикус,2,90.57441503999999,UNCATEGORIZED,4.1224055,3.487893
сантиметр,5,87.107524142,UNCATEGORIZED,4.55226,4.365516
козерог,9,87.31159253333334,UNCATEGORIZED,-0.4057592,8.424716
удовлетворение,5,82.250062052,UNCATEGORIZED,9.411914,6.1798935
пыльца,15,85.52456731200002,UNCATEGORIZED,3.735372,2.456766
минералог,2,95.84411277000001,UNCATEGORIZED,2.8457243,10.400404
спесь,9,89.26023073777779,UNCATEGORIZED,9.412196,5.3473024
сугроб,20,87.8550056075,UNCATEGORIZED,5.0704193,4.5509405
пиджак,60,95.58091751433334,OBJECT_HOME,1.6309798,3.57442
суверенитет,5,91.58936028800001,UNCATEGORIZED,8.903981,5.239607
слеза,19,85.96556930736843,UNCATEGORIZED,4.4383655,4.225296
полупроводник,15,89.308360828,UNCATEGORIZED,4.8883076,2.7680354
эссенция,7,82.81085247857142,UNCATEGORIZED,4.5390434,2.3028002
афродизиак,6,86.161708535,UNCATEGORIZED,4.6712713,1.7920554
пастух,9,90.55878528444445,UNCATEGORIZED,3.3856072,8.149012
комсомолец,1,89.62799942,UNCATEGORIZED,2.244175,10.1721525
космология,6,87.63074978000002,UNCATEGORIZED,7.0243793,4.66081
страшилка,1,89.62799942,UNCATEGORIZED,6.3828087,6.0281262
подлость,6,88.26368533333334,UNCATEGORIZED,9.079894,5.442454
делянка,1,91.07500545,UNCATEGORIZED,4.095491,5.9096975
хруст,10,87.57268178300001,UNCATEGORIZED,5.629059,5.916742
пинок,5,92.25958955799999,UNCATEGORIZED,5.2039933,6.0164227
агрегат,7,86.75856200857142,UNCATEGORIZED,3.0299506,5.7530904
образование,24,89.54296538083334,UNCATEGORIZED,7.93858,6.7186384
мутабор,2,86.83988361499999,UNCATEGORIZED,1.0946727,7.656815
пластик,42,87.91782828142857,UNCATEGORIZED,3.7847207,3.1729488
тост,8,88.07003910875,UNCATEGORIZED,3.6928837,1.794839
телевидение,6,92.65994725333333,UNCATEGORIZED,5.109285,7.1238847
брюла,1,92.6475566,UNCATEGORIZED,1.2306842,6.763394
брадобрей,7,89.24104684285716,UNCATEGORIZED,2.574349,9.700201
зачет,6,90.774980605,UNCATEGORIZED,6.3117976,7.564321
родник,3,83.43019324666666,UNCATEGORIZED,4.4566336,5.618121
лисичка,6,78.30307664666667,UNCATEGORIZED,0.17993622,8.236136
справедливость,25,90.8725130524,UNCATEGORIZED,9.106077,5.8127913
канцелярия,14,91.69612232,UNCATEGORIZED,5.4115458,7.6403694
пила,25,89.4889525284,UNCATEGORIZED,3.5948203,1.6741687
обморок,6,90.88411179833334,UNCATEGORIZED,8.240719,3.2961257
шанс,8,88.13501861374999,UNCATEGORIZED,8.234019,7.250193
крюк,16,91.28684994,UNCATEGORIZED,2.1526663,4.844613
бук,4,86.5601667275,UNCATEGORIZED,1.662819,2.097611
вранье,12,90.22975740416666,UNCATEGORIZED,7.9583106,5.8147783
текучка,2,86.98631226,UNCATEGORIZED,6.88322,5.707059
разговор,7,80.35050568285715,UNCATEGORIZED,7.1238623,7.298643
сатура,2,97.405654095,UNCATEGORIZED,1.0569581,6.993735
воспитание,10,90.22233064299999,UNCATEGORIZED,8.021313,6.83486
наследие,7,92.18663498142858,UNCATEGORIZED,6.9813623,7.5562615
станция,19,86.9026788531579,UNCATEGORIZED,4.7390633,7.049211
хайка,11,88.51033731727271,UNCATEGORIZED,0.9860646,6.5797763
остекление,2,94.436339565,UNCATEGORIZED,2.7481244,5.3846784
реклама,22,89.56720140545453,UNCATEGORIZED,6.787072,6.684064
зажигалка,8,87.92398038875,UNCATEGORIZED,3.2194886,4.2505302
предприятие,2,90.95629911,UNCATEGORIZED,5.723587,7.97944
хохот,7,90.17637368714284,UNCATEGORIZED,5.8202653,5.9302783
платок,23,85.00092299565218,UNCATEGORIZED,2.0028913,3.7719383
пришелец,8,88.95600633125,UNCATEGORIZED,1.5418745,9.044523
земляника,17,83.34936292941177,UNCATEGORIZED,1.7657479,1.5844214
вагоновожатый,1,89.00932259,UNCATEGORIZED,3.2141774,8.215755
миллиметр,7,86.17786644142858,UNCATEGORIZED,4.5297832,4.3513746
простор,8,90.62472784875,UNCATEGORIZED,5.0637994,5.0475264
кулер,6,93.11113741166668,UNCATEGORIZED,2.772599,5.439055
скандал,7,90.86134910142857,UNCATEGORIZED,7.3532996,6.458623
пилюля,7,91.32727273,UNCATEGORIZED,4.425803,2.1542635
дюраль,1,91.98329947,UNCATEGORIZED,4.3334556,2.851314
холокост,3,91.07625934333333,UNCATEGORIZED,8.136071,5.2258306
соцветие,10,84.790986739,UNCATEGORIZED,2.6925352,2.5532346
анорексия,2,93.312233585,UNCATEGORIZED,8.063281,3.1151884
ориентация,9,89.62032465555556,UNCATEGORIZED,7.4244637,5.309242
теленок,15,73.86995701933333,UNCATEGORIZED,0.1398591,8.740709
громкость,7,87.74405813571427,UNCATEGORIZED,3.5141993,5.797062
смерть,99,88.18991757222221,ABSTRACT,8.371674,6.746677
жало,14,90.45631326928573,UNCATEGORIZED,1.9073478,4.6960354
миллион,9,83.40085552222223,UNCATEGORIZED,6.543618,8.147564
отрыжка,14,92.07551730214286,UNCATEGORIZED,8.12369,2.9291775
скважина,12,86.39044896749999,UNCATEGORIZED,4.1296325,5.5951643
кинетика,6,89.54672469,UNCATEGORIZED,6.589495,3.96206
сериал,13,89.84099524230768,UNCATEGORIZED,5.4988856,7.09465
геном,7,92.03694758714286,UNCATEGORIZED,6.5575237,3.8719459
летальность,5,93.010303634,UNCATEGORIZED,7.5999947,2.8774123
сегмент,5,91.689082656,UNCATEGORIZED,4.669808,6.801874
явление,10,87.52530133100001,UNCATEGORIZED,8.039982,7.140606
пенал,38,84.44937575736841,UNCATEGORIZED,2.5378172,4.5408764
ожог,5,88.25313678199998,UNCATEGORIZED,4.8401003,4.0467954
гармония,18,87.51458759222221,UNCATEGORIZED,8.827004,5.1467924
будильник,19,89.80249130421053,UNCATEGORIZED,2.825583,5.9229
лактация,6,93.29737182499998,UNCATEGORIZED,7.8033924,3.1919827
гавай,1,90.39571926,UNCATEGORIZED,3.4484072,6.2694235
ритуал,4,90.3541269525,UNCATEGORIZED,7.4953084,7.192207
кабала,4,88.52032471499999,UNCATEGORIZED,5.219936,6.4439316
полночь,2,89.024687365,UNCATEGORIZED,7.339012,8.131291
имя,43,86.96569594116278,UNCATEGORIZED,6.586821,6.7098336
маска,43,86.87953780860465,UNCATEGORIZED,4.4343877,4.124855
эпос,7,88.46690593857144,UNCATEGORIZED,6.5872736,6.314549
горчица,7,89.58794060857144,UNCATEGORIZED,2.6098847,1.4697129
трояк,2,86.46331782,UNCATEGORIZED,4.3897834,4.385861
сексолог,1,84.43844976,UNCATEGORIZED,2.9044573,10.3939495
пидорас,12,77.67087781083335,UNCATEGORIZED,1.0280253,9.127275
каллиграфия,16,89.49282393125,UNCATEGORIZED,6.415379,4.757553
геноцид,13,88.61179480615384,UNCATEGORIZED,8.100907,5.5951796
календула,12,88.413332615,UNCATEGORIZED,1.8308953,1.7790486
месячные,4,85.58109808999998,UNCATEGORIZED,7.820453,3.2474601
сполох,1,84.54419183,UNCATEGORIZED,4.6636863,4.8981905
зазеркалье,1,84.54419183,UNCATEGORIZED,6.324191,5.9415164
размазня,3,86.57369609666667,UNCATEGORIZED,0.8413113,9.69498
промискуитет,10,85.45209079600001,UNCATEGORIZED,7.9841776,4.851315
лейтмотив,5,86.87241619400001,UNCATEGORIZED,6.5638213,6.6261015
расторопность,3,93.65956942999999,UNCATEGORIZED,9.831059,5.2416835
брадикардия,2,95.530498635,UNCATEGORIZED,7.8209867,3.1518672
хижина,13,83.98205410846154,UNCATEGORIZED,4.2137394,6.51277
собор,16,92.888915938125,UNCATEGORIZED,4.5821705,6.6390085
охрана,9,92.05430395333332,UNCATEGORIZED,5.1574407,8.258811
котел,22,90.05607352363637,UNCATEGORIZED,2.8502862,4.2737837
рассольник,3,76.15074656,UNCATEGORIZED,3.0864823,2.0321736
цианид,7,88.50257750714286,UNCATEGORIZED,4.6985574,1.9356474
морфема,12,88.42704093666667,UNCATEGORIZED,6.688936,4.3673115
гипсокартон,2,85.476390125,UNCATEGORIZED,4.1851907,3.0538301
реликт,2,86.70635877000001,UNCATEGORIZED,7.0573373,5.5959277
преобразователь,2,96.41614457,UNCATEGORIZED,2.925474,5.8110766
труп,35,89.53341433400001,UNCATEGORIZED,4.0734944,5.4913354
соус,12,85.23812487583332,UNCATEGORIZED,2.9512074,1.6334821
вдохновение,43,89.99288170953487,UNCATEGORIZED,9.08673,6.264019
смазка,8,93.0345895875,UNCATEGORIZED,6.0006332,4.1959014
гриш,1,94.16211623,UNCATEGORIZED,1.5303628,8.223819
грубиян,1,94.16211623,UNCATEGORIZED,1.0931286,9.885184
словосочетание,7,87.27017558,UNCATEGORIZED,6.335344,5.7520747
соты,3,94.28697309,UNCATEGORIZED,3.875621,6.760646
гоца,1,94.16211623,UNCATEGORIZED,0.93033594,6.280651
громовержец,3,86.61889721333334,UNCATEGORIZED,1.2783681,8.136649
мать,65,79.68448969815385,PERSON,2.372517,8.229339
крушение,3,93.66850809333333,UNCATEGORIZED,7.8833284,6.456046
прессинг,1,92.08949171,UNCATEGORIZED,7.9298735,5.621994
разворот,15,95.27110126266666,UNCATEGORIZED,5.469411,6.3839607
сланец,15,92.20202785266665,UNCATEGORIZED,4.151912,2.540468
кесарь,3,90.97933574,UNCATEGORIZED,2.4418287,8.838863
лазейка,5,88.45936089199999,UNCATEGORIZED,5.8920937,5.600088
кешью,6,89.87616405166666,UNCATEGORIZED,2.3195913,1.5867267
вольнодумец,2,89.0076787,UNCATEGORIZED,1.7640268,10.093031
мораль,13,91.62043731692309,UNCATEGORIZED,8.229262,5.7228074
привет,22,85.95666701636364,UNCATEGORIZED,2.250758,8.130704
гранулема,2,77.828811215,UNCATEGORIZED,7.6516824,2.7305605
измышление,2,84.72849024,UNCATEGORIZED,8.407325,5.367268
плинтус,30,88.69787125766668,UNCATEGORIZED,3.4560983,4.7937827
скворец,4,87.7904647475,UNCATEGORIZED,0.06419699,7.8937545
сакрализация,1,78.65158438,UNCATEGORIZED,7.3588777,4.5185556
чердак,9,84.22972030333332,UNCATEGORIZED,3.974406,6.253247
силуэт,7,86.91694553857143,UNCATEGORIZED,4.910995,5.0948815
равновесие,3,89.67850484333333,UNCATEGORIZED,9.514072,5.6916595
звездолет,10,89.43036409499999,UNCATEGORIZED,3.1874297,7.0134697
кочерга,17,88.05848622529412,UNCATEGORIZED,2.9815044,4.439635
бдительность,4,92.0570838675,UNCATEGORIZED,9.882795,5.274582
лажа,5,91.984997058,UNCATEGORIZED,6.8001766,5.707127
крепдешин,9,87.2846924211111,UNCATEGORIZED,4.0367994,3.1266644
люля,3,90.84292371666668,UNCATEGORIZED,1.2456805,7.4243426
час,17,87.01459028000001,UNCATEGORIZED,7.3172274,8.149895
пуант,27,87.66631860925925,UNCATEGORIZED,0.90862185,6.589231
чугун,16,86.511863250625,UNCATEGORIZED,4.4567633,2.5367122
склока,1,88.80825602,UNCATEGORIZED,6.872873,5.9873
раболепство,1,88.80825602,UNCATEGORIZED,8.616337,5.236622
синедрион,1,88.80825602,UNCATEGORIZED,5.829605,8.159618
постер,20,88.44673526949998,UNCATEGORIZED,5.2007756,5.6586475
туча,26,87.82154810076925,UNCATEGORIZED,5.04085,4.735082
бусинка,3,86.55792521666666,UNCATEGORIZED,3.758775,4.211128
рот,47,79.00034426510639,UNCATEGORIZED,3.988791,3.8908806
писька,26,82.70003645999999,UNCATEGORIZED,3.8303676,4.266589
смельчак,1,94.84544514,UNCATEGORIZED,1.3525313,9.768809
патока,6,90.23019997166666,UNCATEGORIZED,3.666364,2.3272903
чат,10,90.09286652,UNCATEGORIZED,3.1648867,6.416946
ток,28,87.95416562749999,UNCATEGORIZED,3.7023215,5.2432446
кокс,6,86.62055151499999,UNCATEGORIZED,0.017444758,6.7871366
комбайн,12,88.62260189250001,UNCATEGORIZED,3.3826504,7.113917
случай,8,91.80033436625,UNCATEGORIZED,7.964667,7.422692
наука,32,83.6001528875,UNCATEGORIZED,7.3036833,5.2846665
клан,8,89.82188049249999,UNCATEGORIZED,5.1399307,8.044413
узник,4,86.77857129750001,UNCATEGORIZED,1.7892138,9.712536
плашка,2,87.59415292,UNCATEGORIZED,3.7670832,4.335988
голубика,10,81.036186132,UNCATEGORIZED,1.7593035,1.5533516
самосожжение,1,86.75743066,UNCATEGORIZED,7.8272734,6.8095536
ключница,4,85.19883939249999,UNCATEGORIZED,2.110732,7.8942156
скрижаль,7,91.03189533142857,UNCATEGORIZED,3.7048168,5.2677026
блеск,21,88.74595261285715,UNCATEGORIZED,4.759745,4.4557557
затея,5,90.81402886,UNCATEGORIZED,7.331755,6.303806
бордель,3,89.43576059000002,UNCATEGORIZED,4.210836,7.1585364
портянка,5,87.578211774,UNCATEGORIZED,3.098525,3.75791
ветрянка,7,91.33549842142858,UNCATEGORIZED,7.872574,2.3928998
ансамбль,4,90.4698078675,UNCATEGORIZED,5.4276347,7.4037294
изразец,3,87.63415731333333,UNCATEGORIZED,2.9543815,4.9180174
раскрепощение,1,86.03361873,UNCATEGORIZED,8.403118,5.3766117
светило,25,91.0732223216,UNCATEGORIZED,4.840773,4.7294245
желток,8,88.50673276750001,UNCATEGORIZED,3.016586,1.5277717
дублет,1,82.65552893,UNCATEGORIZED,1.5956445,3.6590495
антрекот,7,84.35720017428571,UNCATEGORIZED,3.1131003,2.063101
помысел,1,82.65552893,UNCATEGORIZED,1.6532143,9.363924
интимность,3,85.44771443333333,UNCATEGORIZED,9.748663,4.709959
перламутр,8,88.90192408625,UNCATEGORIZED,4.2210813,1.9543257
киноактер,1,94.44923694,UNCATEGORIZED,3.329225,9.883625
лотус,1,93.20283849,UNCATEGORIZED,1.2712017,7.0377197
квантум,1,93.20283849,UNCATEGORIZED,2.6401937,6.609108
гной,14,90.24935676857142,UNCATEGORIZED,5.186538,3.6653697
прорыв,1,87.71555221,UNCATEGORIZED,7.3205366,6.8519244
пустяк,6,89.91695758833333,UNCATEGORIZED,7.4677415,6.0490227
поцелуй,17,89.77484692941177,UNCATEGORIZED,7.9107575,6.6981654
конфорка,3,87.63937014666665,UNCATEGORIZED,3.4274836,5.038127
устранение,2,88.06818655999999,UNCATEGORIZED,8.191402,6.509397
политиканство,1,92.25753117,UNCATEGORIZED,8.4318495,5.2066054
тепло,25,82.57369002399999,UNCATEGORIZED,5.4357963,4.2967153
свист,20,88.5572083565,UNCATEGORIZED,5.6856647,5.9629555
презумпция,19,87.60738332894739,UNCATEGORIZED,7.504601,5.0894704
невиновность,4,92.43474298250001,UNCATEGORIZED,9.25764,5.0986357
резон,2,84.665669635,UNCATEGORIZED,7.620287,6.5625863
псориаз,2,92.915585475,UNCATEGORIZED,7.8538055,2.590091
дровосек,9,87.71996140888889,UNCATEGORIZED,1.4401118,9.05042
телепат,3,89.84043916666666,UNCATEGORIZED,2.3177562,9.662956
румба,3,90.87618267,UNCATEGORIZED,2.868391,6.2820745
фильм,25,87.13112651,ART_CULTURE,5.6641626,7.120594
сучок,4,93.43754408250001,UNCATEGORIZED,2.165863,2.919432
номер,17,86.61341931588237,UNCATEGORIZED,3.617514,6.5819798
треск,8,91.293076235,UNCATEGORIZED,5.677526,5.912393
аналогия,6,93.17639795666668,UNCATEGORIZED,7.3525076,5.757875
лейкемия,6,87.96838877666666,UNCATEGORIZED,7.8254733,2.7442713
сомбреро,6,89.53327278333335,UNCATEGORIZED,1.7401075,3.5245764
переносица,9,90.38515955111112,UNCATEGORIZED,4.0131493,3.721015
бикс,1,85.34162598,UNCATEGORIZED,0.5126092,6.998779
спелеология,3,84.81788516333334,UNCATEGORIZED,6.844687,2.9225333
блейзер,2,85.61902958499999,UNCATEGORIZED,1.5486887,3.6086912
уродина,1,85.34162598,UNCATEGORIZED,0.84083736,9.173889
достижение,8,85.61007146,UNCATEGORIZED,8.130453,6.7503033
пахан,3,84.64641295666667,UNCATEGORIZED,1.931913,8.865084
крышка,30,86.57524570433331,UNCATEGORIZED,3.5206008,4.665254
адепт,7,91.85488630714285,UNCATEGORIZED,2.1645305,9.080366
хлорофилл,30,87.60681134933334,UNCATEGORIZED,5.4547544,2.326493
царапина,2,89.87203644,UNCATEGORIZED,4.711383,4.1816087
чувственность,112,98.53206008303572,ABSTRACT,9.591828,5.322802
захолустье,2,93.076555385,UNCATEGORIZED,4.829206,6.2414727
скрежет,2,88.90536972000001,UNCATEGORIZED,5.6313677,5.91714
орнамент,18,89.89865887500001,UNCATEGORIZED,5.223684,5.2762127
огнемет,4,91.60077161500001,UNCATEGORIZED,2.0246074,5.2582536
треска,7,86.86997352714285,UNCATEGORIZED,0.26027724,5.162666
срыв,12,95.11981409916667,UNCATEGORIZED,7.693164,6.4005737
пророк,9,92.50871511444444,UNCATEGORIZED,2.2345433,9.488287
марксист,3,86.93151143666667,UNCATEGORIZED,2.0210955,10.1892185
гра,1,83.67668393,UNCATEGORIZED,0.065432586,6.1589327
поддых,1,83.67668393,UNCATEGORIZED,5.092424,6.0245886
мот,6,86.92348195833334,UNCATEGORIZED,1.3613127,9.805236
уфолог,2,87.99661066499999,UNCATEGORIZED,2.9009044,10.324032
сублимация,22,88.50997893954546,UNCATEGORIZED,7.5625033,4.401965
сифилис,29,88.93199049413793,UNCATEGORIZED,7.8163238,2.5158305
читка,3,89.86227624666667,UNCATEGORIZED,6.6147413,5.442547
хлыст,6,89.74576365666667,UNCATEGORIZED,2.0488937,4.46745
донка,1,92.88070313,UNCATEGORIZED,0.93310374,6.394975
дегидратация,1,95.99181629,UNCATEGORIZED,6.771577,3.15999
платежка,1,79.88109077,UNCATEGORIZED,4.1121144,3.1166625
скит,2,85.84275364,UNCATEGORIZED,4.5909443,6.643601
двурушничество,1,79.88109077,UNCATEGORIZED,8.328876,5.084184
плакса,3,88.81731504666665,UNCATEGORIZED,0.83817714,9.708396
селянка,1,79.88109077,UNCATEGORIZED,2.1617136,7.4281178
колобок,21,88.67737744714286,UNCATEGORIZED,0.3145302,8.29941
вуаль,18,91.07159996944445,UNCATEGORIZED,1.9631311,3.5530264
ямщик,10,86.274713247,UNCATEGORIZED,3.1990542,8.031389
резистентность,13,92.8444341546154,UNCATEGORIZED,8.912451,4.4087315
кубышка,4,89.926594765,UNCATEGORIZED,3.3881235,4.1567907
джем,4,83.8956287975,UNCATEGORIZED,3.224321,1.824696
премия,7,91.59509679428571,UNCATEGORIZED,6.720612,7.78852
оркестр,19,91.5201030936842,UNCATEGORIZED,5.5526853,7.2811837
разрыхлитель,2,74.110626095,UNCATEGORIZED,3.0133736,1.5436829
ваниль,11,86.6943281290909,UNCATEGORIZED,2.4173186,1.4407235
ябеда,11,89.02942790636365,UNCATEGORIZED,1.0105817,9.706617
аппендикс,22,90.80549684363636,UNCATEGORIZED,4.891696,3.443161
легенда,28,90.97845748321427,UNCATEGORIZED,6.92065,6.3909125
одуван,1,92.42694559,UNCATEGORIZED,1.043599,7.265397
спринтер,1,96.39393962,UNCATEGORIZED,2.6659696,9.414169
эвтаназия,20,89.54789475449999,UNCATEGORIZED,7.471381,4.442512
гибискус,8,90.71526842875,UNCATEGORIZED,1.9141937,2.1469922
променад,7,89.90415104285714,UNCATEGORIZED,5.8621755,6.938796
элитарность,3,90.92863409666666,UNCATEGORIZED,9.111813,4.3248796
гормон,10,89.150405432,UNCATEGORIZED,5.80759,2.3799534
флагшток,6,84.73862257,UNCATEGORIZED,1.5717368,4.448375
риска,1,88.391631,UNCATEGORIZED,7.9779773,7.1033616
стезя,3,79.84404228333334,UNCATEGORIZED,6.12666,5.472243
покровительство,1,88.391631,UNCATEGORIZED,8.973127,6.564591
смутьян,2,84.858000265,UNCATEGORIZED,1.4922276,9.892087
трилобит,10,88.43473588100001,UNCATEGORIZED,1.1481864,8.121384
яма,41,87.75557335414635,UNCATEGORIZED,4.440483,5.430836
ядро,78,89.44898095730768,SCIENCE,5.5407014,3.6412337
ураган,26,90.95614460076922,UNCATEGORIZED,5.2615147,5.037603
циферблат,2,86.44403466,UNCATEGORIZED,2.7277482,5.824092
пьеса,6,89.38306674666667,UNCATEGORIZED,6.2812448,6.669215
сойка,8,90.07159584249999,UNCATEGORIZED,-0.07513448,7.8374057
бригантина,2,86.49372005500001,UNCATEGORIZED,2.917806,6.8246617
цыган,16,91.77970010249999,UNCATEGORIZED,1.6831784,8.94774
бивень,6,87.871428245,UNCATEGORIZED,1.962761,4.9381394
эпиляция,3,90.58680372666667,UNCATEGORIZED,6.462734,3.9215918
разлука,4,89.9439593025,UNCATEGORIZED,7.975352,6.530989
раздрай,1,88.15461241,UNCATEGORIZED,7.351167,6.1804647
совершеннолетие,1,88.15461241,UNCATEGORIZED,7.277546,7.876704
аконит,1,88.15461241,UNCATEGORIZED,1.9765946,2.0223932
идальго,3,90.48070738333332,UNCATEGORIZED,2.5414648,8.355037
комп,4,84.2008734775,UNCATEGORIZED,2.939993,6.0781217
лоп,1,90.74587615,UNCATEGORIZED,0.9861213,6.4969316
расплав,1,97.33623545,UNCATEGORIZED,4.3596635,2.6058712
невезение,2,95.15216827,UNCATEGORIZED,8.752352,6.159278
буль,3,82.82914074000001,UNCATEGORIZED,0.669224,7.7079678
угар,4,92.060259185,UNCATEGORIZED,8.555597,5.355497
жанр,9,86.11436290555554,UNCATEGORIZED,6.51611,6.40101
экзистенция,23,90.22398789086955,UNCATEGORIZED,8.103742,4.694698
подворотня,1,82.69674254,UNCATEGORIZED,4.191641,6.3398514
артель,3,90.54882913333334,UNCATEGORIZED,5.1596837,7.712605
одина,98,94.9561162762245,ABSTRACT,1.6230437,7.5586963
двом,54,91.89135768518518,ABSTRACT,-0.21758796,5.88322
мул,13,92.76068672307692,UNCATEGORIZED,0.32794574,8.876917
маршрутка,6,91.39990958333333,UNCATEGORIZED,3.5395246,7.6962442
падчерица,8,92.8594016,UNCATEGORIZED,2.2758539,8.030458
пряность,7,92.70186323428572,UNCATEGORIZED,2.5328026,1.4784529
топлес,1,85.67776076,UNCATEGORIZED,4.9706135,3.9746556
торпеда,10,86.54846576199999,UNCATEGORIZED,2.880462,6.52291
аналог,9,88.71482174111111,UNCATEGORIZED,6.564978,6.255637
культя,8,86.62249236375001,UNCATEGORIZED,3.7481666,3.8754158
антропоцентризм,1,84.74153634,UNCATEGORIZED,8.146935,4.5738277
буран,6,88.89603312500002,UNCATEGORIZED,5.389886,4.606807
простолюдин,2,83.516170655,UNCATEGORIZED,2.0400333,9.681648
лимб,6,87.05874988166666,UNCATEGORIZED,4.3693395,6.249698
аверс,3,88.18565061666668,UNCATEGORIZED,3.602777,4.953405
ловушка,7,88.84411201857142,UNCATEGORIZED,6.9962707,6.073743
арбитраж,15,89.37822065866666,UNCATEGORIZED,7.1415925,7.310114
клюшка,18,89.80564209111111,UNCATEGORIZED,3.4467194,4.637035
космолет,6,92.87218357833332,UNCATEGORIZED,3.1240647,7.0672827
сострадание,19,95.1807310036842,UNCATEGORIZED,9.481723,6.04763
рычаг,15,90.72486178666666,UNCATEGORIZED,2.8274767,5.655675
зубр,10,89.641609332,UNCATEGORIZED,0.17566022,8.57834
аутодафе,20,94.13513167400001,UNCATEGORIZED,7.6833444,7.058631
гранит,18,87.16981103222221,UNCATEGORIZED,4.0680723,2.752067
плебей,8,92.90138624125,UNCATEGORIZED,1.5225075,9.765296
пробел,10,92.569532062,UNCATEGORIZED,5.416858,5.38256
анаконда,23,87.5576049678261,UNCATEGORIZED,0.14952785,8.146122
виталь,1,78.09047159,UNCATEGORIZED,0.86636335,6.9115267
кал,35,86.05380547142857,UNCATEGORIZED,-0.40243757,5.7079
кноп,1,78.09047159,UNCATEGORIZED,1.0610915,7.069298
моряк,9,90.99071764222222,UNCATEGORIZED,2.8840573,9.271782
психика,8,89.56584126625,UNCATEGORIZED,7.584506,5.2341957
стойка,5,93.198221718,UNCATEGORIZED,3.4200408,4.606397
трюизм,3,89.45263210333333,UNCATEGORIZED,7.553815,5.4163523
ров,10,90.438906233,UNCATEGORIZED,4.3427315,5.6757274
почтение,1,95.02409633,UNCATEGORIZED,9.549462,6.2556043
мотыль,2,94.29652604,UNCATEGORIZED,0.48243955,5.1338916
кальцит,1,92.00503084,UNCATEGORIZED,4.419101,2.3222408
опись,1,92.00503084,UNCATEGORIZED,6.5237207,7.434177
предел,4,91.1404381,UNCATEGORIZED,4.8538623,5.665977
замок,74,87.22678760932433,OBJECT_HOME,4.1507354,6.2064295
покрывало,16,87.461617295,UNCATEGORIZED,2.4360971,3.9704845
латынь,7,88.1853228257143,UNCATEGORIZED,6.094441,6.1705017
бокс,20,88.7503711075,UNCATEGORIZED,4.185225,8.314913
помпа,7,88.88651696142857,UNCATEGORIZED,3.2517514,5.4147005
выходка,2,89.30198283,UNCATEGORIZED,7.356693,6.2808495
прорицание,4,88.499052205,UNCATEGORIZED,8.443612,6.623226
арбалет,25,88.51951236640001,UNCATEGORIZED,1.8632125,4.905623
отрава,4,90.80218131250001,UNCATEGORIZED,4.458965,1.9192024
проктолог,39,96.84710488564103,UNCATEGORIZED,2.7067714,10.301928
алтарь,10,92.12822532099999,UNCATEGORIZED,4.5789175,6.1454215
актер,16,84.997935298125,UNCATEGORIZED,3.4006724,9.816287
экспонент,25,91.4560763652,UNCATEGORIZED,6.7573113,4.359063
умиротворение,4,88.620190385,UNCATEGORIZED,9.334082,5.945516
ассасин,2,86.92655562499999,UNCATEGORIZED,1.7371649,8.792911
нимб,12,92.40130975250001,UNCATEGORIZED,4.6933813,4.8273296
секта,17,90.85316748823529,UNCATEGORIZED,5.5673685,7.949795
ростовщик,6,85.631601875,UNCATEGORIZED,2.177274,9.854735
батог,2,76.31201995,UNCATEGORIZED,2.4635944,5.4521465
померанец,2,78.59495691000001,UNCATEGORIZED,1.4592984,7.5338144
клецка,4,86.374884545,UNCATEGORIZED,3.1312618,1.859019
пендель,5,86.705587616,UNCATEGORIZED,5.1251197,6.1269574
аспирин,15,90.07720620066668,UNCATEGORIZED,4.6278386,1.7807146
эпилог,7,88.28808992285714,UNCATEGORIZED,6.4512935,6.7942395
фрейдизм,2,87.02872400999999,UNCATEGORIZED,8.061862,4.4884577
скарлатина,4,91.843750755,UNCATEGORIZED,7.8704886,2.4392817
чувство,39,89.39490193179488,UNCATEGORIZED,9.114544,6.4302993
томат,27,88.11453776074075,UNCATEGORIZED,2.4488554,1.3570368
грядка,14,87.6905316692857,UNCATEGORIZED,4.1127453,6.037835
предрасположенность,2,92.822480445,UNCATEGORIZED,8.710195,3.998912
фтор,18,87.33431115722223,UNCATEGORIZED,4.8818045,2.207203
дерн,3,92.2598751,UNCATEGORIZED,3.8930802,3.0661275
тюфяк,5,89.93059613199998,UNCATEGORIZED,2.6511128,4.079545
мамалыга,5,86.43799386399999,UNCATEGORIZED,3.0277896,2.2463505
грабли,18,89.61708044944444,UNCATEGORIZED,2.183362,4.6186495
определенность,2,92.03920177,UNCATEGORIZED,9.068904,4.7514505
плотность,7,89.24311292285714,UNCATEGORIZED,6.2001567,4.9333005
поток,22,86.86239589272726,UNCATEGORIZED,5.0767164,5.2484517
резвость,3,91.19063491000001,UNCATEGORIZED,9.730079,4.9315734
однозначность,4,93.37487054249999,UNCATEGORIZED,9.216038,4.529915
маршрутизатор,28,94.5544686467857,UNCATEGORIZED,2.857141,6.2669954
настройка,7,91.30552960571428,UNCATEGORIZED,6.9209933,4.964588
логин,5,95.979169374,UNCATEGORIZED,3.0562725,6.4927206
вакуоль,19,90.07303562894738,UNCATEGORIZED,5.686859,3.0408933
эргономика,5,87.50355323800001,UNCATEGORIZED,6.707793,4.601359
диссертация,9,89.22202252444444,UNCATEGORIZED,6.1556005,7.1186934
салют,22,90.27907166772728,UNCATEGORIZED,6.364787,7.624132
фаталист,2,90.216808795,UNCATEGORIZED,1.6079915,10.275382
филателия,3,90.00787883333334,UNCATEGORIZED,6.775217,4.6120353
суппорт,2,93.89947518,UNCATEGORIZED,2.7630415,5.1369133
штат,8,90.62668619249999,UNCATEGORIZED,4.175803,7.2685285
шифоньер,9,88.44266510777778,UNCATEGORIZED,2.9171968,4.7273235
фекалия,14,82.94250493642858,UNCATEGORIZED,4.577407,3.038337
фасон,7,90.49881696,UNCATEGORIZED,6.2620487,5.625133
каталепсия,1,87.60895684,UNCATEGORIZED,7.815942,3.596315
инок,7,89.73190759714285,UNCATEGORIZED,2.1583562,9.6319685
оратория,1,87.60895684,UNCATEGORIZED,5.9014716,6.515822
лакей,80,99.15870516175,PERSON,2.940443,8.788404
домохозяйка,3,93.46818839999999,UNCATEGORIZED,2.2863753,7.7840657
сволочь,34,89.96256058323529,UNCATEGORIZED,0.68083787,9.286701
тэном,1,102.5016774,UNCATEGORIZED,1.0860823,6.693138
бульвар,6,91.11090279000001,UNCATEGORIZED,4.2864084,6.0974517
демократия,18,90.02368585777779,UNCATEGORIZED,7.443999,5.821674
интернационал,5,91.58762116400001,UNCATEGORIZED,5.6701217,7.680913
пастушка,1,94.04179688,UNCATEGORIZED,1.7655413,8.001692
император,14,95.23986003428571,UNCATEGORIZED,2.7179627,8.716085
антрацит,11,87.15153100727274,UNCATEGORIZED,4.265956,2.2961416
непонимание,3,90.32312974,UNCATEGORIZED,9.2277355,6.2056117
завистник,1,95.63613675,UNCATEGORIZED,1.3394111,9.829313
переполох,5,93.09201310600001,UNCATEGORIZED,7.053177,6.356786
парковка,13,91.58288000153847,UNCATEGORIZED,4.2952614,6.5992956
синекура,4,90.40023468999999,UNCATEGORIZED,6.773209,5.603195
лацкан,28,97.07271461,UNCATEGORIZED,2.1677551,3.744367
слуга,4,92.25696698249999,UNCATEGORIZED,2.7448745,8.880864
императрица,1,91.36056103,UNCATEGORIZED,2.438892,8.264226
оборот,2,87.15843981500001,UNCATEGORIZED,7.1985927,7.423574
сисадмин,1,85.23838101,UNCATEGORIZED,2.7025576,9.378556
флотилия,6,86.40879574166667,UNCATEGORIZED,4.7370553,8.281428
антропоморфизм,5,85.73823872599999,UNCATEGORIZED,8.1976385,4.6077447
палисадник,4,89.22189034750001,UNCATEGORIZED,4.191662,5.9801574
гардемарин,5,90.05155689799999,UNCATEGORIZED,3.2672925,9.13444
гризли,6,92.90178887666667,UNCATEGORIZED,0.21728677,8.54162
вердикт,7,89.33301760857141,UNCATEGORIZED,7.626817,7.50213
смеситель,7,88.61253898428572,UNCATEGORIZED,2.9019976,5.1922226
бетономешалка,20,90.174227112,UNCATEGORIZED,3.430152,5.324237
драматургия,5,84.7474595,UNCATEGORIZED,6.668127,5.6937666
потенция,3,92.87383548000001,UNCATEGORIZED,8.751828,4.7783775
б,29,74.75182215999999,UNCATEGORIZED,6.5510044,8.3055935
официантка,1,95.78559565,UNCATEGORIZED,2.8018136,8.311968
вымя,16,86.35713400374999,UNCATEGORIZED,3.938114,2.9891753
преображение,6,94.599993665,UNCATEGORIZED,8.292417,6.829409
эстроген,3,86.47755967666667,UNCATEGORIZED,5.9143662,2.4257321
полиандрия,2,82.04291377999999,UNCATEGORIZED,7.9538884,4.785149
фигляр,8,89.46869778624999,UNCATEGORIZED,1.4542643,9.582643
безе,7,90.74360542142857,UNCATEGORIZED,3.1860285,2.0747542
кощей,1,91.71729085,UNCATEGORIZED,1.5159969,8.938072
ажиотаж,5,93.387010162,UNCATEGORIZED,7.17691,6.2731695
антифриз,6,87.823276825,UNCATEGORIZED,4.6168733,2.2708695
лесополоса,7,89.32025382571429,UNCATEGORIZED,4.4280124,5.596362
угнетение,10,99.528980805,UNCATEGORIZED,8.352974,5.9901757
бешенство,6,92.44320107666668,UNCATEGORIZED,9.602998,6.20597
деноминация,4,90.09716948750001,UNCATEGORIZED,6.3086605,3.3074799
астения,6,87.92482968000002,UNCATEGORIZED,8.072301,3.140227
кимвал,1,86.75532708,UNCATEGORIZED,4.5067315,2.5861356
лесник,6,94.90332114333334,UNCATEGORIZED,2.0365765,9.163179
ландшафт,9,89.8006052888889,UNCATEGORIZED,5.0113325,5.4051847
садист,2,92.878620965,UNCATEGORIZED,1.2176596,9.715081
детство,18,90.85800648666668,UNCATEGORIZED,8.81811,5.9212017
инженер,15,89.80468184133333,UNCATEGORIZED,3.0151472,9.949933
трансляция,4,89.41473360500001,UNCATEGORIZED,6.5370927,5.9033146
клейковина,1,81.41017869,UNCATEGORIZED,5.5288844,2.351374
озверение,1,81.41017869,UNCATEGORIZED,8.327881,5.3269496
мегалит,2,85.58977319499999,UNCATEGORIZED,2.4731302,6.5306873
фисташка,7,87.73541195571428,UNCATEGORIZED,2.462049,1.5776554
пейзаж,17,86.78113572294117,UNCATEGORIZED,5.1340623,5.4702053
краевед,3,91.64282901666667,UNCATEGORIZED,2.9032857,10.239791
бесчинство,1,88.25729378,UNCATEGORIZED,8.60039,5.5370336
косатка,6,90.949917605,UNCATEGORIZED,2.9912329,6.8085566
транслитерация,1,92.3873735,UNCATEGORIZED,6.451799,4.901135
программист,14,86.024758165,UNCATEGORIZED,3.077237,9.679092
щиток,3,89.92148709666667,UNCATEGORIZED,2.2384117,4.3046803
уничтожение,4,94.41659248,UNCATEGORIZED,8.098127,6.4509892
бубен,14,88.35075226571428,UNCATEGORIZED,5.1858,8.926289
эвфемизм,7,86.71255520142857,UNCATEGORIZED,6.458718,5.541687
грядущее,2,89.866096575,UNCATEGORIZED,8.534728,6.731615
меченосец,3,86.74005439666666,UNCATEGORIZED,1.5010395,8.215854
эгрегор,34,87.40289510705882,UNCATEGORIZED,7.763347,5.2543535
черенок,17,92.55078057294116,UNCATEGORIZED,2.0518024,4.5658145
виолончель,42,92.17055969333333,UNCATEGORIZED,4.0674863,7.902613
ондатра,10,86.96064025400001,UNCATEGORIZED,0.22675388,8.086379
паск,1,77.71460208,UNCATEGORIZED,0.9434628,6.958317
частотность,1,84.06268685,UNCATEGORIZED,8.822132,4.3787174
электропроводность,2,84.189492415,UNCATEGORIZED,8.709091,4.0570354
тройственность,1,84.06268685,UNCATEGORIZED,8.830188,4.4901342
мазохизм,3,85.82549017000001,UNCATEGORIZED,8.252873,4.6952996
кукушка,15,88.38167752800001,UNCATEGORIZED,-0.1621908,7.9274874
растение,56,82.99840215357143,NATURE,2.1684813,2.2993963
изоморфизм,4,81.08586994,UNCATEGORIZED,7.673926,4.210605
сосняк,15,99.36217657933334,UNCATEGORIZED,2.430792,2.7562833
ассириец,1,80.72858503,UNCATEGORIZED,1.3116012,8.140931
мимоза,17,91.65035453117648,UNCATEGORIZED,1.5447501,2.2129486
рандеву,4,85.876140605,UNCATEGORIZED,7.3798614,7.4085393
мужененавистница,1,80.72858503,UNCATEGORIZED,2.0581212,7.317392
скуфья,1,83.70612846,UNCATEGORIZED,1.7133088,3.6499052
автономия,9,91.04995140222223,UNCATEGORIZED,8.95661,5.022451
ионизация,1,83.70612846,UNCATEGORIZED,7.16807,4.0839863
ролик,10,89.905356367,UNCATEGORIZED,5.539263,7.045412
реализация,5,93.648435,UNCATEGORIZED,7.511539,6.1201096
детализация,1,83.99812322,UNCATEGORIZED,7.248194,4.8467317
полярность,8,89.05059273875,UNCATEGORIZED,8.694509,4.6088023
бесхребетность,1,80.72752509,UNCATEGORIZED,9.3589,4.534825
востребованность,5,90.77712881000001,UNCATEGORIZED,9.213765,4.5362043
одаренность,2,90.56168614500001,UNCATEGORIZED,9.405745,5.165758
плие,8,85.23082895125,UNCATEGORIZED,5.4329443,5.636351
индустриализация,8,88.09648145,UNCATEGORIZED,7.4701734,5.0475144
манок,1,83.47654169,UNCATEGORIZED,2.372855,5.5006566
супервайзер,5,92.50954305000002,UNCATEGORIZED,1.5138938,7.1413665
беспечность,9,90.95996383666666,UNCATEGORIZED,9.574466,5.163222
дебаты,1,89.01069149,UNCATEGORIZED,6.506683,7.844828
верховенство,2,89.08012947,UNCATEGORIZED,8.681629,6.272237
грех,17,87.12243747411765,UNCATEGORIZED,9.087518,6.362455
прилавок,3,98.03203731,UNCATEGORIZED,2.822607,4.690307
клев,7,91.80124222714286,UNCATEGORIZED,0.6261855,5.036117
батискаф,15,87.83193036133333,UNCATEGORIZED,3.0493336,7.121784
плюрализм,10,90.07261608,UNCATEGORIZED,8.207407,4.878915
трепанация,29,90.63883832793103,UNCATEGORIZED,6.803912,3.7842498
карета,33,89.3836121821212,UNCATEGORIZED,3.2694647,7.881078
вождь,9,92.10804346111111,UNCATEGORIZED,2.4092922,9.054333
конькобежец,3,89.53454218666667,UNCATEGORIZED,2.5685456,9.388792
статуя,14,91.2449364207143,UNCATEGORIZED,4.843098,5.9055686
пена,14,90.73793224357141,UNCATEGORIZED,4.9865146,4.0574346
заморозка,13,92.11239919538463,UNCATEGORIZED,7.393974,3.5137372
винд,1,100.7002504,UNCATEGORIZED,0.5175285,7.0050263
газификация,1,100.8597331,UNCATEGORIZED,6.653067,3.1659641
танго,27,90.62321401925927,UNCATEGORIZED,4.9236126,7.5937543
диез,13,89.2947364723077,UNCATEGORIZED,0.3773831,6.332999
фольга,6,90.54217938166668,UNCATEGORIZED,3.7886255,3.3570313
браслет,27,89.29315582851852,UNCATEGORIZED,3.010571,3.6976273
вложение,1,88.72325383,UNCATEGORIZED,7.548501,6.263159
карнавал,14,91.47264856571428,UNCATEGORIZED,6.098969,7.5281553
стоматолог,25,89.23459408999999,UNCATEGORIZED,2.7502573,10.2842655
кантон,3,89.51477511,UNCATEGORIZED,1.725008,6.459229
синергетика,1,94.87214562,UNCATEGORIZED,7.02432,4.518806
мешок,19,85.17889108105264,UNCATEGORIZED,2.4928892,4.1616206
растр,5,91.062669906,UNCATEGORIZED,2.2578626,6.043333
калека,4,89.77728880250001,UNCATEGORIZED,1.5282078,9.246803
блажь,10,88.95378805300001,UNCATEGORIZED,7.85934,5.9585414
стоматология,6,91.86922988666667,UNCATEGORIZED,6.860983,4.3992476
прописка,2,94.931977595,UNCATEGORIZED,6.5208097,7.2827725
пижон,7,88.64705777714286,UNCATEGORIZED,1.2131602,9.837825
голубушка,1,86.1576919,UNCATEGORIZED,1.8221247,8.028039
глянец,6,91.94630869499998,UNCATEGORIZED,7.95922,5.419953
футболист,2,86.066056455,UNCATEGORIZED,3.5985594,8.849925
паста,21,88.20102448285715,UNCATEGORIZED,3.1715684,3.0647702
свадьба,23,88.42257602695653,UNCATEGORIZED,7.4080005,7.246028
ячейка,5,89.53924920600001,UNCATEGORIZED,5.5705147,7.6773224
клен,15,86.220367084,UNCATEGORIZED,1.7044547,2.0518477
лихолетье,1,85.90698553,UNCATEGORIZED,8.29165,5.321629
гнездо,16,86.097862883125,UNCATEGORIZED,4.4348245,6.533048
ожесточение,2,92.67093314,UNCATEGORIZED,9.607122,6.234939
гаишник,1,100.2265246,UNCATEGORIZED,3.0669782,9.155513
обычай,3,88.26100974,UNCATEGORIZED,7.5022216,7.1863604
оладушка,3,96.15474264333334,UNCATEGORIZED,3.0679405,2.2890785
газонокосилка,8,85.9797617025,UNCATEGORIZED,3.3227742,5.3042927
попугай,39,84.80647229948718,UNCATEGORIZED,-0.16673568,7.99393
корона,31,89.41135005483872,UNCATEGORIZED,2.2541723,4.0025163
стерилизация,1,98.88465694,UNCATEGORIZED,7.020105,4.0268207
раскрой,1,97.23070712,UNCATEGORIZED,0.80260146,9.370241
шумовка,9,88.54686693777778,UNCATEGORIZED,3.623353,2.3033895
лор,5,88.19532976,UNCATEGORIZED,1.073029,6.9897995
услада,5,92.399214058,UNCATEGORIZED,6.3661356,5.6631575
тахта,3,88.61933744333334,UNCATEGORIZED,3.1772504,4.6182117
болид,14,91.87075610928571,UNCATEGORIZED,3.2155147,7.1623354
кулебяка,21,86.79525342476191,UNCATEGORIZED,3.1397078,2.246221
смычок,9,90.17867442444444,UNCATEGORIZED,4.0529385,7.8551726
оглоед,1,88.23916185,UNCATEGORIZED,1.0535928,8.684888
валторна,10,90.92258935800001,UNCATEGORIZED,3.9812775,7.8361716
сюжет,4,90.88005287749999,UNCATEGORIZED,6.7078867,6.9290934
лазание,7,91.16446204714286,UNCATEGORIZED,6.252598,4.91183
сверло,7,89.8576919657143,UNCATEGORIZED,2.2718472,4.881012
светотень,6,86.82235713,UNCATEGORIZED,6.1605554,4.4410343
укрытие,5,85.638236356,UNCATEGORIZED,4.6386857,6.609723
секатор,2,87.948644785,UNCATEGORIZED,2.291273,4.988141
вертухай,2,82.31629316,UNCATEGORIZED,2.8090813,9.221697
кровосос,5,82.833443872,UNCATEGORIZED,1.0916579,8.723218
заварника,1,90.89432591,UNCATEGORIZED,2.8913784,4.871815
серьезность,3,89.47663671,UNCATEGORIZED,9.703673,5.038254
взгляд,16,88.22299122749999,UNCATEGORIZED,4.722613,4.519458
сахарница,2,74.18635443,UNCATEGORIZED,3.1218894,4.2482324
ремиссия,4,90.0040880975,UNCATEGORIZED,8.027128,3.4060068
лапа,15,74.16919420933333,UNCATEGORIZED,3.6516693,3.8024049
хищник,7,86.45397677285713,UNCATEGORIZED,0.32083434,8.655885
мотивировка,2,91.7441497,UNCATEGORIZED,7.109216,5.862942
ворон,15,87.24970893199998,UNCATEGORIZED,-0.16998744,8.1363535
конторка,3,92.01355052999999,UNCATEGORIZED,3.2504447,4.626121
совместимость,1,92.7453325,UNCATEGORIZED,8.9155855,4.715979
контрреволюция,3,90.95618134,UNCATEGORIZED,7.342117,5.8704634
скалолазание,8,91.80513055875,UNCATEGORIZED,6.328483,4.9909434
каноэ,4,94.40286929,UNCATEGORIZED,3.0000508,6.6972218
лесть,24,89.44044414583334,UNCATEGORIZED,8.55287,5.6310577
растворитель,6,87.98241761666667,UNCATEGORIZED,4.3804083,2.360222
макака,18,89.23844313222223,UNCATEGORIZED,0.15553516,8.512656
ресурс,6,89.90129526666665,UNCATEGORIZED,5.2908072,6.7447624
ширпотреб,7,86.03243381142859,UNCATEGORIZED,4.259656,3.2337282
логопед,18,88.07812067333334,UNCATEGORIZED,2.8911676,9.818167
шатун,3,89.73934023333334,UNCATEGORIZED,0.6408606,8.882517
хокк,9,92.16522172111111,UNCATEGORIZED,6.100548,6.6981483
гибернация,4,90.77324709,UNCATEGORIZED,6.6998487,3.172826
олигофрен,13,90.58469181692308,UNCATEGORIZED,1.0456094,9.480551
щеколда,14,89.59193755000001,UNCATEGORIZED,3.6163135,4.7506933
пистон,6,91.67098850333333,UNCATEGORIZED,2.2134712,5.2377806
гангстер,4,87.9496429625,UNCATEGORIZED,1.7607723,9.677622
строй,3,95.53512856333333,UNCATEGORIZED,7.7698994,6.7610087
антибиотик,19,89.12379237842106,UNCATEGORIZED,4.6072803,1.8541319
отмена,3,95.25152513333335,UNCATEGORIZED,7.5973306,6.1502204
странник,5,89.802000708,UNCATEGORIZED,1.75827,9.427118
месопотамия,4,87.6029378,UNCATEGORIZED,4.7942953,6.4825087
капрон,2,95.376446405,UNCATEGORIZED,4.0239854,3.0469782
кетгут,1,97.94258624,UNCATEGORIZED,4.0673504,3.046419
анамнез,7,90.52431151142856,UNCATEGORIZED,7.4479227,2.9148428
танк,52,87.20285959211539,OBJECT_TECH,3.2872643,7.4062023
мартиролог,1,87.40186597,UNCATEGORIZED,6.3576136,4.5006623
топляк,1,87.40186597,UNCATEGORIZED,1.6808659,9.126923
упорство,8,88.67852575500001,UNCATEGORIZED,9.825409,5.4260902
классификация,14,90.55781857357144,UNCATEGORIZED,7.1764154,5.2453966
гардина,12,91.39364392666666,UNCATEGORIZED,3.7295256,3.9169571
легат,1,86.25578078,UNCATEGORIZED,2.2958243,8.8450575
ксилофон,9,87.76890912888888,UNCATEGORIZED,3.0837288,5.994269
антидепрессант,10,87.58839135199999,UNCATEGORIZED,4.6081543,1.8089411
перверсия,3,84.3142956,UNCATEGORIZED,8.208965,4.633376
упоминание,1,86.25578078,UNCATEGORIZED,8.233597,7.1648955
кристаллография,1,95.77866509,UNCATEGORIZED,6.811616,2.806789
интернет,33,88.75032382575756,UNCATEGORIZED,3.1874802,6.399164
лесовичок,1,98.46665001,UNCATEGORIZED,1.4725261,8.342288
шелушение,2,94.72418694999999,UNCATEGORIZED,7.9632783,2.7848408
сумасшествие,5,91.353001526,UNCATEGORIZED,8.670755,5.624325
упражнение,2,97.76340913,UNCATEGORIZED,6.425977,5.2122016
багульник,3,97.53017552,UNCATEGORIZED,1.9019414,1.69574
крапивница,2,96.88310461,UNCATEGORIZED,7.9113746,2.6948876
цунами,17,91.03777615999999,UNCATEGORIZED,5.2501984,5.0537825
супермен,22,100.10207650181816,UNCATEGORIZED,1.9544787,9.689008
могущество,14,92.16656662357141,UNCATEGORIZED,8.866477,6.1418076
звук,46,87.02903622826086,UNCATEGORIZED,5.572043,5.9341173
везение,5,83.207522378,UNCATEGORIZED,8.82948,6.3020554
замечание,6,91.896047215,UNCATEGORIZED,8.195498,7.1661386
проталина,3,94.05836188333332,UNCATEGORIZED,3.9546447,4.9611583
городок,2,93.94979302,UNCATEGORIZED,4.5839767,6.919353
оборона,8,94.93847496625,UNCATEGORIZED,7.1270356,6.3391085
пилатес,8,90.60505308625,UNCATEGORIZED,6.08181,5.0187454
корзинка,3,90.00136799,UNCATEGORIZED,3.0731056,4.273211
сопение,2,95.130942625,UNCATEGORIZED,5.8038936,5.873362
любознательность,6,88.84329756833334,UNCATEGORIZED,9.673021,5.370987
ворсинка,3,88.74174172666666,UNCATEGORIZED,3.4969943,3.5678322
софит,4,94.4868658325,UNCATEGORIZED,2.520969,5.6409044
кроль,2,88.906516685,UNCATEGORIZED,0.63940823,7.133214
молох,1,89.13823975,UNCATEGORIZED,1.1833344,8.37568
штольня,8,89.23282332375,UNCATEGORIZED,4.3241353,5.58374
бифштекс,4,89.368479615,UNCATEGORIZED,3.0622468,2.0517006
пушинка,2,90.38045059999999,UNCATEGORIZED,3.691943,4.2697787
дистрофия,5,94.724760742,UNCATEGORIZED,7.926415,2.9060469
эдельвейс,5,85.248984552,UNCATEGORIZED,1.6185596,2.2190692
эукариот,12,88.36600045249999,UNCATEGORIZED,6.153987,2.8965633
янычар,4,90.83402356500001,UNCATEGORIZED,2.0288017,8.813272
медиатор,4,83.5961733825,UNCATEGORIZED,5.7568727,2.452929
обряд,12,91.80349991000001,UNCATEGORIZED,7.6229773,7.163313
жадеит,1,86.01930848,UNCATEGORIZED,4.26771,1.4228028
матроска,1,86.01930848,UNCATEGORIZED,1.7691132,6.1629333
погибель,1,86.01930848,UNCATEGORIZED,8.479924,6.7377586
пролегомен,3,88.65148543666665,UNCATEGORIZED,7.0164785,3.6185176
зло,23,86.13630553434783,UNCATEGORIZED,8.712086,6.2569304
зайка,5,92.121693502,UNCATEGORIZED,1.1211592,8.021544
кушанье,3,78.93049042333332,UNCATEGORIZED,3.334342,1.8882037
камбуз,3,87.23682188999999,UNCATEGORIZED,3.678665,6.4353943
адрес,7,89.68722076285715,UNCATEGORIZED,3.5667315,6.5686765
инновация,7,89.6453301057143,UNCATEGORIZED,6.8313127,4.526006
прическа,18,87.24474799055555,UNCATEGORIZED,3.2237182,3.2445745
причуда,11,91.56503435545453,UNCATEGORIZED,7.7375464,6.1623235
угрюмость,4,91.8914075575,UNCATEGORIZED,9.782942,4.98891
осадки,10,91.561099985,UNCATEGORIZED,5.850425,4.545545
испуг,5,94.42731303600002,UNCATEGORIZED,9.614501,6.2072344
ожерелие,19,92.11583169894737,UNCATEGORIZED,3.1562128,3.5774748
лектор,4,92.4510470125,UNCATEGORIZED,3.1218472,9.469082
копыто,20,88.76081790399999,UNCATEGORIZED,2.6147254,4.413289
мундштук,9,88.49622351222222,UNCATEGORIZED,2.638584,4.033793
виртуоз,8,87.78853597874999,UNCATEGORIZED,3.207837,9.776309
микрон,8,90.769354725,UNCATEGORIZED,4.4594336,4.489455
верхушка,3,93.43311699333333,UNCATEGORIZED,5.552257,8.128458
костел,8,89.86114571875001,UNCATEGORIZED,4.5233445,6.575098
шестиугольник,2,90.99352203000001,UNCATEGORIZED,5.295938,4.540723
понимание,13,91.68595092923077,UNCATEGORIZED,8.686515,6.4150457
храм,28,89.45599468678573,UNCATEGORIZED,4.5637293,6.433479
клавиша,28,88.47967328607142,UNCATEGORIZED,3.066692,5.7617106
мокрица,6,89.19351732833333,UNCATEGORIZED,0.4383794,8.266055
такелаж,4,90.25642118000002,UNCATEGORIZED,2.924092,6.1113744
утилизация,5,87.025283514,UNCATEGORIZED,7.066739,4.849811
надир,2,89.348158735,UNCATEGORIZED,2.028212,8.961378
мясорубка,5,87.14684573000001,UNCATEGORIZED,6.896039,6.157944
распашонка,1,90.38947293,UNCATEGORIZED,3.243947,4.3562846
суета,12,90.50893221249999,UNCATEGORIZED,6.830746,6.100285
фосфор,11,90.49913556,UNCATEGORIZED,4.9494896,2.1590102
зенит,6,87.52452609166666,UNCATEGORIZED,3.9576392,8.463222
авиация,8,93.2688031225,UNCATEGORIZED,5.0137815,8.372323
рентабельность,7,90.38809529714285,UNCATEGORIZED,8.801296,4.753992
многозначительность,1,85.79204445,UNCATEGORIZED,9.792733,4.625085
смекалка,6,88.43476076666667,UNCATEGORIZED,9.701049,5.383166
фенотип,4,87.95254295250001,UNCATEGORIZED,6.635545,3.899309
воспаление,5,89.864287172,UNCATEGORIZED,7.7779236,2.781387
возбуждение,7,87.66151676142859,UNCATEGORIZED,9.5059805,6.2473016
бузина,7,88.37631284285715,UNCATEGORIZED,1.7403654,1.7411515
дядька,2,87.948276875,UNCATEGORIZED,1.9991632,8.786567
резьба,13,86.01105785692309,UNCATEGORIZED,5.3604565,4.151878
сковорода,45,88.42763362800001,UNCATEGORIZED,3.1881433,4.386993
жажда,7,89.75191979428573,UNCATEGORIZED,9.420466,5.8985386
прохлада,2,88.23243747000001,UNCATEGORIZED,5.422944,4.424054
приложение,10,86.238687812,UNCATEGORIZED,6.527204,7.1437416
позитрон,6,83.49369643499999,UNCATEGORIZED,5.765373,2.8032227
мазок,9,89.06385875444442,UNCATEGORIZED,5.296571,5.445377
бардак,5,86.052261492,UNCATEGORIZED,7.1284957,6.334524
соболезнование,1,85.6864107,UNCATEGORIZED,9.557511,6.2508287
трансгрессия,7,86.91340027571428,UNCATEGORIZED,7.350823,4.4821177
супрастин,1,85.6864107,UNCATEGORIZED,4.7535195,1.797713
климатология,2,90.178573195,UNCATEGORIZED,6.826062,2.8713982
импрессионизм,28,88.36684015142858,UNCATEGORIZED,8.043951,4.301374
икота,11,88.46555528272728,UNCATEGORIZED,8.111815,3.0313077
фельдшер,3,92.30570275333334,UNCATEGORIZED,2.9062197,9.762359
боа,9,94.50640962333333,UNCATEGORIZED,1.8243047,3.5389168
предместье,1,87.82822182,UNCATEGORIZED,4.6537113,6.7825866
фигуристка,5,91.96654147999999,UNCATEGORIZED,2.0824618,7.598962
этимология,10,87.22188299,UNCATEGORIZED,6.7447634,4.8291664
фельетон,1,90.23106441,UNCATEGORIZED,6.2150283,7.09606
бритва,14,89.93594154928573,UNCATEGORIZED,2.5257614,4.0248303
аренда,9,91.24527816777778,UNCATEGORIZED,6.9757915,7.229263
престол,4,93.43301489749999,UNCATEGORIZED,2.7490005,8.669686
лабиринт,15,89.12629459466667,UNCATEGORIZED,4.481355,5.8262987
шевелюра,4,94.273353545,UNCATEGORIZED,3.1962802,3.337983
вздох,1,93.33826653,UNCATEGORIZED,5.7503014,5.9562783
позиция,7,90.7095742457143,UNCATEGORIZED,7.375816,6.0190377
вестибюль,9,91.30387535333332,UNCATEGORIZED,3.890913,6.299868
калька,4,87.573531325,UNCATEGORIZED,6.453498,4.925401
кипение,4,92.27641184,UNCATEGORIZED,7.591343,4.4849634
формат,10,89.89484350000001,UNCATEGORIZED,5.9612455,6.6835003
лапсердак,9,88.59334528444445,UNCATEGORIZED,1.7170526,3.5857172
поземка,7,88.97508721142857,UNCATEGORIZED,5.3013306,4.4955063
солидность,1,96.80613223,UNCATEGORIZED,9.6849575,4.7285767
осел,25,86.0514317136,UNCATEGORIZED,0.385558,9.149812
галстук,24,90.24472841083336,UNCATEGORIZED,1.6366514,3.6008422
варикоз,8,92.57824875875,UNCATEGORIZED,7.8342996,2.7772775
аметист,7,90.36853808857143,UNCATEGORIZED,4.2588735,1.3696318
мавзолей,3,88.71937246333334,UNCATEGORIZED,4.664322,6.3142447
раздражение,4,90.99366379,UNCATEGORIZED,9.589791,6.300892
осколок,7,88.79950688285713,UNCATEGORIZED,3.0519302,3.2643466
прополис,3,91.2189573,UNCATEGORIZED,4.079241,2.0087738
графин,4,91.78922013000002,UNCATEGORIZED,2.9082856,4.083358
рокфор,1,90.66139715,UNCATEGORIZED,2.9074817,1.7642974
героин,11,88.60210950090908,UNCATEGORIZED,4.3903713,1.722135
шоссе,14,81.53509047,UNCATEGORIZED,4.3346076,5.9359097
галерея,9,89.41159696999999,UNCATEGORIZED,5.089208,7.035867
кощунство,10,89.592898403,UNCATEGORIZED,8.69514,5.8059473
дезинформация,2,93.95287930500001,UNCATEGORIZED,7.3268514,5.8694015
микрочип,8,87.74040992249999,UNCATEGORIZED,2.7475202,6.033177
чудо,22,89.78227148318182,UNCATEGORIZED,8.114667,7.1444435
чадо,4,91.7356572475,UNCATEGORIZED,2.1521301,8.41218
киловатт,5,91.995941392,UNCATEGORIZED,3.9723203,5.0443673
лимонка,2,87.724407845,UNCATEGORIZED,6.180968,7.096929
синхронность,9,90.63922136777778,UNCATEGORIZED,8.89919,4.4603887
насморк,27,91.50768572407407,UNCATEGORIZED,7.9776654,2.7912347
серьга,11,84.72047510454546,UNCATEGORIZED,3.0470483,3.8991797
гланда,10,88.965398798,UNCATEGORIZED,6.541371,3.6022608
аист,13,88.0494992,UNCATEGORIZED,-0.19095439,8.082589
стенание,4,90.10158638749999,UNCATEGORIZED,6.204994,5.708468
бита,6,89.91896740333333,UNCATEGORIZED,3.5832653,4.9910073
микроволновка,17,86.56968569352941,UNCATEGORIZED,3.1740324,5.0480285
поросль,8,93.41412923125,UNCATEGORIZED,4.381788,5.118513
мужественность,2,89.62063487,UNCATEGORIZED,9.613888,5.077559
чума,18,89.67523841666667,UNCATEGORIZED,8.0025625,2.5005105
порицание,8,91.30101047000001,UNCATEGORIZED,8.636368,6.3731275
дантист,5,87.80041161400001,UNCATEGORIZED,2.741604,10.179374
анархия,12,90.12481163083334,UNCATEGORIZED,7.43518,5.855116
непогрешимость,2,91.277219765,UNCATEGORIZED,9.166457,5.09019
ничья,1,89.47085923,UNCATEGORIZED,8.86882,5.5699844
драник,13,88.61828377384616,UNCATEGORIZED,3.2845895,2.2385895
осведомитель,2,90.17920056,UNCATEGORIZED,1.6300837,9.826638
мартышка,19,85.53900788157894,UNCATEGORIZED,0.22046284,8.5288
крыльцо,2,93.214783225,UNCATEGORIZED,3.9791868,6.019581
рай,16,86.78618261,UNCATEGORIZED,4.7346506,6.315477
скот,12,88.86040155333335,UNCATEGORIZED,3.2152536,2.9012372
бой,6,88.21266573833333,UNCATEGORIZED,7.281497,6.824751
запись,7,89.72745785714287,UNCATEGORIZED,6.4200125,6.8664556
текст,7,90.34373716000002,UNCATEGORIZED,6.5362525,7.0422525
стартер,6,89.50307131166666,UNCATEGORIZED,2.8996763,5.6808553
нравственность,11,90.88185249727272,UNCATEGORIZED,9.105774,5.529819
слалом,6,92.07695049,UNCATEGORIZED,5.602882,6.5356655
век,25,89.5422422772,UNCATEGORIZED,6.959031,7.634503
почва,21,88.07610861142855,UNCATEGORIZED,4.7483416,5.16726
лассо,3,91.36372528,UNCATEGORIZED,2.175671,4.336565
котик,24,67.9699235025,UNCATEGORIZED,0.93973833,8.142063
кошечка,9,69.21781009555555,UNCATEGORIZED,0.61492884,8.28183
котеночек,3,69.81471250666667,UNCATEGORIZED,1.1408098,8.096609
мурлыка,1,55.21509769,UNCATEGORIZED,1.1812829,7.932177
природа,32,84.88471556937499,UNCATEGORIZED,7.6529083,5.3892126
проем,5,83.81168266799999,UNCATEGORIZED,4.047185,5.6705136
знахарь,5,89.905498706,UNCATEGORIZED,2.31481,9.37654
умора,2,85.527435935,UNCATEGORIZED,6.2358513,5.5194836
штатив,7,88.77328192,UNCATEGORIZED,2.835027,5.194176
загрузка,15,92.93893524466665,UNCATEGORIZED,6.855196,5.323605
дружественность,1,103.0852111,UNCATEGORIZED,8.892047,4.2804284
страта,4,89.440550005,UNCATEGORIZED,4.3591766,4.596725
старик,7,93.7588452757143,UNCATEGORIZED,2.2590492,8.785756
стан,7,90.78795354142858,UNCATEGORIZED,4.390343,6.9766197
курс,10,89.530505226,UNCATEGORIZED,5.2139907,6.4816656
хер,17,77.63643938117647,UNCATEGORIZED,0.65982974,9.382694
сиська,24,83.86334808375001,UNCATEGORIZED,3.7594342,4.2681055
посол,6,93.12021001833334,UNCATEGORIZED,3.2620213,9.117224
канава,12,89.39040603000001,UNCATEGORIZED,4.4593215,5.410978
яд,26,90.68155273192308,UNCATEGORIZED,4.443626,1.8788147
википедия,2,96.61354203,UNCATEGORIZED,3.2184615,6.466517
эталон,3,89.02506146,UNCATEGORIZED,6.664564,6.5855618
шелковица,3,90.84118295666666,UNCATEGORIZED,1.8477765,1.6678078
кодекс,6,87.07343316333333,UNCATEGORIZED,7.2605715,7.2020807
ботаника,9,90.22112414555555,UNCATEGORIZED,6.8427324,4.6318736
жадина,2,92.797705555,UNCATEGORIZED,1.0154984,9.6448
калым,5,93.723001208,UNCATEGORIZED,7.0388927,7.8228045
портфель,28,86.77018827250001,UNCATEGORIZED,2.4979458,4.275778
ужин,11,87.00874249818182,UNCATEGORIZED,3.5007207,1.8984427
личинка,13,86.85436076153846,UNCATEGORIZED,0.5306975,8.144154
баклан,2,89.51894878499999,UNCATEGORIZED,0.24530804,8.172832
аппендицит,21,90.8312339447619,UNCATEGORIZED,7.813001,2.7102313
кибернетика,12,87.14787083,UNCATEGORIZED,6.898111,4.6248274
пляж,36,86.02571078694444,UNCATEGORIZED,4.451279,6.36369
кабинет,9,82.74680543888888,UNCATEGORIZED,3.9438376,6.3950763
чаща,5,86.77782084600001,UNCATEGORIZED,4.6234417,5.440905
холодрыг,2,88.94219318,UNCATEGORIZED,5.9057817,5.078569
косметика,11,90.23542995272726,UNCATEGORIZED,3.633367,3.2158256
гей,12,87.43386018916665,UNCATEGORIZED,-0.072582275,6.08087
порно,20,86.39654295099999,UNCATEGORIZED,5.568765,6.972699
пидор,18,79.05305878555555,UNCATEGORIZED,0.8350621,9.477481
транс,9,88.76564637666667,UNCATEGORIZED,9.3120985,6.059036
купюра,8,90.74831645875,UNCATEGORIZED,4.208972,4.4207535
вена,25,92.2077520764,UNCATEGORIZED,5.4275713,7.3882585
металл,42,86.72887559452381,UNCATEGORIZED,4.4493556,2.5315454
походка,5,89.153591796,UNCATEGORIZED,6.765347,5.366548
классика,13,90.29984561846155,UNCATEGORIZED,6.69383,5.7911506
слагаемое,4,91.0932731275,UNCATEGORIZED,6.4085064,4.805849
изумруд,16,91.3739827425,UNCATEGORIZED,4.2346168,1.407565
змей,6,86.95522486666668,UNCATEGORIZED,0.22561353,8.372994
логика,31,89.56416185935484,UNCATEGORIZED,7.622099,5.410412
комикс,7,87.36556697857142,UNCATEGORIZED,5.5800037,7.0618773
пробка,18,89.59336434833332,UNCATEGORIZED,3.2929292,4.1900234
кадушка,3,89.77861414,UNCATEGORIZED,3.0940387,4.42987
палимпсест,8,82.4749720625,UNCATEGORIZED,6.330502,4.4515896
троица,3,89.39523883333334,UNCATEGORIZED,5.25862,8.59509
желудочек,2,81.759692925,UNCATEGORIZED,5.420387,3.2182395
дамба,10,87.52058967299999,UNCATEGORIZED,4.1765127,5.467013
мотор,35,86.75591890628571,UNCATEGORIZED,2.8937593,5.6663604
неандерталец,11,89.99490525818182,UNCATEGORIZED,0.6596047,8.813891
фрикаделька,16,92.18479882375,UNCATEGORIZED,3.0301073,1.760375
база,13,90.09754949384616,UNCATEGORIZED,4.9732513,7.0382442
ископаемое,12,90.66987208833332,UNCATEGORIZED,0.5534019,8.400129
репрезентация,2,87.377796885,UNCATEGORIZED,7.4331975,4.474239
фотопленка,2,91.03101674499999,UNCATEGORIZED,3.4704087,4.9209676
медик,1,86.11953513,UNCATEGORIZED,2.9411027,9.884535
монета,30,89.41746834566669,UNCATEGORIZED,4.2293935,4.4323344
нолик,1,87.19958136,UNCATEGORIZED,4.01934,4.9324913
голограмма,6,90.06530965,UNCATEGORIZED,5.917976,5.3475294
горелка,6,89.298572525,UNCATEGORIZED,3.3290398,4.931422
землетрясение,18,89.56765197388889,UNCATEGORIZED,5.2998714,5.094293
пигмей,3,90.52553483333332,UNCATEGORIZED,1.2971191,8.880684
график,31,93.5133508183871,UNCATEGORIZED,6.0285277,7.357497
лютня,4,86.33262680499999,UNCATEGORIZED,3.9851184,7.9055505
пизда,30,73.16902487033333,UNCATEGORIZED,2.12674,7.2094846
финифть,4,88.70027751,UNCATEGORIZED,3.4030972,3.7496638
коррекция,5,93.54881784400001,UNCATEGORIZED,7.1655507,4.5675216
резина,27,86.63714825962963,UNCATEGORIZED,3.8429875,3.207459
курок,14,87.175460595,UNCATEGORIZED,2.023915,5.2020645
дело,24,85.68837503125,UNCATEGORIZED,8.087955,7.6633205
занятие,5,78.216673632,UNCATEGORIZED,8.51951,6.141762
костер,26,88.41940253653846,UNCATEGORIZED,3.7509353,4.6315236
шпиндель,4,86.529859045,UNCATEGORIZED,0.8389724,7.1970997
эльфийка,1,96.03924808,UNCATEGORIZED,2.000528,8.239193
чрево,8,92.0175959375,UNCATEGORIZED,4.406343,5.079896
шаг,9,90.0922549211111,UNCATEGORIZED,5.480205,6.262033
приветик,1,85.24829154,UNCATEGORIZED,1.4057579,8.129848
прива,1,85.24829154,UNCATEGORIZED,1.2513229,6.7771173
пров,8,82.40225794624999,UNCATEGORIZED,4.8589473,7.038833
млекопитающее,17,89.28246260823529,UNCATEGORIZED,0.47711423,8.366757
баскетбол,14,85.7039894157143,UNCATEGORIZED,4.3003273,8.328414
лотос,6,87.14733192166666,UNCATEGORIZED,1.9498446,2.3249738
оторопь,3,87.48817489,UNCATEGORIZED,9.825966,6.017577
черешня,11,72.0992364990909,UNCATEGORIZED,1.8205452,1.5386801
подруга,6,85.03366859,UNCATEGORIZED,2.2531075,8.064354
гибкость,3,92.10563320666667,UNCATEGORIZED,9.594575,4.957859
кретинизм,4,90.17046898749999,UNCATEGORIZED,7.4063077,5.7522945
дрожь,14,89.51107432071429,UNCATEGORIZED,5.6812854,4.375449
стелька,10,88.325165608,UNCATEGORIZED,3.401192,3.7745483
сыворотка,14,88.18782763214287,UNCATEGORIZED,4.5797887,2.110847
работник,5,89.69866118600001,UNCATEGORIZED,3.4156163,9.431466
мишура,4,94.1917975375,UNCATEGORIZED,6.3307867,5.604667
ватник,3,91.13049531333333,UNCATEGORIZED,1.5775108,3.5794446
фейк,1,94.39318113,UNCATEGORIZED,1.2059846,6.72608
аура,5,89.22989949400001,UNCATEGORIZED,5.135645,4.6466603
зажим,2,88.34125438,UNCATEGORIZED,2.4918306,4.5189176
подвал,16,87.40277149500001,UNCATEGORIZED,4.07706,6.2329736
рубаха,5,88.7428032,UNCATEGORIZED,1.7373583,3.4128397
холодец,22,89.95016136590908,UNCATEGORIZED,3.0503664,1.9342917
калла,4,87.71124338999999,UNCATEGORIZED,0.528814,6.8712373
рассказ,18,86.13504835944444,UNCATEGORIZED,6.7426453,7.0918055
дисциплина,8,87.9276263225,UNCATEGORIZED,7.8664374,5.458933
мыш,2,74.2667684,UNCATEGORIZED,0.50637424,8.146594
мышонок,4,67.4623222525,UNCATEGORIZED,0.4225301,8.202839
крыск,1,57.52923152,UNCATEGORIZED,0.25270337,7.9329834
крысенок,3,61.85732810333334,UNCATEGORIZED,0.8088973,8.146472
супостат,3,89.83268862,UNCATEGORIZED,1.3896086,9.444543
девушка,15,76.41034856066666,UNCATEGORIZED,2.1341326,8.036428
форейтор,1,78.50031875,UNCATEGORIZED,3.1342723,8.0872345
шпатлевка,3,88.71544301,UNCATEGORIZED,4.282828,2.9344084
евхаристия,12,87.68248731916667,UNCATEGORIZED,7.759876,7.0112033
украина,6,88.63214016166665,UNCATEGORIZED,5.55961,7.6731257
хохма,3,88.61278778,UNCATEGORIZED,0.3509253,6.2441454
сургуч,5,88.57119878,UNCATEGORIZED,4.0066895,2.6958046
аграрий,10,92.736121876,UNCATEGORIZED,6.254693,3.1090667
яйцеклетка,11,87.04885165181818,UNCATEGORIZED,5.793324,3.1394753
орак,7,92.51018406571427,UNCATEGORIZED,1.1118972,7.1655836
телеграмма,12,90.84249149916667,UNCATEGORIZED,6.482792,7.35436
мнение,10,90.726089868,UNCATEGORIZED,8.272827,7.1814632
свойство,6,92.002266715,UNCATEGORIZED,8.510087,6.446935
герметизация,1,95.12674811,UNCATEGORIZED,7.0435295,4.4083424
уза,7,92.61150896285714,UNCATEGORIZED,1.3930959,6.2984276
норка,8,90.18931011250001,UNCATEGORIZED,0.15670721,8.202942
напалм,2,92.45081442,UNCATEGORIZED,1.7946614,5.9371204
протеин,5,86.35539019400001,UNCATEGORIZED,5.1870403,2.2675438
мист,1,94.82786886,UNCATEGORIZED,0.44930613,6.6715674
голень,3,88.06595579666667,UNCATEGORIZED,3.9504044,3.854752
курд,4,87.26493898000001,UNCATEGORIZED,1.5606273,8.734937
альбинос,11,90.13640206454545,UNCATEGORIZED,1.4384867,8.714962
кабуки,8,85.59591309125,UNCATEGORIZED,5.178429,7.4468055
нотация,1,91.13059374,UNCATEGORIZED,6.4251122,5.159191
божество,8,89.76698511000001,UNCATEGORIZED,5.0621023,5.6919017
бриз,3,92.75039619333332,UNCATEGORIZED,5.2035522,4.8099914
сидение,8,74.558735005,UNCATEGORIZED,2.826628,4.6951046
алкаш,2,84.631414115,UNCATEGORIZED,1.2754052,9.766472
бомбочка,1,86.83013464,UNCATEGORIZED,3.2405338,4.968239
иск,36,93.02668466111112,UNCATEGORIZED,7.498429,7.5675983
лапушка,2,90.91487910000001,UNCATEGORIZED,1.4621317,8.033004
периферия,7,90.92129057571428,UNCATEGORIZED,6.921642,4.5009418
эйфория,14,90.53387064142858,UNCATEGORIZED,9.377425,5.677094
штанишки,2,87.93959175500001,UNCATEGORIZED,1.671431,3.4182549
нужник,4,91.84690624749999,UNCATEGORIZED,3.7711327,6.5901437
зелень,42,84.07552215047619,UNCATEGORIZED,2.6969988,1.4779518
предположение,1,92.42135232,UNCATEGORIZED,8.29251,7.0592175
бурак,4,87.69053460999999,UNCATEGORIZED,1.3810494,6.7247424
рисунок,17,83.50305814529412,UNCATEGORIZED,5.5543237,5.5784144
узы,3,95.27698228666667,UNCATEGORIZED,9.091138,6.0198083
умка,1,95.54634689,UNCATEGORIZED,0.5719386,7.9599924
бард,7,89.48521501428571,UNCATEGORIZED,1.9823,9.001612
пром,3,91.05859610666666,UNCATEGORIZED,-0.1004236,5.9224586
полынь,9,90.27739121222221,UNCATEGORIZED,1.9177157,1.8018363
кикимора,11,87.98484338545454,UNCATEGORIZED,1.4001533,8.467178
иридий,2,92.233958165,UNCATEGORIZED,4.8576546,2.3656325
толь,6,93.56505362499998,UNCATEGORIZED,0.015113852,6.178348
француз,8,95.31437367125,UNCATEGORIZED,1.7954986,9.120452
ратуша,3,90.56510099333333,UNCATEGORIZED,4.7082787,6.605681
отставка,1,91.19147928,UNCATEGORIZED,7.1201277,6.715304
придирчивость,2,92.587289095,UNCATEGORIZED,9.634946,5.027723
микропроцессор,5,88.81100751599999,UNCATEGORIZED,2.8714983,6.0090704
кнехт,1,90.9638578,UNCATEGORIZED,2.3576736,6.109298
обесценивание,2,85.09749119,UNCATEGORIZED,7.8075223,5.082366
диалог,11,89.99920717363636,UNCATEGORIZED,7.1020384,7.201707
гидроэлектростанция,29,88.93661313931034,UNCATEGORIZED,3.9320412,5.718146
спарринг,1,93.25864836,UNCATEGORIZED,4.969047,7.8623614
кремль,13,92.48027336307693,UNCATEGORIZED,4.5304236,6.488379
теплоход,2,91.482095755,UNCATEGORIZED,3.1043808,7.0676355
антрополог,6,90.86726859000002,UNCATEGORIZED,2.9422572,10.307545
мочеточник,2,85.894941155,UNCATEGORIZED,5.4091077,3.146591
кольчуга,6,86.881971755,UNCATEGORIZED,1.979761,3.9318542
апартеид,5,80.70166898800001,UNCATEGORIZED,8.045971,4.9955745
шабат,4,80.84538101,UNCATEGORIZED,6.05849,6.839337
безрукавка,1,91.46942109,UNCATEGORIZED,1.812174,3.3815427
катер,17,87.73441696235295,UNCATEGORIZED,3.1062713,6.9967446
привкус,3,91.73130717333333,UNCATEGORIZED,5.2837877,3.8391056
штамп,4,87.9341100325,UNCATEGORIZED,6.335961,7.383297
создатель,2,82.090938095,UNCATEGORIZED,2.9611814,9.982179
происшествие,4,88.8533181725,UNCATEGORIZED,7.9771743,7.01548
купорос,7,88.24096756428573,UNCATEGORIZED,4.655967,2.23532
бизнес,17,91.89998563176471,UNCATEGORIZED,6.6911616,7.727591
винтаж,4,89.68222925999999,UNCATEGORIZED,5.661905,6.425775
подставка,18,85.88467464388889,UNCATEGORIZED,3.2353435,4.4809937
гадалка,2,84.93243749499999,UNCATEGORIZED,2.150897,8.080331
дилемма,10,91.525654883,UNCATEGORIZED,7.3951554,6.111463
точилка,5,85.164851966,UNCATEGORIZED,2.9508376,4.602715
оппонент,3,91.12260922333333,UNCATEGORIZED,2.9546983,9.097019
преступление,20,90.24116876400001,UNCATEGORIZED,8.466232,6.2687755
щебень,16,90.29941064625,UNCATEGORIZED,4.06805,3.040872
признательность,1,93.64116041,UNCATEGORIZED,9.607328,6.1065364
женщина,34,81.31527968764705,UNCATEGORIZED,2.1706657,8.127261
сельдерей,10,81.71226698999999,UNCATEGORIZED,2.397542,1.4095187
ваучер,4,86.944350075,UNCATEGORIZED,6.4060087,7.678486
зад,9,84.23898758444444,UNCATEGORIZED,4.1555247,3.740662
вездеход,4,89.40341168500001,UNCATEGORIZED,3.2658865,7.41958
кафе,5,82.692827474,UNCATEGORIZED,4.0435166,7.196935
турбина,17,89.12504144352941,UNCATEGORIZED,3.0954022,5.547028
почечуй,1,72.75113555,UNCATEGORIZED,1.434492,7.4818215
керлинг,6,85.55878592500001,UNCATEGORIZED,1.1142887,6.9328227
доппельгангер,1,72.75113555,UNCATEGORIZED,1.5459831,6.9879045
сальдо,3,78.15913302666667,UNCATEGORIZED,7.025778,7.3902855
светодиод,15,89.57916238066666,UNCATEGORIZED,2.8520312,5.5921054
пьяница,2,91.045126025,UNCATEGORIZED,1.2245176,9.796802
разрешение,2,90.906465825,UNCATEGORIZED,7.7633224,7.5538325
вольфрам,11,88.89467222636362,UNCATEGORIZED,4.7837386,2.3959987
привязанность,4,88.39910561250001,UNCATEGORIZED,9.504564,5.840976
косность,2,83.59673333,UNCATEGORIZED,9.279776,4.9431243
претензия,9,88.71172021,UNCATEGORIZED,7.0630665,6.742
гомеопатия,8,86.80463318,UNCATEGORIZED,6.782688,4.244868
пируэт,10,90.20582437,UNCATEGORIZED,5.4240785,6.1496716
авокадо,16,89.69926697624999,UNCATEGORIZED,2.2900887,1.5828528
крампа,1,66.88337887,UNCATEGORIZED,0.7195218,6.88994
вермонт,1,66.88337887,UNCATEGORIZED,3.9591951,7.1909394
гер,3,82.34212109333333,UNCATEGORIZED,0.14204101,6.271058
кутер,1,66.88337887,UNCATEGORIZED,1.0019108,6.675091
нук,1,66.88337887,UNCATEGORIZED,1.0900098,7.37033
вура,1,66.88337887,UNCATEGORIZED,0.43646827,6.5544834
хоко,5,89.747997156,UNCATEGORIZED,0.6725204,6.3394904
шпунт,1,84.26879446,UNCATEGORIZED,4.5284104,2.611711
си,4,84.347668325,UNCATEGORIZED,-0.040418986,6.0899806
смущение,4,95.3154767275,UNCATEGORIZED,9.629421,6.2304196
шов,8,91.02467231875,UNCATEGORIZED,4.784233,4.10355
коловрата,6,91.90486300666667,UNCATEGORIZED,0.9660801,6.3261204
архив,14,90.67841806571428,UNCATEGORIZED,6.3278275,7.4768744
вьюга,21,86.28739803666664,UNCATEGORIZED,5.3298693,4.571867
пырей,1,93.93785939,UNCATEGORIZED,1.9510022,1.9857454
ферма,15,88.62739825533335,UNCATEGORIZED,4.292322,6.5805526
утконос,35,88.0316604957143,UNCATEGORIZED,0.5438809,8.072748
редактор,6,88.761065845,UNCATEGORIZED,3.3391485,9.907276
уксус,13,90.93165007230769,UNCATEGORIZED,2.852269,1.5014126
антиматерия,9,89.03663750666666,UNCATEGORIZED,5.6004515,3.8016047
гарпун,3,89.70294460000001,UNCATEGORIZED,1.8984265,4.6934724
крошка,29,88.7669795313793,UNCATEGORIZED,1.6934495,8.157523
иероглиф,17,89.07497734294118,UNCATEGORIZED,5.6196995,5.205935
риф,12,90.49295964916666,UNCATEGORIZED,4.359349,6.0288167
слюнявчик,2,89.1090739,UNCATEGORIZED,2.034895,3.9377472
лесоруб,1,84.459423,UNCATEGORIZED,2.1607146,9.444154
мореход,2,87.107246155,UNCATEGORIZED,2.1053119,9.474045
подкова,11,86.25253320727273,UNCATEGORIZED,2.5848718,4.0243044
ислам,9,90.53756268222222,UNCATEGORIZED,7.9295697,5.1683173
жемчуг,14,90.51030892214285,UNCATEGORIZED,4.215877,1.6391871
тетя,10,63.114370637,UNCATEGORIZED,2.3019848,8.124553
заплыв,1,90.07505337,UNCATEGORIZED,5.51007,6.754314
каретка,1,85.69514599,UNCATEGORIZED,3.540417,5.1417966
упряжка,5,88.80115751999999,UNCATEGORIZED,3.1678212,7.871761
пеленка,6,86.55192345166667,UNCATEGORIZED,3.2935224,4.082002
пампушка,3,83.17115557333334,UNCATEGORIZED,1.5080812,6.896556
маркиз,5,91.57284823,UNCATEGORIZED,2.6934447,8.424057
переосмысление,4,91.1893331675,UNCATEGORIZED,8.256294,6.0766973
гобелен,6,88.02757167666668,UNCATEGORIZED,5.0957284,5.4125695
тент,3,78.16376738333334,UNCATEGORIZED,2.4838848,4.2517533
плато,9,89.61996367777778,UNCATEGORIZED,4.620467,5.6731405
хлам,2,89.24974292499999,UNCATEGORIZED,3.7535193,3.313253
катафракт,1,81.94446228,UNCATEGORIZED,1.1136308,6.872667
пал,1,81.94446228,UNCATEGORIZED,2.563774,8.8407955
фотосфера,1,81.94446228,UNCATEGORIZED,7.311934,3.6341424
ламин,1,81.94446228,UNCATEGORIZED,1.2859225,7.571195
ксен,1,81.94446228,UNCATEGORIZED,0.7457114,7.038463
аускультация,2,81.29577951499999,UNCATEGORIZED,7.073327,3.4745696
пантеон,4,90.0315584625,UNCATEGORIZED,4.794758,6.343008
мононуклеоз,3,92.03740478000002,UNCATEGORIZED,7.73399,2.4679558
конструктивизм,6,91.632988395,UNCATEGORIZED,7.9795003,4.312199
динамика,3,84.56360474666667,UNCATEGORIZED,5.811562,6.0679164
страсть,21,89.35049167571427,UNCATEGORIZED,9.441362,5.882807
фараон,15,89.97797849533335,UNCATEGORIZED,2.1956658,8.996945
шахта,21,89.20505974047619,UNCATEGORIZED,4.284715,5.6020365
верификация,25,86.397801536,UNCATEGORIZED,7.2267857,4.7487907
консоль,8,89.49377485375001,UNCATEGORIZED,3.0040638,5.859847
панихида,1,86.48000704,UNCATEGORIZED,7.12419,6.9177313
прокатка,1,86.48000704,UNCATEGORIZED,6.562018,3.21077
габа,8,87.50980927750001,UNCATEGORIZED,0.90703773,7.080483
хаос,10,89.216158119,UNCATEGORIZED,7.1971626,6.220181
убежище,4,90.30537924,UNCATEGORIZED,4.620255,6.629071
мотив,5,88.120059682,UNCATEGORIZED,6.3495307,6.851136
путь,37,82.56934433621622,UNCATEGORIZED,5.1529493,6.404713
мелодия,20,88.15997872549998,UNCATEGORIZED,5.7179666,6.7640786
скороговорка,7,91.4289393657143,UNCATEGORIZED,6.494411,5.7620344
выговор,6,93.77092582833335,UNCATEGORIZED,7.606484,6.6068025
бунт,6,89.23606675833332,UNCATEGORIZED,7.747795,6.0942507
омега,6,90.81569291999999,UNCATEGORIZED,2.1558568,6.761315
рассвет,37,89.61856842297297,UNCATEGORIZED,4.936771,4.8415375
спор,10,91.62651589200001,UNCATEGORIZED,7.07641,7.232743
уклейка,5,90.131619646,UNCATEGORIZED,0.2367645,5.1230254
пищеварение,3,91.58699758333334,UNCATEGORIZED,7.930393,3.903847
мегаполис,3,91.39410506999998,UNCATEGORIZED,4.2866855,6.9575095
ктом,1,95.2440625,UNCATEGORIZED,-0.09836353,5.9541364
ходьба,10,81.89198439700002,UNCATEGORIZED,6.4386487,5.1872897
ботокс,4,89.3126195175,UNCATEGORIZED,4.802084,2.7183273
бренчание,1,97.94293676,UNCATEGORIZED,5.6890655,5.957881
крохотуля,1,97.94293676,UNCATEGORIZED,1.6405498,7.049418
кортик,5,89.82324355,UNCATEGORIZED,1.7752587,4.7356496
оса,14,87.8855453442857,UNCATEGORIZED,0.16114387,8.075317
тумблер,9,88.81115389444443,UNCATEGORIZED,2.9327047,5.7268786
желчь,11,87.47715493727273,UNCATEGORIZED,5.1848083,3.600923
кракен,11,89.50062190545454,UNCATEGORIZED,0.18457325,8.184976
природоведение,6,89.297584275,UNCATEGORIZED,6.5892344,4.6505356
маньеризм,3,80.54039425666666,UNCATEGORIZED,7.9251056,4.399556
метамфетамин,2,79.906924745,UNCATEGORIZED,4.627866,1.8407136
кухня,46,82.23489450043479,UNCATEGORIZED,3.9900935,6.418163
прозрачность,10,90.376543399,UNCATEGORIZED,9.337236,4.538452
отдых,21,83.75400535285713,UNCATEGORIZED,6.8309464,7.88812
сопрано,17,95.43186203117646,UNCATEGORIZED,5.268657,6.8385706
сапсан,5,88.41351651400001,UNCATEGORIZED,-0.038503647,7.8866105
седан,3,67.50624791333333,UNCATEGORIZED,3.3503058,7.6642385
конвертер,1,88.89426048,UNCATEGORIZED,2.9150436,5.789512
гриф,4,90.47261241749999,UNCATEGORIZED,-0.13780946,8.091813
пикап,6,90.21759497333333,UNCATEGORIZED,3.346198,7.5862937
домна,9,88.88164766333334,UNCATEGORIZED,1.9647403,7.723715
аборт,8,92.202006525,UNCATEGORIZED,7.690599,3.369013
букинист,3,90.24168855666669,UNCATEGORIZED,2.6717544,9.83456
атрофия,4,90.32611346,UNCATEGORIZED,7.9173455,3.0268216
торк,2,92.76185016,UNCATEGORIZED,0.4327395,6.9725213
эпсилон,2,88.26416093,UNCATEGORIZED,2.1189013,6.7673774
анемон,2,92.529011795,UNCATEGORIZED,0.38633132,6.4218464
пурга,13,88.48695524076923,UNCATEGORIZED,5.3583283,4.538153
перфоратор,30,88.53670644399999,UNCATEGORIZED,2.3443918,5.314306
узор,12,91.11173954833335,UNCATEGORIZED,5.2327905,5.2942176
снегопад,14,87.0792666957143,UNCATEGORIZED,5.3816075,4.629846
коронация,7,89.43613577,UNCATEGORIZED,7.3547564,7.1927724
вулканизация,3,86.80351725999999,UNCATEGORIZED,6.5089197,3.1854591
силикон,7,87.26748073285715,UNCATEGORIZED,4.671566,2.7545066
результативность,2,85.71913956,UNCATEGORIZED,9.016916,4.831037
чревовещатель,3,86.33872988,UNCATEGORIZED,2.2153978,9.598073
грифон,6,92.863411755,UNCATEGORIZED,0.34180185,8.337496
катетер,9,89.54452413,UNCATEGORIZED,2.8934,4.519205
информация,14,92.2193536257143,UNCATEGORIZED,7.3189096,7.140256
контрацептив,3,89.55861405,UNCATEGORIZED,6.13659,2.4403365
кормушка,6,89.67053841500001,UNCATEGORIZED,4.055602,5.9764123
мара,1,87.93424343,UNCATEGORIZED,0.06306121,6.5997014
короед,7,82.65288917857143,UNCATEGORIZED,2.0087588,8.91498
осетр,8,90.18544442499999,UNCATEGORIZED,0.24232483,5.140027
аюрведа,1,90.31798188,UNCATEGORIZED,6.83336,4.5180974
роса,13,88.32327913692309,UNCATEGORIZED,5.0511856,4.1520853
процессия,3,96.02000807666666,UNCATEGORIZED,5.2826185,8.451983
парадиз,3,89.92491773666666,UNCATEGORIZED,3.9880562,6.8641386
стремнина,2,90.51573325999999,UNCATEGORIZED,4.3495564,5.3697934
ладошка,1,94.46831635,UNCATEGORIZED,3.5984776,3.8093548
чмошник,3,87.94736288666667,UNCATEGORIZED,1.0808465,8.911746
гребок,2,93.47243205,UNCATEGORIZED,5.3107624,6.087577
социология,7,91.55030442285714,UNCATEGORIZED,7.008495,4.7625017
фишка,5,87.96009174,UNCATEGORIZED,7.3574004,5.917837
шоры,2,90.493458155,UNCATEGORIZED,2.1499195,3.8658788
платина,8,79.98075548125,UNCATEGORIZED,4.712868,2.418142
фобия,12,88.54304660499999,UNCATEGORIZED,8.442207,3.405702
иудаизм,2,82.759920895,UNCATEGORIZED,7.9838314,5.1562
обрезание,2,75.085816035,UNCATEGORIZED,8.043435,6.998657
талит,1,65.26225369,UNCATEGORIZED,1.7182705,3.8647022
тфилин,1,65.26225369,UNCATEGORIZED,1.9439174,3.6831968
иудей,2,73.39467085,UNCATEGORIZED,1.9719526,9.595878
причина,7,86.44212793857143,UNCATEGORIZED,7.637275,6.5379143
красноречие,7,87.86576489142858,UNCATEGORIZED,9.540345,5.606806
маркер,13,86.68737311307693,UNCATEGORIZED,2.5914075,5.150896
чернила,44,92.10205096795455,UNCATEGORIZED,3.5296466,3.5764992
кривая,12,88.40057216583334,UNCATEGORIZED,4.6390285,4.309985
подпись,6,89.58907975833331,UNCATEGORIZED,6.42848,7.318513
декорация,3,89.35887086333334,UNCATEGORIZED,6.320009,5.7332788
оксид,28,90.59990577035715,UNCATEGORIZED,4.7553186,2.1451678
имущество,8,92.36005821375,UNCATEGORIZED,6.977082,7.6713943
буклет,6,84.96181242,UNCATEGORIZED,5.907704,7.0629597
вкладыш,1,71.34379633,UNCATEGORIZED,2.7625015,5.045796
пастила,13,87.80429631692307,UNCATEGORIZED,3.4227893,2.23709
плод,4,78.9967570325,UNCATEGORIZED,2.2246203,2.0376966
жир,41,88.68162154,UNCATEGORIZED,3.2848325,1.64048
сочетание,4,86.8220967325,UNCATEGORIZED,8.265631,6.4439135
водоем,9,82.36703769777779,UNCATEGORIZED,4.404495,5.734516
марафон,8,87.7283480225,UNCATEGORIZED,5.4557457,6.7417827
спринт,4,88.96783723499999,UNCATEGORIZED,5.352671,6.681694
дорожка,2,81.386353895,UNCATEGORIZED,4.331592,5.6525197
блатняк,1,86.2012275,UNCATEGORIZED,1.2435354,8.731549
щекотка,6,88.234988255,UNCATEGORIZED,8.07035,3.2600887
тракт,3,67.63012234333333,UNCATEGORIZED,4.3393354,5.713496
магистраль,9,76.75117848888888,UNCATEGORIZED,4.260498,5.6408167
маршрут,6,80.38556290000001,UNCATEGORIZED,5.419285,6.555869
четверка,8,60.921188797499994,UNCATEGORIZED,5.244371,8.826685
шестерка,7,55.94897062285715,UNCATEGORIZED,5.1889296,8.935007
сноб,3,88.36609777666666,UNCATEGORIZED,1.3500295,10.075081
тыл,8,90.82180892624999,UNCATEGORIZED,4.836401,8.344251
педагог,6,86.55963652666667,UNCATEGORIZED,3.2164648,9.800037
чек,11,88.45178638545454,UNCATEGORIZED,6.5257387,7.6585073
светильник,14,82.57481451642856,UNCATEGORIZED,3.123671,4.978765
плафон,2,71.529137935,UNCATEGORIZED,3.2061565,5.0285783
электрификация,15,89.00110835000001,UNCATEGORIZED,7.4112253,5.0051403
валежник,10,91.83315377,UNCATEGORIZED,2.576747,2.78202
простуда,11,91.07543321,UNCATEGORIZED,8.016815,2.7210252
версия,6,89.85864458833333,UNCATEGORIZED,7.185177,6.430481
микрофон,22,88.13837968772727,UNCATEGORIZED,3.0844223,6.1329722
экзамен,39,89.74613816897435,UNCATEGORIZED,6.360555,7.569931
пиелонефрит,2,93.381437475,UNCATEGORIZED,7.786209,2.6730094
выборы,7,89.17361496999999,UNCATEGORIZED,6.1780653,8.007176
армянин,4,91.78107844,UNCATEGORIZED,1.6325635,8.871669
камчатка,4,91.979321275,UNCATEGORIZED,4.633644,6.263837
дракула,1,86.99790294,UNCATEGORIZED,1.2136248,8.694127
домовой,6,91.22199582,UNCATEGORIZED,1.4080355,8.719332
зайчонок,2,90.187860715,UNCATEGORIZED,0.29503956,8.292684
кариатида,2,92.346136245,UNCATEGORIZED,3.567953,4.8522973
фунт,5,90.15009909799998,UNCATEGORIZED,4.3585997,4.322314
ожирение,7,86.05436838571428,UNCATEGORIZED,7.9737034,2.9571657
увлечение,3,93.07476770666666,UNCATEGORIZED,8.883905,6.1502523
синопсис,13,89.60219849384615,UNCATEGORIZED,3.7093725,5.932348
горилла,8,88.8820603725,UNCATEGORIZED,0.21212873,8.524035
христианство,15,85.65127446733332,UNCATEGORIZED,7.9889817,5.3324323
товар,10,86.98462624599999,UNCATEGORIZED,6.8727345,7.548393
глоток,4,87.6807086575,UNCATEGORIZED,3.750441,1.9143491
рационализм,2,90.061629875,UNCATEGORIZED,8.268302,4.5403256
падаль,4,85.889349585,UNCATEGORIZED,0.51449835,9.086415
параллакс,28,91.82496307464285,UNCATEGORIZED,5.883745,4.440712
лампада,10,89.47355751799999,UNCATEGORIZED,3.2202194,4.670595
январь,21,73.81624579809524,UNCATEGORIZED,7.185441,8.747788
ваза,36,83.49416725472221,UNCATEGORIZED,3.1817987,4.220177
хранитель,2,89.958863065,UNCATEGORIZED,2.34829,9.069705
начинание,1,88.92293527,UNCATEGORIZED,8.159505,6.1962175
бензопила,9,88.22695411444445,UNCATEGORIZED,3.351733,5.4454308
бирка,11,90.46348124181817,UNCATEGORIZED,3.72281,4.4597673
эфир,21,91.20958663142858,UNCATEGORIZED,3.4136388,6.1504126
рингтон,3,89.75859699,UNCATEGORIZED,2.7024596,6.0573096
средневековье,11,90.80865782272728,UNCATEGORIZED,7.637722,5.299648
лис,4,79.78915215250001,UNCATEGORIZED,0.034474246,8.505711
мениск,15,89.55602069533333,UNCATEGORIZED,4.6011314,3.4769702
плаксивость,1,92.57102058,UNCATEGORIZED,8.691244,3.6557655
бюллетень,4,91.6320511375,UNCATEGORIZED,6.0001225,7.5235133
открытка,7,89.90359459714286,UNCATEGORIZED,6.358533,7.3121715
сухогруз,6,88.25462559166668,UNCATEGORIZED,3.0411608,7.0930552
парикмахер,8,85.31991313374999,UNCATEGORIZED,2.7688036,9.911258
бензозаправка,2,77.56602225500001,UNCATEGORIZED,3.5228276,5.832344
масон,2,94.1910819,UNCATEGORIZED,2.5559711,10.212671
числительное,10,87.765499451,UNCATEGORIZED,6.17358,5.380219
стеклярус,7,84.93682463571429,UNCATEGORIZED,3.8681087,3.010353
невроз,3,89.18912014,UNCATEGORIZED,8.28518,3.3848276
симбиоз,16,89.141163425625,UNCATEGORIZED,6.4305434,6.525483
тестостерон,5,88.06752893199999,UNCATEGORIZED,5.820855,2.409665
гистограмма,2,89.104692255,UNCATEGORIZED,6.574469,4.239264
диско,1,87.57491948,UNCATEGORIZED,4.9662766,7.5987053
расположение,3,94.89490260666666,UNCATEGORIZED,8.308458,6.899635
возгонка,3,91.21037115333333,UNCATEGORIZED,7.1926045,4.2786736
развитие,7,88.0521007242857,UNCATEGORIZED,8.0130825,6.598813
уход,4,89.118245095,UNCATEGORIZED,7.7221437,7.03697
самшит,2,96.19989208999999,UNCATEGORIZED,1.8217645,1.9294391
драндулет,4,87.9038789375,UNCATEGORIZED,3.2288775,7.4592495
университет,29,88.18324032655174,UNCATEGORIZED,5.1084146,7.52567
браконьер,2,91.645559405,UNCATEGORIZED,1.7568315,9.58281
траверс,11,88.42089286909092,UNCATEGORIZED,0.64213717,6.737806
союз,16,91.521987649375,UNCATEGORIZED,6.106719,7.966166
пигмент,5,90.570253216,UNCATEGORIZED,5.417278,2.416891
фотография,24,86.99850315583335,UNCATEGORIZED,6.0077186,6.7847033
сирота,7,87.28324822857144,UNCATEGORIZED,1.9276268,8.864103
магнитофон,11,89.14609789272727,UNCATEGORIZED,3.1270769,5.992354
кор,11,91.91083632272728,UNCATEGORIZED,2.3296494,9.714305
гаррота,10,85.004195743,UNCATEGORIZED,3.5128722,4.065791
гипертекст,1,88.85943673,UNCATEGORIZED,7.2482295,4.2419305
никотин,7,89.44999767142856,UNCATEGORIZED,4.600229,1.803308
бренд,11,90.46662229727272,UNCATEGORIZED,6.615173,6.6685696
тренер,4,88.5686650925,UNCATEGORIZED,3.576899,8.868941
меандр,8,84.57644279125,UNCATEGORIZED,1.5280976,6.3545623
прилет,5,87.206211542,UNCATEGORIZED,5.8226485,6.902054
беспорядок,6,89.94046604833333,UNCATEGORIZED,7.224681,6.295859
животное,84,82.74137759476191,ANIMAL,0.6086439,8.551651
ракурс,10,93.64472360599999,UNCATEGORIZED,5.7396674,6.160366
торопливость,2,84.04082925,UNCATEGORIZED,9.638142,5.0472207
интервенция,5,86.06392227,UNCATEGORIZED,7.301285,5.7557096
нейтрон,27,89.98045955518519,UNCATEGORIZED,5.7678213,2.8082862
глобализм,3,88.87054078666667,UNCATEGORIZED,7.9542513,4.7249846
боярин,5,88.912903104,UNCATEGORIZED,2.4148242,8.943033
самовар,33,90.86566823969699,UNCATEGORIZED,2.9072325,4.3676744
оленина,1,89.12945304,UNCATEGORIZED,2.8246634,2.0118582
десерт,4,90.94230972499999,UNCATEGORIZED,3.216584,1.91952
полиглот,5,90.19082234,UNCATEGORIZED,1.8428295,10.125071
пис,1,87.65309814,UNCATEGORIZED,0.6204297,6.853461
сися,5,84.7955655,UNCATEGORIZED,0.46704745,6.566554
грудь,20,89.20382049800001,UNCATEGORIZED,4.1138854,3.7952178
черемша,17,87.78042511529414,UNCATEGORIZED,1.8796457,1.4939468
мимесис,2,80.057375545,UNCATEGORIZED,7.82026,4.361919
реваншизм,3,80.8563163,UNCATEGORIZED,6.734737,3.1835163
восток,30,92.900652219,UNCATEGORIZED,5.0767326,6.4685683
боярышник,4,83.95306359749999,UNCATEGORIZED,1.783074,1.7361704
дебилизм,1,75.03121864,UNCATEGORIZED,6.6309958,6.218252
изола,1,75.03121864,UNCATEGORIZED,0.85794777,6.5386024
вброс,2,76.5021093,UNCATEGORIZED,6.2914257,6.218255
бомбардир,3,87.30401161000002,UNCATEGORIZED,3.1685746,9.078652
сужение,2,84.046020355,UNCATEGORIZED,7.865944,3.2018833
драконид,1,89.41733856,UNCATEGORIZED,0.9137066,7.444196
военком,1,89.41733856,UNCATEGORIZED,3.3488505,9.117822
сироп,14,89.59467921142857,UNCATEGORIZED,3.209828,1.6485797
амброзия,10,87.546942931,UNCATEGORIZED,3.4442036,2.1720726
мовой,2,92.376797985,UNCATEGORIZED,-0.2033309,5.8827705
градоначальник,1,87.87431785,UNCATEGORIZED,3.3223536,9.342827
малодушие,4,91.268811825,UNCATEGORIZED,9.172937,5.4730306
пуд,1,87.87431785,UNCATEGORIZED,4.3917427,4.2504416
новость,22,88.51396184318182,UNCATEGORIZED,7.8602414,7.064975
пуританин,8,91.90168127749999,UNCATEGORIZED,1.707511,9.826233
ежевика,13,90.0483530776923,UNCATEGORIZED,1.7310053,1.6018919
ломка,5,90.27867057799999,UNCATEGORIZED,7.4603825,5.263982
контркультура,1,95.06718779,UNCATEGORIZED,7.62466,4.565281
таз,16,89.2016110525,UNCATEGORIZED,2.7696574,4.3047514
внедрение,3,94.10971243,UNCATEGORIZED,7.8791833,6.392017
косарь,2,84.80784129,UNCATEGORIZED,2.0708096,5.0029025
конференция,5,90.754032884,UNCATEGORIZED,5.955918,7.9463196
гиперинфляция,1,83.8090152,UNCATEGORIZED,7.5818224,5.0014153
проекция,10,88.566473738,UNCATEGORIZED,6.481616,5.1564417
буддизм,11,86.77769739454544,UNCATEGORIZED,7.7867336,4.976925
шах,10,85.523421445,UNCATEGORIZED,2.1419108,9.010075
авторучка,5,86.025582052,UNCATEGORIZED,3.0930374,4.214397
задница,13,86.86622824153847,UNCATEGORIZED,3.8906045,3.7963004
ибупрофен,4,85.38210194,UNCATEGORIZED,4.7263875,1.7788993
анахронизм,6,87.02133050166667,UNCATEGORIZED,7.400708,5.4734764
вилы,8,90.46137141999999,UNCATEGORIZED,2.0567088,4.596644
техника,15,86.68350569466666,UNCATEGORIZED,7.2615433,5.7459216
биохимия,4,90.73420435,UNCATEGORIZED,6.8084054,4.5623193
напор,4,90.83144193,UNCATEGORIZED,8.819044,5.7364287
режим,6,92.92070545000001,UNCATEGORIZED,3.0666976,5.899389
лепота,9,87.27366713555556,UNCATEGORIZED,6.307232,5.3484006
некромант,4,86.036596065,UNCATEGORIZED,1.8433181,8.940225
неокортекс,5,89.47663171,UNCATEGORIZED,5.564544,2.9499564
медлительность,3,92.69581418333333,UNCATEGORIZED,9.63745,4.9231944
фортепьяно,9,91.55617535888888,UNCATEGORIZED,4.2014585,7.8903203
наказание,4,85.57315822000001,UNCATEGORIZED,8.473109,6.551343
эпоха,7,90.26527629285714,UNCATEGORIZED,6.9608827,7.453803
детерминизм,6,87.02312870833333,UNCATEGORIZED,8.301183,4.6228433
додо,3,85.66640747666668,UNCATEGORIZED,0.22106694,7.6908817
корпоратив,3,86.61588261666667,UNCATEGORIZED,6.3471966,7.048661
секундант,2,86.76815945,UNCATEGORIZED,2.468711,8.996821
иллюстрация,14,91.370701175,UNCATEGORIZED,5.9308343,5.7462873
агностик,10,86.768790891,UNCATEGORIZED,1.7043908,10.151579
стрижка,6,88.09201098333334,UNCATEGORIZED,3.2987864,3.2866728
барахло,4,93.907934725,UNCATEGORIZED,3.686632,3.300633
фасилитатор,3,89.15004139333332,UNCATEGORIZED,3.165334,9.835133
эпидермис,8,90.5680333025,UNCATEGORIZED,5.6957555,2.6999795
толерантность,11,86.75594858181817,UNCATEGORIZED,9.214931,4.981573
интеллигенция,3,87.08156154333334,UNCATEGORIZED,5.562815,8.124738
помощь,7,86.75453142,UNCATEGORIZED,8.228099,6.8612733
животноводство,4,91.8155839925,UNCATEGORIZED,6.4481845,4.51908
вред,2,95.24302576,UNCATEGORIZED,8.165162,7.179469
жилье,7,77.80374742285714,UNCATEGORIZED,4.6491537,6.7276793
астроном,8,84.730672765,UNCATEGORIZED,2.8851833,10.265824
песчинка,8,88.87820694375,UNCATEGORIZED,3.9378374,4.3651953
ряса,2,91.285840435,UNCATEGORIZED,1.8022074,3.5265193
преданность,5,89.953046998,UNCATEGORIZED,9.641275,5.751075
аскет,1,87.7997434,UNCATEGORIZED,2.0368037,9.697378
репетитор,4,90.4141528325,UNCATEGORIZED,2.7857637,9.6317425
плюсна,2,86.295546765,UNCATEGORIZED,4.3579645,3.5976796
морпех,5,89.40719746,UNCATEGORIZED,2.7152748,9.089704
обойма,4,82.2958303475,UNCATEGORIZED,2.191115,5.033986
фамильярность,9,91.9950155111111,UNCATEGORIZED,9.623264,5.053119
неврастеник,1,83.97761777,UNCATEGORIZED,1.2465765,9.923151
антропология,21,87.92725702904762,UNCATEGORIZED,6.999837,4.6959906
иконопись,5,87.626966598,UNCATEGORIZED,6.567915,4.8265743
бедность,8,91.77532119375,UNCATEGORIZED,8.954576,5.4689693
шантаж,4,94.2614182,UNCATEGORIZED,8.218799,5.794253
показуха,2,90.64674019,UNCATEGORIZED,6.744286,5.7064257
альпеншток,1,87.43022657,UNCATEGORIZED,2.296415,5.160064
стипендия,9,89.67954718888888,UNCATEGORIZED,6.9882298,7.426741
продовольствие,1,82.90068654,UNCATEGORIZED,3.472227,2.6912968
продукт,18,84.699178245,UNCATEGORIZED,7.0255985,7.233519
луковица,10,86.175633578,UNCATEGORIZED,2.564524,1.46807
выгодоприобретатель,1,96.7653465,UNCATEGORIZED,6.856898,3.8066459
епископство,1,96.7653465,UNCATEGORIZED,5.6492124,8.084436
противник,2,92.08493616000001,UNCATEGORIZED,4.9332047,8.363629
мензурка,5,94.51530384,UNCATEGORIZED,3.3919392,4.3133316
кубизм,3,86.94314364333333,UNCATEGORIZED,8.00952,4.265223
реглан,1,85.37935468,UNCATEGORIZED,1.5854052,3.6738896
лесопилка,2,89.385097085,UNCATEGORIZED,4.1265254,6.427224
монарх,5,90.276447274,UNCATEGORIZED,2.690716,8.760893
подлива,4,80.70906903,UNCATEGORIZED,3.4307141,2.291156
рубеж,5,93.540782194,UNCATEGORIZED,4.8814044,8.049269
процедура,3,94.59971350333335,UNCATEGORIZED,7.1344237,6.348077
процесс,15,92.04092765,UNCATEGORIZED,7.5319915,7.089214
прима,4,93.1317793675,UNCATEGORIZED,2.2319155,7.5521345
воздуховод,6,87.73308278666667,UNCATEGORIZED,2.8857327,5.4285088
смертность,3,91.70021964666667,UNCATEGORIZED,8.6844225,4.8411827
олух,6,91.67257042499999,UNCATEGORIZED,0.7207162,9.752133
аз,4,88.12243490499999,UNCATEGORIZED,-0.023154505,5.9615245
узно,1,89.35827477,UNCATEGORIZED,-0.006904171,6.1065826
принц,12,89.47403039166666,UNCATEGORIZED,2.735191,8.577321
эскапизм,29,89.48275741344828,UNCATEGORIZED,7.9729486,4.491107
рамадан,8,89.21123066,UNCATEGORIZED,6.06426,6.9140325
кинжал,11,89.44075924454545,UNCATEGORIZED,1.8755659,4.6089134
значимость,4,93.531629375,UNCATEGORIZED,9.188327,5.0693073
цистерна,13,90.55489506307693,UNCATEGORIZED,3.15061,4.385253
колчедан,1,94.07259858,UNCATEGORIZED,4.60423,2.2393894
трак,2,93.145986675,UNCATEGORIZED,2.7628293,6.975173
эдом,2,85.97368096,UNCATEGORIZED,1.26314,6.872289
удилище,1,81.31896296,UNCATEGORIZED,0.81619555,5.027715
саботаж,8,89.15084686374999,UNCATEGORIZED,8.246079,5.7950015
дура,6,83.54606077999999,UNCATEGORIZED,0.71285355,9.331371
ангар,4,90.0523705825,UNCATEGORIZED,3.8172524,6.414982
культура,27,88.22939898222222,UNCATEGORIZED,7.2053094,5.6234846
целостность,1,86.85035277,UNCATEGORIZED,8.981517,5.073478
он,5,89.81444967799999,UNCATEGORIZED,8.061738,7.723297
порок,9,90.40994830888889,UNCATEGORIZED,8.933529,5.715463
шляпник,2,95.73650953,UNCATEGORIZED,1.5856999,9.282505
порез,5,88.72420573200002,UNCATEGORIZED,4.681196,4.068441
альтернатива,14,90.94122007071428,UNCATEGORIZED,7.3334017,6.134226
асклепие,1,93.69376319,UNCATEGORIZED,1.2154641,8.236909
димедрол,2,94.782224775,UNCATEGORIZED,4.715332,1.7696512
брошка,4,87.72072402,UNCATEGORIZED,3.077413,3.8415728
ухарь,2,91.20855656500001,UNCATEGORIZED,1.081023,9.520181
бездарь,6,94.228946255,UNCATEGORIZED,0.96078116,9.873559
пунктуальность,12,89.09065163166666,UNCATEGORIZED,9.866535,5.0393953
дырочка,1,84.43654921,UNCATEGORIZED,4.494523,4.8136
аба,1,84.43654921,UNCATEGORIZED,0.4817727,6.407291
автозак,3,89.10566854666666,UNCATEGORIZED,3.3727922,7.474477
дьяволенок,1,84.43654921,UNCATEGORIZED,0.75061554,8.712638
мультфильм,17,88.11655981764706,UNCATEGORIZED,5.513291,7.083323
леденец,15,87.84740795133331,UNCATEGORIZED,3.1536646,2.357964
вершина,10,89.39258296,UNCATEGORIZED,4.5172334,5.6638646
многоножка,5,89.383034456,UNCATEGORIZED,0.21431175,8.082366
жернов,10,87.502358377,UNCATEGORIZED,2.6209643,4.800387
капкан,11,88.37374302909092,UNCATEGORIZED,6.7144547,6.1673956
словцо,1,91.3515631,UNCATEGORIZED,6.334807,5.8797684
референт,1,91.3515631,UNCATEGORIZED,3.309427,9.376199
котлован,7,89.30476921142858,UNCATEGORIZED,4.2459,5.768574
сочельник,4,93.19551257500001,UNCATEGORIZED,7.2636194,8.051606
умник,3,88.04149917,UNCATEGORIZED,0.7492386,9.536486
сурик,4,86.6538213425,UNCATEGORIZED,4.664998,2.5569289
волосинка,1,90.62839896,UNCATEGORIZED,3.9862943,4.2767005
цистит,4,88.58512266749999,UNCATEGORIZED,7.8338475,2.6566267
приставка,9,91.12279459,UNCATEGORIZED,6.129137,5.313773
безбрежность,1,95.05022486,UNCATEGORIZED,9.399927,4.3152747
стандартизация,1,92.00544429,UNCATEGORIZED,7.5146093,4.843561
накал,3,89.72162085999999,UNCATEGORIZED,8.840857,5.139213
литера,4,89.03950945,UNCATEGORIZED,0.5982224,6.8572545
хлябь,2,92.665450565,UNCATEGORIZED,4.8382607,5.0010076
абрис,10,90.957709601,UNCATEGORIZED,5.05608,4.93661
пейнтбол,3,93.51151015666666,UNCATEGORIZED,4.2850575,8.280981
зубило,3,86.72172090333333,UNCATEGORIZED,2.28554,4.816972
моргание,4,90.2770095025,UNCATEGORIZED,7.015304,4.163592
оцепенение,1,86.7566544,UNCATEGORIZED,9.256214,6.127924
волокно,11,88.42329890545456,UNCATEGORIZED,4.3183007,2.7950807
чап,1,93.41783489,UNCATEGORIZED,0.8683981,7.22139
гадина,3,87.53797433,UNCATEGORIZED,0.62598747,9.115798
узнаваемость,2,92.49783314999999,UNCATEGORIZED,9.27118,4.41923
дао,1,93.41783489,UNCATEGORIZED,6.028504,5.0205016
акустика,6,91.39626701166667,UNCATEGORIZED,6.8180523,4.7848253
методичность,1,92.74626105,UNCATEGORIZED,9.839936,4.946237
престолонаследие,3,87.99702508666667,UNCATEGORIZED,7.30878,4.3061275
адвент,1,79.30341809,UNCATEGORIZED,1.1344345,7.2242775
безд,1,79.30341809,UNCATEGORIZED,-0.029766805,5.9923587
темечко,6,89.18288573000001,UNCATEGORIZED,4.1823993,3.7057126
унт,2,82.854103145,UNCATEGORIZED,1.0617023,6.7548914
самоволк,2,84.41201623,UNCATEGORIZED,6.317598,5.0182657
темп,12,92.66656531666666,UNCATEGORIZED,5.6143427,6.367433
маузер,2,94.57434538,UNCATEGORIZED,1.7341207,5.1080356
демиург,14,88.85169915857144,UNCATEGORIZED,2.3035762,9.310426
квадрант,1,95.21610215,UNCATEGORIZED,2.5933335,5.620931
завещание,19,95.84293216263158,UNCATEGORIZED,7.092155,7.695268
шоу,7,86.71416285857143,UNCATEGORIZED,5.540251,7.3685145
ноготок,4,91.68641930000001,UNCATEGORIZED,3.106058,3.705005
янда,1,82.43269359,UNCATEGORIZED,1.1371531,6.8457093
ундина,1,82.43269359,UNCATEGORIZED,1.477908,7.8797426
копуляция,1,92.70856337,UNCATEGORIZED,6.530986,3.2194805
сигма,4,91.74576543250001,UNCATEGORIZED,2.1551354,6.730713
убийство,29,88.9785355896552,UNCATEGORIZED,8.425537,6.3943086
безделье,5,90.325803362,UNCATEGORIZED,8.944262,5.5844874
взлетка,1,95.89226391,UNCATEGORIZED,3.4565716,5.699354
неразборчивость,1,95.89226391,UNCATEGORIZED,9.506808,4.821611
зомбирование,1,92.02053958,UNCATEGORIZED,8.158318,5.5942297
лучник,4,87.536284185,UNCATEGORIZED,2.0717943,9.307962
пуповина,3,88.10909161,UNCATEGORIZED,3.7957532,4.070415
капитализм,8,91.37778183625,UNCATEGORIZED,8.141583,4.9517817
самум,2,82.07277066500001,UNCATEGORIZED,5.084939,4.8857517
эманация,4,86.49338665249999,UNCATEGORIZED,7.462001,5.09785
лобстер,6,85.37868177166666,UNCATEGORIZED,0.8411363,7.6754737
герилья,1,71.03118481,UNCATEGORIZED,1.4060533,6.790593
очарование,8,93.80502945999999,UNCATEGORIZED,9.461262,5.363435
некрофил,3,94.08708873,UNCATEGORIZED,1.2432723,9.318739
цоколь,7,89.31835047857143,UNCATEGORIZED,4.159574,5.734633
остановка,24,87.53255176625,UNCATEGORIZED,6.785707,6.4988413
фундамент,10,92.97577631299998,UNCATEGORIZED,4.4622016,5.549332
нерв,13,89.23980445461538,UNCATEGORIZED,4.325551,3.8448029
дифференциация,5,88.86646880999999,UNCATEGORIZED,7.590537,4.9330487
плошка,5,81.10898380799999,UNCATEGORIZED,3.1073556,4.3827267
недотепа,1,86.42981132,UNCATEGORIZED,0.78123593,9.729905
вагин,25,88.740830974,UNCATEGORIZED,1.0967035,7.5246515
офис,14,86.23439144642855,UNCATEGORIZED,3.9666848,6.8309417
сетка,8,89.93346487125,UNCATEGORIZED,3.6664271,4.3391256
радий,9,93.36840734,UNCATEGORIZED,4.92822,2.2775266
флюгер,12,87.98681871916665,UNCATEGORIZED,2.8108077,5.4376855
клавикорд,1,85.51123617,UNCATEGORIZED,4.150012,8.105349
стерлядь,6,89.23934811666668,UNCATEGORIZED,0.26494163,5.1303396
ладан,14,92.14968710571428,UNCATEGORIZED,1.9135216,1.7823714
стопка,8,86.07319996125,UNCATEGORIZED,3.357521,4.400563
мумия,9,89.0353593488889,UNCATEGORIZED,4.728607,6.038407
пастор,6,86.02495346833332,UNCATEGORIZED,2.4810386,9.510044
фальконь,1,82.4983634,UNCATEGORIZED,0.8546806,6.890753
реанимация,7,92.37736835142859,UNCATEGORIZED,6.980596,4.35198
сокол,11,87.64974860636363,UNCATEGORIZED,-0.17112483,8.035261
паттерн,8,88.84303220999999,UNCATEGORIZED,7.2281485,5.2806025
кегль,1,84.17005032,UNCATEGORIZED,1.3847187,6.8830914
знамение,16,92.44481491812499,UNCATEGORIZED,8.33149,6.9043646
кооператив,4,88.45367054249999,UNCATEGORIZED,5.176593,7.691582
трансплантация,7,90.82372679571428,UNCATEGORIZED,6.9323096,3.7464662
заросль,4,90.51217419999999,UNCATEGORIZED,4.3492684,5.237272
банкет,3,89.99025327666668,UNCATEGORIZED,6.5612006,7.6078925
вулканизм,1,82.94654633,UNCATEGORIZED,1.6439357,7.3650117
акцентуация,1,82.94654633,UNCATEGORIZED,8.612379,3.9186032
мурашка,2,84.118266225,UNCATEGORIZED,0.8119816,7.8072677
конус,10,88.610770943,UNCATEGORIZED,4.3345985,4.9862356
килька,12,87.49958316416667,UNCATEGORIZED,0.31822243,5.185983
чупакабра,3,83.57075167,UNCATEGORIZED,1.3034896,7.4135075
хвощ,1,90.15253473,UNCATEGORIZED,1.8361518,1.8348337
стульчак,7,85.57402097428572,UNCATEGORIZED,2.954269,4.936687
кальвадос,3,87.58664541,UNCATEGORIZED,3.5365834,1.6390147
барельеф,5,86.31257774399998,UNCATEGORIZED,4.9715586,5.599781
анус,19,82.27947915210525,UNCATEGORIZED,4.7189507,3.5618148
ил,18,91.45269876722222,UNCATEGORIZED,3.0534558,7.1948075
призрак,26,89.14089869807691,UNCATEGORIZED,1.2275894,8.679277
трос,11,87.56442611,UNCATEGORIZED,2.5855289,5.285779
сопло,15,91.18740618733335,UNCATEGORIZED,2.8365264,5.315815
каштан,10,87.62852648499998,UNCATEGORIZED,1.6789783,2.1011603
газель,6,88.04257288500001,UNCATEGORIZED,3.3504837,7.670498
стандарт,13,89.64338229615386,UNCATEGORIZED,6.5855346,6.7766685
год,23,87.40826950086957,UNCATEGORIZED,7.136244,8.23595
трость,23,91.00591366173913,UNCATEGORIZED,2.1744094,4.3569274
погон,5,90.845955338,UNCATEGORIZED,1.872984,3.7608078
графит,8,90.23251309125,UNCATEGORIZED,4.630082,2.4168715
эндометрий,6,85.83899971166666,UNCATEGORIZED,6.2020936,2.6798043
экстерриториальность,1,73.96400428,UNCATEGORIZED,9.110715,4.326968
кульман,1,73.96400428,UNCATEGORIZED,2.4182632,5.522534
аркебуза,2,83.35934687,UNCATEGORIZED,2.1262825,4.6077085
аллюзия,11,88.73172696363638,UNCATEGORIZED,6.4771357,6.1461487
хрусталик,4,89.7464076425,UNCATEGORIZED,4.6680617,3.5281498
индукция,12,89.74923221916667,UNCATEGORIZED,7.6757784,5.292895
автозаправка,2,87.82882869,UNCATEGORIZED,4.1310744,6.3830233
медиация,2,92.021973,UNCATEGORIZED,6.6739497,3.3384273
сухарь,12,84.33302711833333,UNCATEGORIZED,2.9238675,2.4263124
лучина,1,91.49531439,UNCATEGORIZED,3.2974744,4.716349
клуб,11,90.20688393818182,UNCATEGORIZED,4.145615,7.300655
чеснок,34,81.05446035,UNCATEGORIZED,2.6491606,1.462541
арабика,2,91.95822771,UNCATEGORIZED,3.2394235,2.5891097
сурина,1,91.43794318,UNCATEGORIZED,0.7514719,6.5153008
писк,16,91.22864835625,UNCATEGORIZED,5.688344,5.9419193
нивх,1,91.43794318,UNCATEGORIZED,6.2006125,3.0575266
сухостой,1,92.81398506,UNCATEGORIZED,2.5478055,2.7977712
дистрибуция,1,84.59327826,UNCATEGORIZED,6.7618256,4.308433
феноменология,8,85.14494656125,UNCATEGORIZED,7.6359577,4.8893285
аспирантура,5,88.96935189599999,UNCATEGORIZED,5.367608,7.184753
столовая,19,86.86540370157896,UNCATEGORIZED,4.0217724,6.4096756
шельф,4,91.66105825999999,UNCATEGORIZED,4.369962,5.836855
мордашка,1,90.76301247,UNCATEGORIZED,3.8973138,4.0170712
котомка,6,90.26798714666666,UNCATEGORIZED,2.7923536,4.057667
цепь,18,87.68735507444445,UNCATEGORIZED,3.3445137,4.1299047
войско,3,92.77869704,UNCATEGORIZED,5.430716,8.188331
страница,15,85.38090293333333,UNCATEGORIZED,6.2968526,6.982466
ритм,12,92.16693766583334,UNCATEGORIZED,5.6801662,6.559269
утомляемость,4,90.6317375375,UNCATEGORIZED,8.402203,3.4022295
самобытность,2,88.81578603,UNCATEGORIZED,8.978336,5.062279
перманент,6,90.24640700666664,UNCATEGORIZED,6.0659633,3.8071458
наконечник,3,91.31381226666667,UNCATEGORIZED,1.9535998,4.697324
разлад,2,96.37024507999999,UNCATEGORIZED,7.444718,6.20267
отрок,11,93.68849732181819,UNCATEGORIZED,2.23941,9.213169
кораблекрушение,7,90.35779645571428,UNCATEGORIZED,7.711378,6.538874
потеря,4,88.0528193,UNCATEGORIZED,7.9453526,5.9001946
физиология,10,90.654305164,UNCATEGORIZED,6.83834,4.5211363
беспокойство,2,94.815211345,UNCATEGORIZED,9.598384,6.3405967
тренажер,12,90.37754729166666,UNCATEGORIZED,3.2710931,6.3648615
популяция,5,91.411625752,UNCATEGORIZED,6.1954226,4.481744
публичность,1,92.24875295,UNCATEGORIZED,9.164413,4.5716844
миссия,3,89.40863997666666,UNCATEGORIZED,7.356876,6.60754
благодарность,11,90.27748780545453,UNCATEGORIZED,9.5234375,6.2591977
измена,12,93.14587221583334,UNCATEGORIZED,8.796875,5.7149
брильянт,1,95.15214114,UNCATEGORIZED,4.254184,1.4585654
калория,6,93.71781008333333,UNCATEGORIZED,5.16693,2.0891955
скидка,2,95.50201308999999,UNCATEGORIZED,7.000199,7.3961873
спокойствие,7,90.55595480428572,UNCATEGORIZED,9.553719,5.7723107
прямолинейность,5,89.877235448,UNCATEGORIZED,9.620822,4.854139
продуктивность,4,91.60488562750001,UNCATEGORIZED,8.892076,4.80126
клевец,3,84.54110481666667,UNCATEGORIZED,1.9285458,4.7733774
хавчик,1,65.48364304,UNCATEGORIZED,3.5449588,2.6702664
питание,7,85.80175400142856,UNCATEGORIZED,7.2919836,3.8084235
стряпня,3,83.87999494,UNCATEGORIZED,6.5977254,4.982151
трепыхание,1,96.11456418,UNCATEGORIZED,7.8992877,5.0112863
бальзам,7,92.44452793428572,UNCATEGORIZED,4.047461,2.0901253
ползунок,2,89.704613755,UNCATEGORIZED,2.9096253,5.7833524
актив,4,89.954543975,UNCATEGORIZED,5.289176,7.738888
масса,7,93.24493067142859,UNCATEGORIZED,6.211827,8.159976
латта,2,88.44358499500001,UNCATEGORIZED,3.467412,1.6654599
булава,4,88.9674661625,UNCATEGORIZED,2.1221623,4.5065227
борей,2,84.358229885,UNCATEGORIZED,1.5800318,7.6773515
ляп,2,86.690774765,UNCATEGORIZED,7.162709,6.3127174
рожа,9,92.89597203777778,UNCATEGORIZED,3.8358788,3.8614385
аромат,11,91.23423487272727,UNCATEGORIZED,5.234342,3.898883
рвота,11,91.27093468363637,UNCATEGORIZED,8.073606,2.9615092
бинокль,17,92.37162841647059,UNCATEGORIZED,2.4288642,5.4452844
дитя,2,89.66176991,UNCATEGORIZED,2.1286101,8.407253
пурпур,10,91.89190892600001,UNCATEGORIZED,4.4285536,2.7591405
душенька,1,91.56375341,UNCATEGORIZED,1.7038028,7.999956
липид,9,88.22918405222222,UNCATEGORIZED,6.052771,2.5886195
ингибитор,9,88.21869575777778,UNCATEGORIZED,5.0148196,2.115139
кишлак,7,91.30474458857144,UNCATEGORIZED,4.5873594,6.9369893
акно,7,89.69462268857144,UNCATEGORIZED,-0.4282281,5.741707
клумба,7,92.69455778,UNCATEGORIZED,4.1395054,5.9431305
гало,6,92.682018825,UNCATEGORIZED,-0.41565773,5.7507195
мура,3,69.77561152,UNCATEGORIZED,3.335294,9.301635
строка,9,87.61047618333333,UNCATEGORIZED,6.3728485,6.680767
кукарача,1,91.91900218,UNCATEGORIZED,0.8099744,6.5424294
левиафан,4,82.0209293875,UNCATEGORIZED,0.31129882,8.356319
кравчий,1,92.66024729,UNCATEGORIZED,2.6366725,9.25973
зона,14,90.14446060071428,UNCATEGORIZED,5.020313,6.2778234
свинство,5,93.13747658599999,UNCATEGORIZED,8.71698,5.645726
аптекарь,3,92.44773832666665,UNCATEGORIZED,2.7014084,9.839017
крафт,4,91.52115325,UNCATEGORIZED,0.38227174,7.0334
планка,6,90.61174626833333,UNCATEGORIZED,7.1871758,5.213276
роскошь,12,88.250858435,UNCATEGORIZED,9.337587,5.4261713
удача,27,89.26235143703701,UNCATEGORIZED,8.537516,6.610307
улица,77,84.70443385454546,PLACE,4.340209,6.1442356
глицерин,3,86.46813751999998,UNCATEGORIZED,4.205247,2.1185272
пакля,6,86.23724818833334,UNCATEGORIZED,3.5145023,3.4184303
платонизм,2,88.639801715,UNCATEGORIZED,8.073978,4.566773
гот,3,85.82065556666667,UNCATEGORIZED,0.59444165,7.0662117
орт,1,90.98390701,UNCATEGORIZED,4.7283072,7.2336216
заказ,3,90.17017186333334,UNCATEGORIZED,3.1263797,8.637339
загар,6,89.61039199999999,UNCATEGORIZED,4.282543,3.6389012
матка,14,86.75021762285714,UNCATEGORIZED,5.226715,3.2199097
расстояние,16,91.45357788000001,UNCATEGORIZED,5.5835047,5.0432525
удавка,3,87.74876631666666,UNCATEGORIZED,2.9825015,4.0937066
булавка,14,88.54918175500002,UNCATEGORIZED,3.0268924,3.8801558
головастик,10,86.55964687000001,UNCATEGORIZED,0.6591299,8.116863
чеддер,1,77.44279049,UNCATEGORIZED,2.8945627,1.7388984
эякуляция,13,90.4306996746154,UNCATEGORIZED,7.8782277,3.3986487
квинтет,2,83.54380474,UNCATEGORIZED,5.32345,7.3693056
керн,3,84.67482603333333,UNCATEGORIZED,0.31196174,7.0133157
заточка,6,80.61702042499999,UNCATEGORIZED,2.9481578,4.5995874
курфюрст,1,76.29516593,UNCATEGORIZED,2.6844358,8.645902
деготь,5,89.29441392,UNCATEGORIZED,4.193656,2.4615138
дева,9,78.46477521111109,UNCATEGORIZED,2.1734126,8.014168
шмель,5,87.79874138,UNCATEGORIZED,0.24891587,8.053956
ярл,1,92.55058222,UNCATEGORIZED,1.9657011,8.755087
сульфат,10,90.895619659,UNCATEGORIZED,4.7415195,2.0601401
ювелир,4,91.60272365,UNCATEGORIZED,2.6678233,9.758794
вышивка,21,88.90471598428569,UNCATEGORIZED,5.405227,4.1914353
звон,16,89.270894964375,UNCATEGORIZED,5.6369834,5.9483747
инструкция,12,90.154750865,UNCATEGORIZED,6.7162395,7.0846844
метеоризм,3,93.1754889,UNCATEGORIZED,8.027462,2.9025476
зарница,10,89.87340007,UNCATEGORIZED,4.799015,4.797646
наждак,7,86.60529213428572,UNCATEGORIZED,4.0176225,2.8718994
висок,6,89.05578132166669,UNCATEGORIZED,4.0515113,3.7830155
переезд,4,87.45547764749999,UNCATEGORIZED,7.4372115,7.0192394
войлок,3,85.89089598666668,UNCATEGORIZED,3.5322478,3.2581012
факс,9,89.63356151333332,UNCATEGORIZED,2.9834898,6.1544147
клемма,2,91.252632025,UNCATEGORIZED,0.9962833,6.3886275
клочок,2,87.26331189999999,UNCATEGORIZED,2.83678,3.2117345
бур,10,87.572165748,UNCATEGORIZED,2.2345574,5.1576576
стопа,5,88.25121169799999,UNCATEGORIZED,3.7600965,3.8261414
буйвол,14,89.125057915,UNCATEGORIZED,0.2637106,8.698748
вахта,5,90.234627922,UNCATEGORIZED,3.514037,6.5024223
пора,13,91.7343977646154,UNCATEGORIZED,7.938102,7.839891
эксклюзив,7,91.75752739571428,UNCATEGORIZED,5.961455,6.5322576
отвержение,4,89.71466236749998,UNCATEGORIZED,8.573184,6.2813053
баллистика,4,91.80759516,UNCATEGORIZED,6.793299,4.4283986
пепелац,4,84.6165429725,UNCATEGORIZED,3.1419084,7.306401
вигвам,6,88.29384481666666,UNCATEGORIZED,4.1617894,6.695345
бином,7,86.37163092857145,UNCATEGORIZED,1.1145276,9.360536
онто,2,79.384522385,UNCATEGORIZED,0.8933946,6.545351
дерма,2,81.418939795,UNCATEGORIZED,5.8687005,2.7140603
цир,1,77.19237582,UNCATEGORIZED,0.8897545,6.7171764
кабур,3,85.10618772333333,UNCATEGORIZED,1.1753607,6.8284626
датчик,7,85.79884709857143,UNCATEGORIZED,2.809265,5.8217726
ошибка,8,91.98616282125,UNCATEGORIZED,7.614365,6.2304497
боул,1,91.69271801,UNCATEGORIZED,1.1456686,6.6892614
амбиция,21,89.62496262761904,UNCATEGORIZED,9.093828,5.0202546
корт,6,92.15750321666667,UNCATEGORIZED,4.2203817,7.574873
гедонизм,8,92.68946651125,UNCATEGORIZED,8.227815,4.597092
амбар,5,83.69113696000001,UNCATEGORIZED,3.968261,6.6382546
малыш,5,85.703402338,UNCATEGORIZED,1.9153147,8.550032
крутизна,3,84.47318233,UNCATEGORIZED,5.8002477,4.941678
фиксатор,3,85.52623773666666,UNCATEGORIZED,2.8361123,5.40126
онтогенез,1,81.67310384,UNCATEGORIZED,7.366821,4.539144
рубака,1,81.67310384,UNCATEGORIZED,1.4332002,9.695989
танто,1,81.67310384,UNCATEGORIZED,1.7093594,4.835149
ранчо,3,87.24498283999999,UNCATEGORIZED,4.2902985,6.8613048
визитка,2,89.534531685,UNCATEGORIZED,6.0564666,7.2145805
пульс,15,91.77244451799999,UNCATEGORIZED,7.913247,3.1730962
разбойник,3,86.39098468666667,UNCATEGORIZED,1.5688767,9.705039
багажник,5,85.410028188,UNCATEGORIZED,2.7080045,4.984975
конкреция,1,87.14399505,UNCATEGORIZED,5.1182346,3.1235604
яр,8,87.89587675625,UNCATEGORIZED,2.182478,8.183085
демобилизация,3,89.45077900000001,UNCATEGORIZED,7.3402314,5.276108
инвентаризация,3,88.43778199333333,UNCATEGORIZED,6.9707575,5.2690425
ник,5,90.179070384,UNCATEGORIZED,-0.04975906,6.877796
офтальмолог,16,90.658853224375,UNCATEGORIZED,2.7806256,10.382983
миниатюра,8,89.3491825275,UNCATEGORIZED,5.411374,5.545035
котелок,10,87.891653238,UNCATEGORIZED,2.7345104,4.2592874
светлячок,4,89.76707007750001,UNCATEGORIZED,3.5522742,4.9372187
крест,36,87.35532153333332,UNCATEGORIZED,4.9302726,5.6698203
капище,5,90.395086348,UNCATEGORIZED,4.699401,6.535251
монисто,5,85.747885502,UNCATEGORIZED,3.1313074,3.5796714
скунс,13,89.24998201538463,UNCATEGORIZED,0.20191053,8.376815
оболонь,1,88.49896342,UNCATEGORIZED,3.7565448,4.715202
жить,1,73.98529732,UNCATEGORIZED,8.051678,7.6217656
тумба,19,84.47980767000001,UNCATEGORIZED,3.247843,4.620864
опахало,3,85.05111142,UNCATEGORIZED,2.1693966,3.9260476
консенсус,12,90.48036127916667,UNCATEGORIZED,7.817884,5.828377
спик,1,72.88853747,UNCATEGORIZED,0.35364535,6.6578784
буфет,5,84.922105292,UNCATEGORIZED,2.8971932,4.7271504
обуза,2,84.344393655,UNCATEGORIZED,7.3632417,6.0381026
ленточка,3,86.03254158666665,UNCATEGORIZED,3.280881,3.7930324
каратель,7,89.14326989285713,UNCATEGORIZED,1.7433239,8.837076
антипод,12,89.10441278333333,UNCATEGORIZED,7.2021236,5.1681647
молоковоз,1,79.61615626,UNCATEGORIZED,3.0714872,7.212751
плут,4,94.68776035249999,UNCATEGORIZED,1.1533941,9.852342
развод,10,91.15254302000001,UNCATEGORIZED,7.542982,7.120477
подмышка,9,87.1707989588889,UNCATEGORIZED,3.728156,4.181747
нарциссизм,8,86.54648473,UNCATEGORIZED,8.402645,4.7411175
зевание,1,82.11493412,UNCATEGORIZED,6.885778,4.1933055
свеча,59,86.75673049881357,OBJECT_HOME,3.2070076,4.7055
республика,9,96.73049016222222,UNCATEGORIZED,5.619497,7.8080854
причастие,10,92.34545057199999,UNCATEGORIZED,8.119551,7.0630093
вдох,4,91.94705691000001,UNCATEGORIZED,5.9083457,5.54206
необратимость,3,93.81699011333335,UNCATEGORIZED,9.050477,4.4384456
индифферентность,6,90.49173822333334,UNCATEGORIZED,9.250252,4.5925007
слабительное,9,90.62879257888888,UNCATEGORIZED,4.4279547,1.8625011
супермаркет,2,93.374081585,UNCATEGORIZED,4.105665,7.1267853
парашютист,4,90.38104048000001,UNCATEGORIZED,2.628488,9.419975
стремянка,7,84.93186677285715,UNCATEGORIZED,3.2129264,4.4870663
жабер,11,90.41469987272728,UNCATEGORIZED,4.2632227,3.5767186
деятель,2,94.25872821,UNCATEGORIZED,2.9539273,10.0275135
убыток,2,97.32436618,UNCATEGORIZED,7.1757693,7.5249295
устой,3,92.58618240666665,UNCATEGORIZED,3.4589634,5.6452217
картон,53,88.60589017226415,OBJECT_HOME,3.7085574,3.2350988
предатель,6,91.20757826666666,UNCATEGORIZED,1.5202875,9.915087
папиллома,5,88.818805238,UNCATEGORIZED,7.2934704,2.5310988
кворум,5,85.86517367600001,UNCATEGORIZED,2.4924057,6.4542613
траулер,2,86.23182815999999,UNCATEGORIZED,3.0256205,7.0602903
персик,25,83.4624885488,UNCATEGORIZED,2.1713858,1.6331872
наполнитель,3,90.72326283333332,UNCATEGORIZED,4.123646,2.8946729
дупло,11,85.7399870581818,UNCATEGORIZED,4.1087255,5.574493
креатор,8,86.35740427375,UNCATEGORIZED,1.5199833,7.3338265
диплодок,7,86.71793593428572,UNCATEGORIZED,1.2536442,7.691848
костюм,13,90.21949061076923,UNCATEGORIZED,1.6205269,3.644598
тенг,2,89.83487957,UNCATEGORIZED,0.8928969,6.942735
фантик,20,91.740863636,UNCATEGORIZED,3.1742623,2.8651006
имбирь,6,89.80466078833332,UNCATEGORIZED,2.3940656,1.4580511
трицератопс,18,90.43521305444445,UNCATEGORIZED,1.2703323,7.6702776
калорифер,1,93.55753322,UNCATEGORIZED,2.677529,5.393818
ножны,2,95.51112583,UNCATEGORIZED,1.7781382,4.511151
стервятник,3,88.61138692333333,UNCATEGORIZED,-0.024574623,8.268661
швея,7,89.2963386957143,UNCATEGORIZED,2.2234068,7.6707954
связность,5,89.256662896,UNCATEGORIZED,9.093408,4.493559
комплекс,7,88.3760256,UNCATEGORIZED,4.832721,7.0099897
директива,6,90.20622725166665,UNCATEGORIZED,6.528491,7.371102
эволюция,21,88.74112606857143,UNCATEGORIZED,7.357457,5.1019015
консьерж,2,84.76369889,UNCATEGORIZED,3.1360476,8.872425
йод,34,89.30286418235295,UNCATEGORIZED,4.6295733,2.2580314
ландыш,18,86.72525120111112,UNCATEGORIZED,1.7213771,2.0717528
татами,11,91.44614286545453,UNCATEGORIZED,2.666016,4.049298
триптих,4,82.880914175,UNCATEGORIZED,5.306645,5.611643
стриптиз,3,85.84870893333334,UNCATEGORIZED,4.851564,7.6449385
ориентал,1,84.19062121,UNCATEGORIZED,2.4306154,6.9187336
околесица,10,87.525780046,UNCATEGORIZED,6.6228895,5.512724
геодезия,16,89.00971021999999,UNCATEGORIZED,6.7782664,4.7537036
серфинг,13,90.46751952,UNCATEGORIZED,6.1917315,5.1099176
конфетти,4,90.84831460000001,UNCATEGORIZED,4.4576144,4.925466
аниме,24,91.67313353000002,UNCATEGORIZED,5.4214635,7.1528625
монада,2,90.97807945,UNCATEGORIZED,7.928851,4.864975
феодализм,1,88.59728043,UNCATEGORIZED,8.114818,4.9349427
делириум,1,88.59728043,UNCATEGORIZED,1.050859,6.844349
бусидо,2,89.78149855000001,UNCATEGORIZED,7.3441234,6.925074
анемия,5,88.871840338,UNCATEGORIZED,7.8622417,2.8993442
бурят,1,92.0482661,UNCATEGORIZED,1.6416454,8.755544
воскресение,12,78.45881906833334,UNCATEGORIZED,8.277988,6.9289412
сеппук,1,92.4076375,UNCATEGORIZED,7.765598,6.656307
мандрагора,4,87.4614366225,UNCATEGORIZED,1.9482003,2.089821
полудурок,1,77.15284015,UNCATEGORIZED,0.97844267,9.421403
молитвослов,2,86.29083206,UNCATEGORIZED,5.9876595,7.044822
вещизм,1,77.15284015,UNCATEGORIZED,7.9090247,4.570061
вариативность,17,89.71475552882353,UNCATEGORIZED,8.895383,4.2668395
хирург,18,89.346640955,UNCATEGORIZED,2.9942913,9.995716
эгоцентризм,2,90.42834432500001,UNCATEGORIZED,8.626634,4.906173
калькулятор,37,88.53249356540542,UNCATEGORIZED,2.6637018,5.990517
банщик,1,95.43505081,UNCATEGORIZED,2.7327955,9.8508005
расчленение,2,91.792368585,UNCATEGORIZED,8.262924,5.971672
халат,18,87.32708354,UNCATEGORIZED,1.7308557,3.6114523
протез,5,87.378661138,UNCATEGORIZED,2.7366738,3.5445883
телефония,2,90.48169906999999,UNCATEGORIZED,6.8070636,2.9630923
доцент,3,93.43266002333333,UNCATEGORIZED,3.1624975,9.454378
клекот,2,89.046055125,UNCATEGORIZED,5.7230716,5.9380913
шутиха,1,92.48553401,UNCATEGORIZED,3.4421096,4.9848804
совокупность,3,92.93799831,UNCATEGORIZED,8.195159,5.842543
инжир,2,93.319377705,UNCATEGORIZED,2.1816888,1.565758
желе,28,88.60383890392856,UNCATEGORIZED,3.1839714,1.8174658
архитектура,24,88.67590936416666,UNCATEGORIZED,6.2353597,5.2334723
флюид,5,91.60545431800001,UNCATEGORIZED,5.535898,2.8068855
вето,3,94.18153876333334,UNCATEGORIZED,7.368068,6.815383
веха,2,92.68912453,UNCATEGORIZED,6.296271,5.540352
тесть,10,89.050358973,UNCATEGORIZED,2.369888,8.536885
топ,11,80.65950379363636,UNCATEGORIZED,1.6114845,3.6019561
знаменатель,3,85.44942320333332,UNCATEGORIZED,5.979714,4.1404824
базилик,3,89.98284169666665,UNCATEGORIZED,2.0333319,1.5229365
молебен,17,93.33095530470588,UNCATEGORIZED,6.9500337,7.064214
катастрофа,37,91.11742781486487,UNCATEGORIZED,7.2822714,6.267475
менингит,4,86.357679115,UNCATEGORIZED,7.7650037,2.562408
фитюлька,1,91.13973073,UNCATEGORIZED,4.156174,4.948563
корж,4,85.0421965,UNCATEGORIZED,3.1665187,2.1812322
узбечка,1,89.2445045,UNCATEGORIZED,2.092572,7.2856913
маркетолог,4,89.67897928000001,UNCATEGORIZED,3.0066774,9.842012
секундомер,3,80.08727562,UNCATEGORIZED,2.6715539,5.892624
аллея,11,89.94760205181818,UNCATEGORIZED,4.2829804,5.9114466
динамит,13,88.33380339384614,UNCATEGORIZED,1.9959892,5.3860974
весы,13,86.22852112846155,UNCATEGORIZED,-0.45686668,8.463374
кишка,22,91.28679028090909,UNCATEGORIZED,4.831625,3.4568355
спина,21,83.77602255666667,UNCATEGORIZED,3.9480207,3.7879758
племя,16,91.54683066375,UNCATEGORIZED,5.2864723,7.976992
антракт,21,90.66320434,UNCATEGORIZED,5.899746,7.1338744
самостоятельность,11,92.25633726909089,UNCATEGORIZED,9.057278,5.0603337
преимущество,7,87.36512563285714,UNCATEGORIZED,8.461688,6.6869073
проклятие,3,94.80931247000001,UNCATEGORIZED,8.281382,6.1160893
усталость,22,89.06138830727274,UNCATEGORIZED,8.52931,3.623655
длина,12,87.53369828166667,UNCATEGORIZED,5.897376,5.00505
азимут,20,89.11298556599999,UNCATEGORIZED,5.1444807,5.8434124
тройка,15,76.94690032066667,UNCATEGORIZED,5.2264676,8.902484
вдова,2,91.595863105,UNCATEGORIZED,2.4080002,8.163104
прямоугольник,7,88.3484597657143,UNCATEGORIZED,5.082747,4.7538443
паром,15,87.87251960066668,UNCATEGORIZED,3.2224758,7.026489
сирокко,1,88.50951663,UNCATEGORIZED,0.3017578,6.6373916
дружба,31,87.52023537774194,UNCATEGORIZED,9.271029,5.9383693
трель,9,89.3059132788889,UNCATEGORIZED,5.723147,6.1575904
возбудитель,1,89.0154513,UNCATEGORIZED,6.641142,2.3635252
маржа,7,89.56483198857143,UNCATEGORIZED,7.0930986,4.487286
трансценденция,8,90.5760101075,UNCATEGORIZED,8.077851,4.600066
окорок,4,87.379771135,UNCATEGORIZED,2.981997,2.028306
контрапункт,4,90.96800889500001,UNCATEGORIZED,7.612201,4.6524625
синтетика,9,87.36743722444443,UNCATEGORIZED,5.7818093,4.2359543
банальность,6,86.41703299333334,UNCATEGORIZED,9.1983,4.7936463
мейоз,6,88.09862322166667,UNCATEGORIZED,6.3971353,3.1802695
автопром,1,84.21656571,UNCATEGORIZED,2.946976,9.904189
ультрафиолет,14,88.69375757642857,UNCATEGORIZED,5.6561522,2.6822803
пастеризация,6,91.165382275,UNCATEGORIZED,6.6742477,3.312739
судопроизводство,2,91.21814953,UNCATEGORIZED,7.0223846,7.3426647
хамон,3,89.80910326333333,UNCATEGORIZED,2.9212327,1.9816923
корпорация,4,91.78169890749999,UNCATEGORIZED,5.2795377,7.903518
пиротехника,11,87.41733088818181,UNCATEGORIZED,6.471298,5.2586093
глюкоза,13,87.10846492846153,UNCATEGORIZED,5.2592335,2.1446834
лицензия,2,95.08120621,UNCATEGORIZED,6.693106,7.413233
квартал,7,91.47699830428571,UNCATEGORIZED,4.4261527,6.477079
пик,14,87.28650768357144,UNCATEGORIZED,5.1806436,8.959351
коана,1,90.46584672,UNCATEGORIZED,6.527828,4.569022
ристалище,3,88.60296697333335,UNCATEGORIZED,5.960207,7.5963545
фрик,5,91.662136902,UNCATEGORIZED,0.5432361,7.088171
пампасы,2,87.17265871000001,UNCATEGORIZED,4.3600664,3.5686438
мишка,6,81.22296424666666,UNCATEGORIZED,1.971607,8.415778
эксцентриситет,3,95.44616364333332,UNCATEGORIZED,5.930029,4.422455
сержант,2,92.95932880000001,UNCATEGORIZED,3.370526,9.089497
ковка,5,89.55797292,UNCATEGORIZED,5.988165,4.132675
без,1,99.65800833,UNCATEGORIZED,8.151483,7.698036
травка,1,99.65800833,UNCATEGORIZED,2.652552,2.536129
засов,2,99.43205695,UNCATEGORIZED,3.762068,5.150077
автокефалия,2,88.48329778,UNCATEGORIZED,6.6212783,3.4004643
ноздря,19,87.6095268631579,UNCATEGORIZED,3.7741609,3.9819176
четность,1,100.3141206,UNCATEGORIZED,6.7011657,3.246755
раз,12,91.90152940833333,UNCATEGORIZED,8.060313,7.7247386
триллер,1,93.73655922,UNCATEGORIZED,5.7568417,6.9246597
веснушка,4,90.06383267500001,UNCATEGORIZED,0.96406734,7.554265
уместность,1,91.36591602,UNCATEGORIZED,9.299526,4.575097
интеграция,7,89.46039365,UNCATEGORIZED,7.497379,4.9801145
незабудка,4,86.206921565,UNCATEGORIZED,1.5677528,2.2443118
синдикат,6,93.72098999166666,UNCATEGORIZED,5.070907,7.74616
фауна,4,93.27917555750001,UNCATEGORIZED,6.140511,4.6145616
сладкоежка,2,90.04946014500001,UNCATEGORIZED,1.0785263,9.743084
подсознание,2,94.868304385,UNCATEGORIZED,8.73701,6.371866
черствость,3,94.11929064333333,UNCATEGORIZED,9.399678,5.1950703
гигабайт,16,93.17790264874999,UNCATEGORIZED,3.9997513,4.8937635
конструкция,10,91.476885237,UNCATEGORIZED,6.9663954,5.9063973
недоросль,3,92.60042704333334,UNCATEGORIZED,1.1213938,9.723334
лоза,5,86.074652982,UNCATEGORIZED,1.7694895,1.898378
мусульманин,2,88.65146192,UNCATEGORIZED,1.8397783,9.446651
мудра,1,89.79201018,UNCATEGORIZED,6.4774666,4.989148
измельчитель,1,89.79201018,UNCATEGORIZED,2.856613,5.2069316
аврора,4,80.01259953,UNCATEGORIZED,-0.035667427,6.6972146
мельхиор,2,89.68366442,UNCATEGORIZED,0.6969297,7.105715
модификация,2,92.44374715000001,UNCATEGORIZED,6.9949903,6.084388
палтус,7,91.34997583428571,UNCATEGORIZED,0.25387216,5.1654663
мясоед,1,82.36679707,UNCATEGORIZED,7.2337155,8.017745
эротика,4,85.9063987725,UNCATEGORIZED,7.612315,5.257864
мем,9,88.95671829444444,UNCATEGORIZED,0.4869297,6.650631
передергивание,1,82.59965623,UNCATEGORIZED,8.523654,5.569398
ассенизатор,3,89.25637738,UNCATEGORIZED,2.1141636,9.610835
вурдалак,5,84.850217402,UNCATEGORIZED,1.0924852,8.660334
немезис,1,83.64818239,UNCATEGORIZED,0.90863353,6.9457603
застройщик,2,85.93109208999999,UNCATEGORIZED,3.6346831,9.714766
мореплаватель,1,90.54640389,UNCATEGORIZED,2.3837423,9.9100685
чванливость,3,91.89554384,UNCATEGORIZED,9.146308,4.7934766
первопроходец,2,90.64791413,UNCATEGORIZED,2.187335,9.851585
хоббит,24,98.85076074583334,UNCATEGORIZED,1.5373982,8.791522
мерзавец,4,91.70131741,UNCATEGORIZED,0.9780003,9.708386
тореадор,1,87.00597729,UNCATEGORIZED,2.4873464,9.060675
жупел,4,87.435112495,UNCATEGORIZED,4.7789135,2.43333
овчар,1,95.65938637,UNCATEGORIZED,1.3151646,8.363808
плагин,2,97.32630994,UNCATEGORIZED,2.9272447,6.192682
гексаграмма,1,83.821771,UNCATEGORIZED,5.5817738,4.655671
газировка,12,85.99147028166668,UNCATEGORIZED,3.55632,2.221684
трафарет,10,88.287276713,UNCATEGORIZED,4.7685924,4.9280834
гелий,33,90.05609804242424,UNCATEGORIZED,4.8559966,2.2978284
феназеп,1,82.78469465,UNCATEGORIZED,4.734812,1.7685138
патронаж,3,92.34118584,UNCATEGORIZED,4.3450994,4.193511
разведка,4,94.1766466025,UNCATEGORIZED,5.2384667,8.175605
дистрибутив,1,98.63368589,UNCATEGORIZED,3.087347,6.3816857
гавань,4,94.552665155,UNCATEGORIZED,4.149752,6.418256
кассация,4,92.81422866999999,UNCATEGORIZED,6.4414206,3.351638
угроза,4,86.5823715775,UNCATEGORIZED,7.7201333,6.532307
ротор,11,89.09585159363635,UNCATEGORIZED,2.8522344,5.609255
мистраль,3,87.35827502000001,UNCATEGORIZED,0.35126996,6.702415
мастодонт,5,84.812526922,UNCATEGORIZED,0.3649189,8.436746
глайдер,1,85.5768325,UNCATEGORIZED,3.0981746,7.0835385
зверство,1,68.87381592,UNCATEGORIZED,8.75976,5.6787815
аквариум,39,87.5009619617949,UNCATEGORIZED,4.125844,6.871491
алкоголизм,6,91.76488750833333,UNCATEGORIZED,8.257818,5.1364045
арахнид,3,86.03093023666668,UNCATEGORIZED,0.9384645,7.554442
алиби,5,90.979078482,UNCATEGORIZED,8.232463,7.1171417
головокружение,4,90.9399625775,UNCATEGORIZED,8.264068,3.2460825
овал,13,91.66789241615385,UNCATEGORIZED,5.1228538,4.802192
овсянка,10,78.69690806600002,UNCATEGORIZED,2.7994473,1.9656358
супервизор,2,87.17906246,UNCATEGORIZED,2.9944012,9.891306
астра,9,87.17791612555556,UNCATEGORIZED,0.43447447,6.4788303
омнибус,1,90.79161526,UNCATEGORIZED,3.4283254,7.6069245
неолит,3,81.83985873666667,UNCATEGORIZED,1.5371022,6.2246966
реагент,5,95.028804704,UNCATEGORIZED,4.80736,2.5139256
регент,1,88.86083373,UNCATEGORIZED,2.740554,8.690881
реформа,4,89.5111848825,UNCATEGORIZED,7.36434,5.19463
динозаврик,1,84.60745517,UNCATEGORIZED,1.2159042,7.7385197
плед,44,86.05889946272727,UNCATEGORIZED,2.1776545,3.847815
воображение,26,89.31982181038462,UNCATEGORIZED,8.740918,6.396616
примус,8,87.73629944625,UNCATEGORIZED,2.860859,4.4312673
декан,4,86.2869947,UNCATEGORIZED,3.0294154,9.42166
яблоня,13,86.9937789523077,UNCATEGORIZED,1.7320275,1.7822205
нападающий,1,85.69694453,UNCATEGORIZED,3.6269093,8.84655
медикамент,7,91.20159450571428,UNCATEGORIZED,4.6753154,2.5250857
майонез,12,90.62601053166668,UNCATEGORIZED,2.8451734,1.5836272
автократия,7,90.03827065142858,UNCATEGORIZED,7.3795853,4.9411497
лукоморье,4,81.503793285,UNCATEGORIZED,4.4562335,7.2135453
экстрадиция,7,91.79175117142857,UNCATEGORIZED,6.4657664,3.3062615
охват,4,90.89032506749999,UNCATEGORIZED,7.2653728,6.6873903
меринос,2,90.113346605,UNCATEGORIZED,0.94182426,6.9718857
междуречье,1,90.06354012,UNCATEGORIZED,4.6909637,6.240927
морок,11,90.08868298454546,UNCATEGORIZED,7.749963,5.930595
секонда,2,89.29579397500001,UNCATEGORIZED,0.9786491,6.608916
глубина,29,89.85964803965517,UNCATEGORIZED,5.709844,5.052809
кинорежиссер,2,90.0564182,UNCATEGORIZED,3.3479934,10.009867
давалка,8,68.9337815425,UNCATEGORIZED,3.774633,4.323826
блядина,8,69.483576955,UNCATEGORIZED,1.880496,7.21272
головка,3,70.11262472,UNCATEGORIZED,3.7703018,3.7399228
проектор,6,89.18456904499999,UNCATEGORIZED,3.0906513,5.941045
облак,24,88.02252809958334,UNCATEGORIZED,2.08816,3.9804316
гомик,1,68.11931876,UNCATEGORIZED,0.98659104,9.529821
мудила,2,65.63483508499999,UNCATEGORIZED,0.8416331,9.474643
пилотка,7,83.5577430357143,UNCATEGORIZED,1.7747436,3.4683905
манда,6,72.64342416666666,UNCATEGORIZED,2.078871,7.3148127
эллинг,2,90.36168646,UNCATEGORIZED,3.79382,6.6630416
стратификация,5,91.572468994,UNCATEGORIZED,7.53098,4.647254
апофеоз,13,87.54097451846155,UNCATEGORIZED,6.8220696,6.5414305
пипетка,13,88.70381112923077,UNCATEGORIZED,3.4008558,4.259237
рогатка,2,90.3497963,UNCATEGORIZED,3.2472868,4.7307057
доярка,7,94.26872713000002,UNCATEGORIZED,2.0588102,7.7383986
видео,18,90.17362071166667,UNCATEGORIZED,5.5752015,6.940966
указатель,2,88.378038175,UNCATEGORIZED,3.147564,5.838616
пользователь,1,87.78205396,UNCATEGORIZED,3.187978,6.4433594
оливка,4,91.97721174750001,UNCATEGORIZED,0.95818263,4.939834
юкка,4,84.0215870375,UNCATEGORIZED,1.842707,2.2909358
глиссада,11,90.22419717818183,UNCATEGORIZED,3.5119617,5.772552
хэш,4,88.9020890075,UNCATEGORIZED,0.7687353,6.492392
хаш,1,80.68679745,UNCATEGORIZED,0.5091242,6.7742996
сваха,7,86.01974867142857,UNCATEGORIZED,2.100909,7.8607316
кума,6,87.70220612000001,UNCATEGORIZED,1.8647572,8.082694
ягодка,1,85.40548317,UNCATEGORIZED,0.83191234,7.8938723
перепелка,8,91.43200584499999,UNCATEGORIZED,-0.023408847,7.7770467
суфле,7,90.04303499857143,UNCATEGORIZED,3.1514034,1.9556302
сватовство,4,89.49865244749999,UNCATEGORIZED,7.5164804,7.3220005
коралл,35,89.63034076714285,UNCATEGORIZED,4.247735,1.4054139
заварка,6,77.52290403666667,UNCATEGORIZED,3.0718055,4.2936234
урочище,6,92.22387794166667,UNCATEGORIZED,4.5908875,6.6191316
позвоночник,6,83.56497573833333,UNCATEGORIZED,4.243538,3.7394876
мера,19,89.3479058068421,UNCATEGORIZED,4.6055317,4.3941154
публика,4,92.1035860975,UNCATEGORIZED,5.44687,8.1495
скумбрия,9,89.75025805444446,UNCATEGORIZED,0.30469766,5.1539574
порох,19,90.3635783031579,UNCATEGORIZED,2.169061,5.197042
отчизна,4,86.2920367725,UNCATEGORIZED,5.062748,6.976228
красный,22,81.7087886309091,UNCATEGORIZED,1.9362655,3.780453
измерение,3,84.86738423999999,UNCATEGORIZED,7.9319277,7.010091
телепортация,3,88.59633210333334,UNCATEGORIZED,8.065879,4.3243885
краеведение,6,89.71472293000001,UNCATEGORIZED,6.6338096,4.5922155
лишенец,2,91.43139056999999,UNCATEGORIZED,1.1272691,8.783431
разнобой,1,88.05397682,UNCATEGORIZED,7.3043246,6.1124725
вторсырье,2,86.298079865,UNCATEGORIZED,4.9871335,3.004848
хворостина,1,92.23066006,UNCATEGORIZED,3.132718,4.431108
глазок,3,86.46481996333334,UNCATEGORIZED,3.0271113,5.5716243
довольство,1,92.23066006,UNCATEGORIZED,9.318422,5.8902063
ржание,4,94.8406819475,UNCATEGORIZED,5.7377586,5.8682876
озабоченность,5,90.24504363999999,UNCATEGORIZED,9.808751,5.844244
эрзац,5,85.663518656,UNCATEGORIZED,6.4124928,5.6618633
крановщик,1,96.21982693,UNCATEGORIZED,2.4427426,9.593925
похороны,8,94.2420024975,UNCATEGORIZED,7.380765,7.405051
механика,17,81.70065782882352,UNCATEGORIZED,6.715439,4.787213
брус,3,92.42730426333333,UNCATEGORIZED,2.9021697,5.0392323
жулик,1,97.06061999,UNCATEGORIZED,1.5031304,9.8771925
парапет,10,88.737774001,UNCATEGORIZED,3.7619395,5.5909176
траншея,6,87.254315245,UNCATEGORIZED,4.4219494,5.446799
громкоговоритель,6,87.15954395833334,UNCATEGORIZED,3.2182348,6.145933
мозоль,8,90.8903721975,UNCATEGORIZED,5.1895905,3.6924138
реактор,17,91.05062664588235,UNCATEGORIZED,2.9969568,5.797138
маш,3,90.18647850333332,UNCATEGORIZED,1.1764876,7.6717715
паскуда,5,88.401403578,UNCATEGORIZED,0.7276393,9.30623
подтяжка,6,87.63247295000001,UNCATEGORIZED,6.456088,3.9567034
эксцентрик,2,88.84797190500001,UNCATEGORIZED,1.9063832,9.725377
бросок,10,90.09179855,UNCATEGORIZED,5.4760246,6.290071
трио,5,94.33813368999999,UNCATEGORIZED,5.1840615,7.4204655
гипноз,10,90.493698077,UNCATEGORIZED,7.9891763,5.2646613
вереск,15,89.58686916,UNCATEGORIZED,2.0158203,2.236668
кальян,9,90.10367720888888,UNCATEGORIZED,4.001901,1.8865122
поколение,5,94.48139398400001,UNCATEGORIZED,6.4437904,7.7806497
баптизм,1,94.24909979,UNCATEGORIZED,8.018612,4.9827447
неловкость,3,90.5319856,UNCATEGORIZED,9.866105,5.7919497
базар,7,91.43663744714286,UNCATEGORIZED,6.753777,7.589334
качество,17,89.88592905882354,UNCATEGORIZED,8.868268,6.194552
сталагмит,4,88.26428485000001,UNCATEGORIZED,3.647964,5.4254045
мелочь,12,89.43795634499999,UNCATEGORIZED,7.4081388,6.170219
умиление,4,91.1491883575,UNCATEGORIZED,9.451423,6.1892695
альпинизм,7,87.93847153571427,UNCATEGORIZED,6.2405787,5.0711436
слойка,1,86.01819703,UNCATEGORIZED,3.3174393,2.2231536
фронт,11,90.19669151,UNCATEGORIZED,4.7352214,8.196527
серебро,20,84.9419909085,UNCATEGORIZED,4.4347467,2.5969112
софа,5,83.111868362,UNCATEGORIZED,3.2730749,4.5486126
вершок,2,87.1251393,UNCATEGORIZED,4.5160956,4.3438163
киста,19,87.97201615052631,UNCATEGORIZED,7.6178417,2.8169303
таран,7,89.57683365428572,UNCATEGORIZED,2.1442842,5.0123677
керамика,20,88.49351824149998,UNCATEGORIZED,4.037507,3.0988421
палеонтология,4,87.72698396999999,UNCATEGORIZED,6.770199,4.6071854
креманка,4,89.17377759500002,UNCATEGORIZED,3.2417428,2.0498464
божечка,1,64.48311704,UNCATEGORIZED,1.6213001,7.0927215
творец,6,87.00588547333335,UNCATEGORIZED,2.4443362,9.315579
исус,3,83.60736236333334,UNCATEGORIZED,2.2143247,9.521576
спрут,2,83.831781995,UNCATEGORIZED,0.1690109,8.188716
октава,14,90.10731357214286,UNCATEGORIZED,1.0219302,6.163488
мираж,22,90.3937634681818,UNCATEGORIZED,7.720993,5.9247766
вальс,26,91.78517116076922,UNCATEGORIZED,4.9118814,7.5436206
валер,4,88.87099869250001,UNCATEGORIZED,0.8952078,6.846882
барон,7,88.40890851000002,UNCATEGORIZED,2.8100638,8.54439
карлан,3,81.42366875666667,UNCATEGORIZED,1.0139016,7.0052495
хейтер,2,84.217427025,UNCATEGORIZED,0.7474492,7.1624703
кинза,13,89.52977890615384,UNCATEGORIZED,2.3045805,1.4445096
бахилы,3,83.93555925666668,UNCATEGORIZED,1.8481297,3.6568809
сво,5,90.03282749,UNCATEGORIZED,-0.17297588,5.9400606
отход,7,87.74018178571428,UNCATEGORIZED,7.548353,6.777623
снаряд,5,82.712159656,UNCATEGORIZED,2.1991222,5.2937546
фифа,13,90.08492798384616,UNCATEGORIZED,5.8435864,8.0297575
пагода,8,85.51067421375001,UNCATEGORIZED,4.406312,6.0660944
стужа,4,83.474084315,UNCATEGORIZED,5.455996,4.5599117
кладовая,1,84.77379157,UNCATEGORIZED,4.082905,6.3597307
городовой,2,85.619956255,UNCATEGORIZED,3.0503666,9.23605
мазурка,5,92.56553549600001,UNCATEGORIZED,4.844322,7.573587
поводок,10,77.22765464,UNCATEGORIZED,2.2124577,4.2794156
микстура,4,87.380480905,UNCATEGORIZED,4.494149,1.9841326
канон,2,90.80949753499999,UNCATEGORIZED,6.046461,7.036045
кронштейн,17,88.90365773705882,UNCATEGORIZED,2.7675228,5.2626047
девальвация,6,83.43847663166667,UNCATEGORIZED,7.594961,4.9732323
марсианин,7,87.57044749857143,UNCATEGORIZED,1.5057708,9.039919
показатель,1,85.9303004,UNCATEGORIZED,7.629795,6.544785
поломка,4,89.57253234000001,UNCATEGORIZED,7.1398563,5.7321377
пустырь,6,90.47284670500001,UNCATEGORIZED,4.125477,5.9636745
пластырь,13,89.62587301846153,UNCATEGORIZED,3.1627479,3.3407898
файл,10,91.36010996299999,UNCATEGORIZED,3.3130937,6.2923827
дребезг,2,89.35030058,UNCATEGORIZED,5.6348863,6.0076942
ересь,7,92.83622501428572,UNCATEGORIZED,7.705358,5.776422
инсталляция,7,91.68696527571426,UNCATEGORIZED,6.823102,4.7910624
русло,4,91.11324569000001,UNCATEGORIZED,4.5385504,5.7152543
кукуруза,29,85.59087459586208,UNCATEGORIZED,2.4425151,1.8342061
катание,3,89.50055473666667,UNCATEGORIZED,6.4458203,5.100311
фигура,19,86.92130838578949,UNCATEGORIZED,4.810506,5.1044474
шаурма,25,91.90990110199999,UNCATEGORIZED,3.521,5.700805
уязвимость,3,88.83636524333333,UNCATEGORIZED,9.661968,4.5779715
перегной,3,88.90174520333333,UNCATEGORIZED,4.1284127,2.7980478
кошелек,14,86.52470080928572,UNCATEGORIZED,2.4020786,4.1591334
скипидар,4,90.21027595999999,UNCATEGORIZED,4.336955,2.236146
рикошет,3,87.99675484333333,UNCATEGORIZED,0.6788565,8.100056
родиол,1,85.32898268,UNCATEGORIZED,2.0924723,1.65221
мокасин,2,88.92643432,UNCATEGORIZED,2.306031,3.5335362
колорит,6,91.24289938,UNCATEGORIZED,6.493159,5.803637
болтун,3,91.66127857,UNCATEGORIZED,1.0649898,9.821613
тостер,7,88.67408435857142,UNCATEGORIZED,3.0285475,5.0521393
гладь,7,91.67950348428573,UNCATEGORIZED,5.1682577,4.7665486
китай,16,88.66387126687499,UNCATEGORIZED,5.3152785,7.4533854
метаморфоз,5,88.58688883200001,UNCATEGORIZED,7.3566113,5.0799503
волейбол,10,88.118767602,UNCATEGORIZED,4.2545195,8.301511
шашка,12,85.41962702250002,UNCATEGORIZED,2.0463681,4.3214865
бочка,17,86.35479271941176,UNCATEGORIZED,3.1350791,4.215221
коврижка,3,88.72808859333334,UNCATEGORIZED,3.340494,2.8261707
аннотация,8,89.857777475,UNCATEGORIZED,6.3344917,6.7934012
агностицизм,2,92.091959935,UNCATEGORIZED,8.299278,4.5364857
акцент,8,92.59138736374999,UNCATEGORIZED,6.234502,5.879205
киянка,4,89.26702299249999,UNCATEGORIZED,3.4288692,5.3574467
аэродинамика,8,88.7653410075,UNCATEGORIZED,6.706817,4.420746
аптека,50,85.69192718360001,PLACE,4.4089394,6.8548074
заворот,3,92.63178382666668,UNCATEGORIZED,7.791576,2.7152402
теннис,15,89.83262132933334,UNCATEGORIZED,4.284119,8.294494
трение,7,90.71812746571428,UNCATEGORIZED,7.534481,4.094243
лужайка,4,89.7943038625,UNCATEGORIZED,4.235114,5.884633
самоцвет,3,86.23249810666665,UNCATEGORIZED,4.267042,1.4593366
углеводород,2,85.08409469,UNCATEGORIZED,6.4581046,3.2228508
осмий,1,95.49283944,UNCATEGORIZED,4.861149,2.3622093
православие,10,80.43000366000001,UNCATEGORIZED,8.050334,5.250075
ишемия,3,88.82604611666666,UNCATEGORIZED,7.800128,2.8943667
мистика,13,91.09484054307693,UNCATEGORIZED,7.0897474,5.069917
дистония,1,87.26106493,UNCATEGORIZED,7.949923,2.9727912
кариес,14,90.68820466928572,UNCATEGORIZED,7.79797,2.5639164
сценарий,5,92.93543962,UNCATEGORIZED,6.767787,7.028462
крещение,4,93.66623505249999,UNCATEGORIZED,8.120943,7.0479255
падеж,13,91.22338066076924,UNCATEGORIZED,6.0840225,5.402359
клиника,3,93.47842462999999,UNCATEGORIZED,4.5586762,7.0813856
грунт,8,91.18345288999998,UNCATEGORIZED,4.0405726,3.1713111
диоптрия,4,93.633277415,UNCATEGORIZED,8.167307,3.0495074
полицейский,10,86.881508561,UNCATEGORIZED,3.1913497,9.192973
честь,15,87.68010223,UNCATEGORIZED,9.200657,6.482548
лежание,2,95.16132629,UNCATEGORIZED,7.767082,5.2747483
зуза,2,95.16132629,UNCATEGORIZED,0.90421253,6.6480293
тольтек,2,95.16132629,UNCATEGORIZED,1.644203,8.545427
разгильдяй,3,89.93259495,UNCATEGORIZED,0.9663327,9.767401
ар,9,83.74769252222222,UNCATEGORIZED,0.119593695,6.523865
фигурист,6,87.86313216833332,UNCATEGORIZED,2.4917264,9.425196
фехтование,5,88.358432698,UNCATEGORIZED,6.504384,5.1331806
сток,9,90.64258059888888,UNCATEGORIZED,3.3212202,5.3393855
спай,1,88.517303,UNCATEGORIZED,1.4582758,6.568244
кордебалет,5,85.89352132399999,UNCATEGORIZED,4.828623,7.588299
стегозавр,8,89.4027104325,UNCATEGORIZED,1.2405143,7.6379457
пустельга,8,87.01793823499999,UNCATEGORIZED,0.16112742,7.7574773
оккупация,2,91.44157583,UNCATEGORIZED,7.454278,5.6327004
доказательство,8,90.476868715,UNCATEGORIZED,8.0459385,7.285485
понятие,6,90.75812719499999,UNCATEGORIZED,8.018914,6.784387
батон,16,78.4210614275,UNCATEGORIZED,2.9413333,2.1343467
дим,3,85.2745008,UNCATEGORIZED,1.0302666,7.765956
плавильня,2,95.027459575,UNCATEGORIZED,3.4539917,5.724958
храбрость,5,92.310186624,UNCATEGORIZED,9.812836,5.471412
интрига,7,93.10061599857143,UNCATEGORIZED,6.8439007,6.337894
воздухоплавание,6,91.41386416333334,UNCATEGORIZED,6.5246205,4.6506524
кадмий,4,90.84358232999999,UNCATEGORIZED,4.8398504,2.3450077
запор,12,91.80193240750002,UNCATEGORIZED,8.037404,2.9181025
фраер,5,88.388374022,UNCATEGORIZED,0.9958607,9.459615
плоскость,18,88.88861989666667,UNCATEGORIZED,6.132419,4.756734
клюква,13,88.15359193846156,UNCATEGORIZED,1.7671856,1.5596322
олово,21,88.55132523095237,UNCATEGORIZED,4.5599356,2.5166235
гематоген,5,86.357210342,UNCATEGORIZED,2.728155,10.36307
цигун,1,93.02327712,UNCATEGORIZED,6.434767,4.810408
тайга,9,85.01449145999999,UNCATEGORIZED,4.7113137,5.461218
пароход,16,85.72525059374999,UNCATEGORIZED,3.1616714,7.020462
наживка,1,93.29702233,UNCATEGORIZED,0.70933664,5.0604997
баланда,6,85.92358508666666,UNCATEGORIZED,2.9701517,2.0456254
камасутра,5,86.702239166,UNCATEGORIZED,6.477828,4.8123546
желоб,11,90.09727833999999,UNCATEGORIZED,3.337091,5.3069386
статуэтка,6,87.47823900666667,UNCATEGORIZED,4.9226475,5.817339
мощь,5,88.39172791799999,UNCATEGORIZED,8.766784,5.7983503
растяжение,2,87.2587999,UNCATEGORIZED,7.8574834,3.2437541
назойливость,2,88.3139219,UNCATEGORIZED,9.643628,4.9241967
филантроп,12,90.88415000833334,UNCATEGORIZED,2.767031,9.999311
шуршание,1,97.32681682,UNCATEGORIZED,5.7323675,5.8864684
рокер,2,95.67876040499999,UNCATEGORIZED,1.7671694,8.5710335
бостон,2,90.16174803999999,UNCATEGORIZED,3.977005,7.262622
фитнес,9,88.97098959555555,UNCATEGORIZED,4.487246,6.936982
зоология,4,88.978662635,UNCATEGORIZED,6.790874,4.613839
золь,1,89.70925179,UNCATEGORIZED,6.340937,7.158574
рефракция,2,93.76013736,UNCATEGORIZED,7.3993382,4.2017922
цитоплазма,5,91.60737163000002,UNCATEGORIZED,5.841164,3.027705
застой,5,90.28320978,UNCATEGORIZED,7.7261505,5.960403
жюльен,2,92.834147365,UNCATEGORIZED,1.2514925,7.1988816
жалюзи,26,91.84812750923076,UNCATEGORIZED,3.913756,5.1547666
экспрессия,10,89.919094131,UNCATEGORIZED,9.169719,4.6313543
спичка,14,88.26730128785717,UNCATEGORIZED,3.2294035,4.386435
белуга,3,87.84787060000001,UNCATEGORIZED,0.26195532,5.138086
аэропорт,18,87.66969758277777,UNCATEGORIZED,3.9662492,7.2731147
мамон,1,91.91104005,UNCATEGORIZED,1.2098314,7.5283103
клеш,3,93.09970639666666,UNCATEGORIZED,1.7174665,3.4387062
тележка,2,83.235447045,UNCATEGORIZED,3.2669623,7.7927184
впечатлительность,2,96.648314205,UNCATEGORIZED,9.661495,4.862259
лиственница,11,88.98788974,UNCATEGORIZED,1.5723447,2.0624642
поло,3,93.16213747666666,UNCATEGORIZED,4.245957,8.328956
касательная,4,88.9211170775,UNCATEGORIZED,6.1334696,4.5455694
неформал,2,90.980600075,UNCATEGORIZED,1.3366636,7.955781
кабарга,1,87.12580216,UNCATEGORIZED,0.12848195,8.437516
хорал,3,86.05278281666666,UNCATEGORIZED,5.637917,7.028971
семга,3,88.42985523,UNCATEGORIZED,0.31807932,5.0655584
царевич,2,97.639970925,UNCATEGORIZED,2.2680273,8.919539
австрияк,2,87.32523541500001,UNCATEGORIZED,1.2170916,8.583977
варвар,6,92.49729179666667,UNCATEGORIZED,1.6482979,8.949831
трансплантология,1,96.31420623,UNCATEGORIZED,6.792003,2.8262048
шпагат,16,88.838455426875,UNCATEGORIZED,5.2718697,5.9372883
смена,15,92.91463557733333,UNCATEGORIZED,7.247935,5.435986
откат,3,86.09790965666667,UNCATEGORIZED,7.191775,6.18491
чистоплюйство,1,96.20050418,UNCATEGORIZED,8.546054,5.188588
сообщение,16,93.95584665000001,UNCATEGORIZED,7.553476,7.556795
вежливость,7,89.61441157714285,UNCATEGORIZED,9.901948,5.328233
замес,3,96.72274204,UNCATEGORIZED,4.842088,5.8280244
писатель,25,83.112806224,UNCATEGORIZED,3.1590595,10.067531
ранг,3,91.33705598,UNCATEGORIZED,7.491038,6.977241
душегуб,2,88.317862465,UNCATEGORIZED,1.3293045,9.588083
ванная,5,89.903937974,UNCATEGORIZED,3.9131086,6.373903
островитянин,2,92.279770265,UNCATEGORIZED,1.6373289,8.996955
кляуза,9,86.99188538444444,UNCATEGORIZED,6.4681625,5.445312
буревестник,3,85.90064949666665,UNCATEGORIZED,0.609854,8.67232
попытка,12,88.56837126500001,UNCATEGORIZED,7.4226737,6.431232
раскоряка,1,87.27310224,UNCATEGORIZED,1.5548763,7.0729365
заслон,4,89.747645645,UNCATEGORIZED,4.4397125,5.6275268
вертеп,8,87.2013680725,UNCATEGORIZED,4.232452,7.0824404
космодром,14,90.0223553142857,UNCATEGORIZED,3.9499903,7.225184
горностай,7,89.75596307714285,UNCATEGORIZED,0.109425545,8.323988
завсегдатай,1,86.64144416,UNCATEGORIZED,1.7634484,10.088664
облом,2,88.967846025,UNCATEGORIZED,6.510265,6.26956
кратоса,2,87.191626345,UNCATEGORIZED,1.132856,6.243084
вояджер,2,88.28103611,UNCATEGORIZED,3.1675758,7.3401446
танкер,7,86.08185381285715,UNCATEGORIZED,3.0682917,7.1353517
волга,4,84.826429925,UNCATEGORIZED,3.371888,7.712004
врата,6,91.10743837000001,UNCATEGORIZED,4.1936293,6.1053066
коррозия,8,87.88907487624999,UNCATEGORIZED,5.9940615,3.883277
эпиграф,9,89.26835511777777,UNCATEGORIZED,6.381317,6.7429566
сажа,11,90.09489309181816,UNCATEGORIZED,4.285149,3.3396206
синтагма,1,91.57202458,UNCATEGORIZED,6.5710454,4.4666705
гидроцефалия,2,90.060585145,UNCATEGORIZED,7.7172303,3.0361571
прииск,2,85.9600373,UNCATEGORIZED,4.6068463,7.0106473
пресвитерианин,1,81.03698709,UNCATEGORIZED,6.2087035,3.0547523
преграда,7,89.03780175428572,UNCATEGORIZED,4.3724656,5.385265
затравка,2,89.94830702,UNCATEGORIZED,6.0128574,5.115614
промежность,4,84.6326283375,UNCATEGORIZED,4.642749,3.5542746
сансар,7,88.15384917857143,UNCATEGORIZED,7.2389226,5.072117
репортер,1,86.18666181,UNCATEGORIZED,3.3356357,9.801985
слог,8,88.274510475,UNCATEGORIZED,6.2183633,5.7925577
кнедлик,3,91.13597392333332,UNCATEGORIZED,3.3256485,2.2741158
бляха,2,86.784816855,UNCATEGORIZED,3.1544533,4.070626
прялка,4,88.72861448,UNCATEGORIZED,3.1897922,4.4953666
дивертисмент,3,87.87437435333332,UNCATEGORIZED,5.27368,7.3302426
золотко,1,93.67870964,UNCATEGORIZED,1.520798,8.044421
аппетит,7,92.36429328142859,UNCATEGORIZED,8.255787,4.5710053
руководство,2,87.74721142499999,UNCATEGORIZED,5.7244344,8.1417675
пойло,2,85.52074307999999,UNCATEGORIZED,3.7132926,1.8189622
черевичек,9,87.93994238,UNCATEGORIZED,2.4703236,3.5184293
бельканто,1,82.53583499,UNCATEGORIZED,5.3580966,6.615085
новокаин,2,87.66300138,UNCATEGORIZED,4.6844378,1.7812232
херувим,6,89.24893412833335,UNCATEGORIZED,2.0572896,9.450079
допуск,1,82.53583499,UNCATEGORIZED,6.538981,7.675761
ссуда,1,79.27980528,UNCATEGORIZED,6.7736626,7.4203796
незнайка,2,87.974897215,UNCATEGORIZED,0.64771277,8.127764
индивидуум,3,86.21985895333334,UNCATEGORIZED,7.939307,5.3379636
надежа,1,85.43050382,UNCATEGORIZED,6.1822886,5.5157027
таби,1,99.2809779,UNCATEGORIZED,0.7033845,6.6719027
курятник,6,84.636185225,UNCATEGORIZED,3.8629012,6.7229967
завтрак,19,87.45826238000001,UNCATEGORIZED,3.3848534,1.8843807
нейролептик,4,85.41282204000001,UNCATEGORIZED,6.701528,3.2537308
репатриация,1,99.64426739,UNCATEGORIZED,7.371249,5.336985
коммуникабельность,3,91.11884357999999,UNCATEGORIZED,9.321073,4.875885
спячка,3,90.81837804666667,UNCATEGORIZED,7.847885,3.4982424
карточка,4,87.63639354749999,UNCATEGORIZED,6.118585,7.332353
инвентарь,5,87.77730394199999,UNCATEGORIZED,3.4035573,3.0901086
мультипликатор,2,88.177925495,UNCATEGORIZED,2.5838602,5.7429485
вернисаж,5,89.951253002,UNCATEGORIZED,6.073279,7.309702
осознанность,11,88.20733603363637,UNCATEGORIZED,9.432371,5.073839
инфантильность,4,90.4728115175,UNCATEGORIZED,9.288608,4.5433555
ситуация,15,91.06662854533332,UNCATEGORIZED,7.4443684,6.238063
поздравление,1,89.72056609,UNCATEGORIZED,7.963301,7.2957544
стояк,5,87.70894919999999,UNCATEGORIZED,3.149671,5.348257
раж,1,88.37513375,UNCATEGORIZED,9.457716,6.052858
небосвод,3,88.52064099666666,UNCATEGORIZED,4.8696427,4.867849
сдоба,3,90.22024350666668,UNCATEGORIZED,3.215528,2.2700455
наркоз,8,91.5821877775,UNCATEGORIZED,4.6658316,1.89666
шницель,14,92.31134783785714,UNCATEGORIZED,3.0999327,2.0290892
гуманоид,4,88.60932717,UNCATEGORIZED,1.4165324,8.909235
амариллис,4,88.53959298749999,UNCATEGORIZED,0.4337959,6.6146107
туфта,2,92.74828394,UNCATEGORIZED,6.8143306,5.6870236
клаксон,2,87.735198865,UNCATEGORIZED,2.9482026,5.8183336
иешива,1,94.62206009,UNCATEGORIZED,4.7229795,3.265582
коллоквиум,2,90.38282119,UNCATEGORIZED,6.3204765,7.192069
обаяние,5,88.793245544,UNCATEGORIZED,9.495855,5.3420906
деталь,10,92.66716412400001,UNCATEGORIZED,7.4299855,6.2273307
трибуна,7,89.99909170571429,UNCATEGORIZED,1.1907673,6.182041
непокорность,1,90.35127476,UNCATEGORIZED,9.396369,5.332713
близость,7,86.53981965428571,UNCATEGORIZED,9.543755,5.8463407
творение,9,88.79380020666667,UNCATEGORIZED,7.164435,6.787526
новизна,1,76.31040887,UNCATEGORIZED,9.303615,4.91468
доверие,10,91.928188158,UNCATEGORIZED,9.674078,6.3735757
успех,21,90.48161564380953,UNCATEGORIZED,7.691199,7.0065556
епитрахиль,4,88.4363336775,UNCATEGORIZED,1.639055,3.748449
мальва,4,93.4786586025,UNCATEGORIZED,1.525672,2.2837708
дипломат,7,91.57497583857142,UNCATEGORIZED,3.1609447,9.577728
дряблость,1,91.58189999,UNCATEGORIZED,9.216516,4.04128
искушение,5,87.42942235000001,UNCATEGORIZED,9.298213,6.296024
вероломство,5,88.91924321,UNCATEGORIZED,8.912778,5.6705437
действительность,4,87.54517258249999,UNCATEGORIZED,8.0050745,5.845724
достояние,6,85.69362489000001,UNCATEGORIZED,6.9922194,7.6337285
редкость,7,88.37735845428571,UNCATEGORIZED,8.129406,7.490876
подсвечник,10,88.948444448,UNCATEGORIZED,3.0066962,4.749116
летопись,4,90.37381198499999,UNCATEGORIZED,6.4396915,7.138637
прислуга,3,92.19349304666667,UNCATEGORIZED,2.533248,8.037506
элементаль,1,88.55998778,UNCATEGORIZED,1.2327814,7.6815996
программирование,9,90.27389178222222,UNCATEGORIZED,7.893048,6.2384806
бархат,11,89.28235338545454,UNCATEGORIZED,4.048556,3.1893415
фактор,4,90.878578745,UNCATEGORIZED,7.6751633,6.7866745
целомудренность,2,86.8682537,UNCATEGORIZED,9.46854,4.5782657
урбанизация,11,87.79060108909091,UNCATEGORIZED,7.4106774,4.932234
запас,11,91.5530822381818,UNCATEGORIZED,5.1682444,6.748051
недомогание,1,88.96203544,UNCATEGORIZED,8.37618,3.455573
остаток,3,91.21120273666666,UNCATEGORIZED,6.997182,8.127567
античность,12,93.77509678083334,UNCATEGORIZED,7.4435325,5.181347
камикадзе,4,91.58014295,UNCATEGORIZED,3.2370496,7.5015035
экстези,1,88.03758061,UNCATEGORIZED,4.6334424,1.8623935
компрессор,5,88.598305476,UNCATEGORIZED,2.9200273,5.513275
мезозой,11,85.92676105000001,UNCATEGORIZED,1.5582577,6.262583
крыжовник,21,89.35075113,UNCATEGORIZED,1.7566819,1.5559866
покой,8,85.07530389125,UNCATEGORIZED,9.2951355,6.0098286
уретра,11,89.70365151818181,UNCATEGORIZED,7.946444,3.0751832
начальник,6,92.15117175,UNCATEGORIZED,3.4905598,9.1781
лимфоцит,4,83.92854796,UNCATEGORIZED,6.272804,2.7010727
контейнер,15,88.92600681133332,UNCATEGORIZED,2.6477323,4.481743
дартс,6,91.61200480999999,UNCATEGORIZED,4.2792816,8.310304
заморыш,4,86.3391128425,UNCATEGORIZED,0.95140564,9.386613
телеведущий,1,91.14741496,UNCATEGORIZED,3.1880147,9.9723425
хоккей,15,88.79620557599999,UNCATEGORIZED,4.2586374,8.30142
симка,4,90.3200712575,UNCATEGORIZED,0.82260025,7.577615
гренка,6,84.32835874333334,UNCATEGORIZED,3.4611883,2.9661
секрет,9,92.25998208222222,UNCATEGORIZED,7.367035,6.452171
шелкопряд,5,84.776877036,UNCATEGORIZED,1.1124321,2.7732973
кунжут,5,86.224833154,UNCATEGORIZED,2.321954,1.5892671
бронза,6,89.51772057166669,UNCATEGORIZED,4.2249265,2.8620636
учение,3,88.85945406666666,UNCATEGORIZED,7.8333745,5.967252
проход,4,92.6028153275,UNCATEGORIZED,4.2654443,5.896095
физиономия,2,94.496466035,UNCATEGORIZED,3.972542,3.9253423
локус,5,88.308937422,UNCATEGORIZED,5.4997525,2.9903204
безобразие,13,91.32860073692306,UNCATEGORIZED,8.701051,5.7217717
линчевание,1,92.31029701,UNCATEGORIZED,8.279046,5.1874704
стульчик,5,62.65216315799999,UNCATEGORIZED,2.8078656,4.612144
мокрота,6,89.22547142,UNCATEGORIZED,5.286083,3.649824
отель,8,87.59917012625,UNCATEGORIZED,4.0036106,6.926423
проституция,6,87.71671782833333,UNCATEGORIZED,8.043279,5.348637
щербета,4,88.588515105,UNCATEGORIZED,3.3438895,2.0029018
полароид,2,96.523423115,UNCATEGORIZED,2.9289184,5.6853127
пикантность,2,86.18508473,UNCATEGORIZED,9.689555,4.684251
стоик,6,88.83785172333334,UNCATEGORIZED,1.6820589,10.137677
реинкарнация,12,87.00900635833334,UNCATEGORIZED,7.3890505,5.121949
пряник,17,87.49249339529413,UNCATEGORIZED,3.0084312,2.46613
модем,2,89.207051945,UNCATEGORIZED,2.9350474,6.1514444
биография,1,91.15092993,UNCATEGORIZED,6.63924,6.8306427
баритон,2,83.63537486999999,UNCATEGORIZED,5.4864264,6.563261
распознавание,3,91.3094529,UNCATEGORIZED,7.886859,5.8881702
герань,15,90.38077036,UNCATEGORIZED,1.7505552,2.0125554
нить,12,84.80466887749999,UNCATEGORIZED,3.5751166,4.093749
луг,14,82.23703945357143,UNCATEGORIZED,4.4497766,5.8405247
опушка,18,89.24416782722221,UNCATEGORIZED,4.564306,5.6395144
мопед,7,90.49858846714285,UNCATEGORIZED,3.2172222,7.43196
руно,3,85.42317967666666,UNCATEGORIZED,3.8232145,6.647242
наволочка,23,88.61113046869566,UNCATEGORIZED,2.554122,3.8321466
шифер,11,88.88623062636363,UNCATEGORIZED,3.97382,3.0669632
прозекторская,1,86.46668458,UNCATEGORIZED,3.5416284,5.619343
дренаж,18,89.49485629444445,UNCATEGORIZED,6.6926146,3.7059221
клячко,1,92.19483266,UNCATEGORIZED,1.3417875,7.185015
языкознание,4,92.0467762525,UNCATEGORIZED,6.8467054,4.737149
проволока,5,90.554387332,UNCATEGORIZED,3.6572242,4.4373527
естественность,2,91.14267243500001,UNCATEGORIZED,9.545982,4.963872
рецензия,2,85.488186035,UNCATEGORIZED,6.2265654,7.0832253
интервал,3,93.85338765,UNCATEGORIZED,7.386665,5.700906
раковина,37,85.63582144054055,UNCATEGORIZED,3.257529,4.858613
ручей,17,84.11495749647058,UNCATEGORIZED,4.4660277,5.660093
харакири,8,91.87017011374999,UNCATEGORIZED,7.779996,6.829941
колебание,6,88.00416445999998,UNCATEGORIZED,8.105424,5.946085
батарейка,11,90.62083936363636,UNCATEGORIZED,3.1570656,4.84951
контраст,5,94.273007642,UNCATEGORIZED,7.800773,6.536768
дата,14,89.62311676928572,UNCATEGORIZED,6.535091,7.2804246
фланель,5,92.303270942,UNCATEGORIZED,4.0129952,3.1328766
флаер,6,85.76758699999999,UNCATEGORIZED,3.118554,7.075448
безнадега,1,89.57642291,UNCATEGORIZED,9.553479,4.4760556
щелчок,2,92.86554325,UNCATEGORIZED,5.4993777,5.9050746
барокко,19,92.2767391931579,UNCATEGORIZED,7.8861074,4.3112054
мундир,2,89.38341407,UNCATEGORIZED,1.5685472,3.5979671
флокс,1,92.24224022,UNCATEGORIZED,0.5566218,6.885594
лирика,8,88.61420974875,UNCATEGORIZED,6.6889973,5.7774973
драпировка,4,82.5926012,UNCATEGORIZED,3.714884,4.1885843
дорада,1,84.95881721,UNCATEGORIZED,0.8947852,6.6063766
экслибрис,2,91.92216916999999,UNCATEGORIZED,2.5131443,6.494197
башка,2,91.593811745,UNCATEGORIZED,3.7697785,3.7930934
брюхо,6,91.53311091333335,UNCATEGORIZED,4.060867,3.8043804
сребролюбие,2,95.201531225,UNCATEGORIZED,9.068737,5.559478
идиш,1,90.32001291,UNCATEGORIZED,6.0480494,6.2829905
папаверин,1,90.32001291,UNCATEGORIZED,4.688572,1.766222
чужбина,4,91.2429680725,UNCATEGORIZED,5.088259,6.9268937
круговорот,7,90.25307261857142,UNCATEGORIZED,5.256473,5.456357
треник,3,82.67759025333334,UNCATEGORIZED,2.1568575,4.7684736
инфлюэнца,1,77.04652704,UNCATEGORIZED,7.9267783,2.5319242
зеница,3,85.27074032666665,UNCATEGORIZED,3.9104319,4.3873243
кринка,1,77.04652704,UNCATEGORIZED,2.9924798,4.272441
суфражистка,3,80.30083902,UNCATEGORIZED,5.6226673,3.345369
султанат,2,88.841015925,UNCATEGORIZED,4.877653,7.28889
онтология,16,89.48578587625,UNCATEGORIZED,7.316763,4.735633
достоинство,7,88.01384942714286,UNCATEGORIZED,9.404609,6.0067286
радиоуправление,1,93.35619456,UNCATEGORIZED,2.7674608,5.699616
филлипа,1,87.0698241,UNCATEGORIZED,0.91296226,6.4813113
разруха,2,89.23743854,UNCATEGORIZED,7.591736,5.834801
рассада,9,87.9204333088889,UNCATEGORIZED,4.0970883,6.2079463
примесь,1,93.57540908,UNCATEGORIZED,8.877202,4.038754
кассета,7,92.00172565,UNCATEGORIZED,3.5621665,4.6154256
кругозор,4,90.25597181500001,UNCATEGORIZED,7.4834223,6.220159
кувалда,18,89.12824006,UNCATEGORIZED,2.4134715,4.6215577
смак,7,91.37621045428571,UNCATEGORIZED,9.08994,5.0405264
миловидность,1,84.57374615,UNCATEGORIZED,9.757639,4.6814666
лесозаготовка,1,84.57374615,UNCATEGORIZED,3.4128478,5.8759985
субмарина,9,89.33685402111112,UNCATEGORIZED,2.9753246,6.7817593
постамент,2,92.37220062,UNCATEGORIZED,4.4761972,6.1758013
купание,3,84.73476678666667,UNCATEGORIZED,6.627652,5.129421
харя,4,91.41753868250001,UNCATEGORIZED,3.783816,3.8965518
исход,4,92.7791109675,UNCATEGORIZED,7.4800024,6.9507
квазь,2,88.50284453,UNCATEGORIZED,0.18146268,7.8754964
рубильник,9,86.94812520444444,UNCATEGORIZED,2.940701,5.497134
транспортер,4,92.1486647575,UNCATEGORIZED,3.301581,7.4717493
шпиль,3,95.1822562,UNCATEGORIZED,4.1439385,5.8251166
слияние,4,94.321210675,UNCATEGORIZED,8.337847,6.253247
пломбир,4,90.919871585,UNCATEGORIZED,3.2323482,2.0354648
корешок,8,89.0335147575,UNCATEGORIZED,6.0645213,7.0886083
омуль,3,83.69845359666667,UNCATEGORIZED,0.27091306,5.188357
шерстка,2,87.45439397,UNCATEGORIZED,3.564526,3.4619412
релятивизм,2,84.477571015,UNCATEGORIZED,8.316426,4.6697536
штиль,11,88.7052391190909,UNCATEGORIZED,5.244616,4.887235
высокогорье,6,88.84890887499999,UNCATEGORIZED,4.5590296,5.7045994
полигамия,3,91.81763461333333,UNCATEGORIZED,8.052455,4.922606
стоун,1,90.58820812,UNCATEGORIZED,0.030196473,6.9285684
резекция,3,90.28839316000001,UNCATEGORIZED,7.3338375,3.165076
дедукция,9,90.64384694222223,UNCATEGORIZED,7.650844,5.4569116
эмигрант,2,89.46870029499999,UNCATEGORIZED,2.0411584,10.028923
окрошка,4,79.14866722,UNCATEGORIZED,3.0649781,2.1079752
периодизация,2,86.24381925,UNCATEGORIZED,7.227188,4.891968
проселок,1,82.11634642,UNCATEGORIZED,4.2734523,5.7284436
плес,1,90.48868801,UNCATEGORIZED,4.247929,5.7015357
ланита,7,89.07933098142857,UNCATEGORIZED,9.251868,4.214612
кабриолет,8,90.76520737749999,UNCATEGORIZED,3.3203042,7.6403913
извращение,7,90.02124327571427,UNCATEGORIZED,8.470766,5.6687374
аврал,5,91.621027252,UNCATEGORIZED,7.211592,6.2195616
сусек,5,90.590932106,UNCATEGORIZED,3.6034582,5.5355444
рапсодия,8,90.8402269025,UNCATEGORIZED,0.16565734,6.6187296
гимень,2,79.639255245,UNCATEGORIZED,1.2571453,8.145731
жатва,4,94.8546057625,UNCATEGORIZED,5.7763686,4.959015
шуйца,1,92.81317584,UNCATEGORIZED,3.767592,4.0267897
окурок,8,88.97786572999999,UNCATEGORIZED,3.2862573,4.199108
лепрекон,5,87.10209498399999,UNCATEGORIZED,0.8522225,7.785661
коростель,3,83.83797017666666,UNCATEGORIZED,0.37964016,7.0081687
калибровка,7,87.5625110257143,UNCATEGORIZED,7.0673175,4.6577997
зубик,1,74.94776885,UNCATEGORIZED,2.871402,7.223307
инициация,7,88.71663625142857,UNCATEGORIZED,7.326401,5.1240597
пропажа,3,85.55876452000001,UNCATEGORIZED,7.6435676,6.30576
частокол,5,86.861538994,UNCATEGORIZED,4.191934,5.780029
косичка,4,88.8880459425,UNCATEGORIZED,2.9853728,3.5945692
метод,6,87.73383422833335,UNCATEGORIZED,7.559076,6.95865
хрень,3,91.08094209333335,UNCATEGORIZED,6.8629327,5.720399
ревизия,3,93.52949543666666,UNCATEGORIZED,6.9542155,5.5491104
куропатка,7,88.7144466,UNCATEGORIZED,-0.07967046,7.7998557
зверобой,6,90.00907669499998,UNCATEGORIZED,1.7748514,1.7862518
тонометр,7,90.52982138857143,UNCATEGORIZED,2.432673,5.2664547
нормативность,1,83.17545229,UNCATEGORIZED,8.85566,4.2660317
кагор,1,83.17545229,UNCATEGORIZED,3.4156802,1.557259
дубленка,4,89.69107885,UNCATEGORIZED,1.8011367,3.3775623
власы,1,83.17545229,UNCATEGORIZED,2.8563986,3.3348403
эрцгерцог,1,83.17545229,UNCATEGORIZED,2.6948745,8.603387
притон,7,90.44344561142857,UNCATEGORIZED,4.2061825,7.1534815
референдум,6,89.83528308666666,UNCATEGORIZED,6.2168045,7.9265337
распятие,5,90.476618258,UNCATEGORIZED,4.994656,5.8341885
нормаль,3,87.94039090333332,UNCATEGORIZED,0.9605004,6.4594164
велик,2,90.86283127499999,UNCATEGORIZED,7.9632945,7.4148893
субсидия,6,87.30741948333332,UNCATEGORIZED,6.876752,7.1305375
ловкость,5,91.41010673600002,UNCATEGORIZED,9.70281,5.210184
винчестер,3,88.20908488666667,UNCATEGORIZED,1.7806416,5.0302987
органза,3,88.08879629666666,UNCATEGORIZED,4.2651415,3.1208026
поджарка,3,91.58545053,UNCATEGORIZED,3.3813736,2.402667
огласовка,2,92.21158664999999,UNCATEGORIZED,5.2576375,4.097331
звание,7,93.08928391714286,UNCATEGORIZED,7.0123706,7.588297
инкрустация,8,89.9860564625,UNCATEGORIZED,5.472008,4.047286
коллоид,1,80.1699807,UNCATEGORIZED,6.276541,2.8856862
мазила,2,83.71857525499999,UNCATEGORIZED,1.0096815,9.704908
глотание,2,80.77982632499999,UNCATEGORIZED,7.9267087,3.1780312
доминанта,7,86.06289360285713,UNCATEGORIZED,8.002388,4.8915954
экстракция,2,87.58144422500001,UNCATEGORIZED,6.933111,4.2257776
кривизна,11,91.5503547681818,UNCATEGORIZED,6.6582384,4.5159783
накидка,2,83.36909391500001,UNCATEGORIZED,1.9190329,3.4783413
коровяк,1,79.16576505,UNCATEGORIZED,1.8255523,1.7466437
консервация,5,88.65488390600001,UNCATEGORIZED,7.160623,4.5690045
кроха,2,88.56866181,UNCATEGORIZED,1.7440046,7.995236
пограничник,3,89.74392356333334,UNCATEGORIZED,3.0082629,9.1858015
гриль,3,88.16906179,UNCATEGORIZED,3.0816336,1.9217813
топаз,4,87.002009825,UNCATEGORIZED,4.257746,1.3680207
колибри,13,87.93851959692309,UNCATEGORIZED,-0.13891268,7.925591
демос,1,81.54082632,UNCATEGORIZED,0.697509,7.1563506
зубрила,1,81.54082632,UNCATEGORIZED,2.3801525,8.210985
уздечка,5,85.303572384,UNCATEGORIZED,2.2726748,3.8813722
нуменора,1,78.65150688,UNCATEGORIZED,1.7560624,6.3858466
высотка,5,81.727950096,UNCATEGORIZED,4.401556,6.2682805
сулугуни,2,88.66040092,UNCATEGORIZED,2.8722582,1.7309543
суд,16,93.147165535625,UNCATEGORIZED,7.4649367,7.5247564
кошатник,2,90.69850736500001,UNCATEGORIZED,1.4573728,8.027675
прыщик,4,90.7092502425,UNCATEGORIZED,4.9609413,3.8700292
троецарствие,1,89.60608695,UNCATEGORIZED,1.5555515,6.696131
хек,2,91.64958934500001,UNCATEGORIZED,0.24953541,5.158435
мультипликация,2,89.45980782000001,UNCATEGORIZED,6.5082097,4.729998
этнография,3,91.03677908000002,UNCATEGORIZED,6.890474,4.733538
кокос,7,86.37752481,UNCATEGORIZED,2.2518704,1.5057305
абсцесс,14,89.28615566357142,UNCATEGORIZED,7.6598616,2.6970532
ушанка,7,87.2991979242857,UNCATEGORIZED,1.751046,3.4405437
комбайнер,1,94.42788981,UNCATEGORIZED,2.5766172,9.705392
медаль,13,88.49796373307693,UNCATEGORIZED,6.4595447,7.689902
трек,5,89.13722167,UNCATEGORIZED,5.4977946,7.179166
пляска,4,91.39910893250001,UNCATEGORIZED,6.620616,6.0874386
деление,6,83.80802803166667,UNCATEGORIZED,8.217181,6.2178726
треть,4,93.8024681275,UNCATEGORIZED,6.9053626,8.13307
молчание,12,90.69901387,UNCATEGORIZED,9.23974,6.024424
ягненок,2,73.38576431999999,UNCATEGORIZED,0.054828398,8.712587
душитель,1,89.03860572,UNCATEGORIZED,1.3032867,9.482055
детинец,1,92.50891811,UNCATEGORIZED,4.3730755,6.5764794
боулинг,4,89.925802395,UNCATEGORIZED,4.343504,8.196029
архипелаг,9,89.27426774555555,UNCATEGORIZED,4.6774364,6.2752604
паладин,2,91.05385017,UNCATEGORIZED,1.9494025,8.843487
мафия,9,91.56421607222222,UNCATEGORIZED,5.187038,8.362946
орангутан,12,88.32947500416667,UNCATEGORIZED,0.36852062,8.544697
миазмы,9,91.53969685222222,UNCATEGORIZED,5.295106,3.8546205
рюш,4,90.3684516925,UNCATEGORIZED,4.85981,3.8318443
оплодотворение,5,88.461430726,UNCATEGORIZED,7.164842,3.9089518
махорка,6,88.82864711666666,UNCATEGORIZED,3.5768845,2.4121976
выя,3,89.60981627666666,UNCATEGORIZED,-0.4008426,5.7445197
мушкет,6,87.15437031333333,UNCATEGORIZED,1.8228054,4.980458
демагог,2,90.088025055,UNCATEGORIZED,1.6258482,10.011097
капут,2,93.02658712499999,UNCATEGORIZED,1.4944122,7.078502
торг,2,92.03997763999999,UNCATEGORIZED,6.903165,7.5155396
мантия,14,88.16733705857143,UNCATEGORIZED,1.8450813,3.444931
доверенность,7,91.03552725000002,UNCATEGORIZED,6.7848516,7.5685263
слепец,2,93.447824045,UNCATEGORIZED,1.4613923,9.430436
моделирование,4,91.1015579475,UNCATEGORIZED,7.911214,6.311298
ламинария,13,87.26020186384615,UNCATEGORIZED,2.1350405,2.4277108
легкость,11,88.87662989363638,UNCATEGORIZED,9.732419,4.9588876
уныние,17,87.22120017235295,UNCATEGORIZED,9.579327,6.1561613
касса,7,88.99504358428574,UNCATEGORIZED,5.4421773,7.5618005
чакра,5,94.30984626,UNCATEGORIZED,6.1878743,4.7687874
редиска,8,89.156173755,UNCATEGORIZED,2.3256276,1.3419412
неподвижность,2,89.665605355,UNCATEGORIZED,9.717256,5.029711
миротворец,5,88.638453432,UNCATEGORIZED,2.1071303,8.934446
обстоятельство,8,93.30672331375,UNCATEGORIZED,8.164875,7.151525
инерция,8,88.22924671875,UNCATEGORIZED,8.068588,5.4558597
репродукция,2,88.72417845999999,UNCATEGORIZED,5.447935,5.6350956
дед,11,85.63334992818181,UNCATEGORIZED,2.1511385,8.506677
расспрос,1,89.95876882,UNCATEGORIZED,1.353927,7.5656433
казуистика,4,87.68806447,UNCATEGORIZED,6.702791,5.520557
насекомое,20,85.66469211649999,UNCATEGORIZED,0.3081348,8.218121
соперник,2,82.022568965,UNCATEGORIZED,3.2072217,9.1
лингвистика,24,90.72704535500002,UNCATEGORIZED,6.9414835,4.7386055
финансист,3,90.23042242000001,UNCATEGORIZED,2.9479039,9.900878
банкнота,6,87.44196249333334,UNCATEGORIZED,4.1840496,4.4687853
колье,11,91.0479273690909,UNCATEGORIZED,3.013287,3.629559
заметка,4,92.0984944575,UNCATEGORIZED,6.2669706,7.1287284
молот,20,88.323819941,UNCATEGORIZED,2.1541238,4.7717767
писание,2,91.01922368,UNCATEGORIZED,6.763137,7.0443916
будущее,7,87.92226824571428,UNCATEGORIZED,8.544425,6.783927
мздоимство,1,95.73404166,UNCATEGORIZED,8.348981,5.239192
смута,7,91.46808503714284,UNCATEGORIZED,7.087093,6.0533175
стиль,19,90.34235309842106,UNCATEGORIZED,6.4762535,5.8612685
стигма,6,94.67707966333334,UNCATEGORIZED,5.0098243,3.513453
сделка,3,93.46682166333333,UNCATEGORIZED,7.157398,6.874129
перехват,2,91.38169798,UNCATEGORIZED,5.8296604,6.709944
дебют,1,93.26489046,UNCATEGORIZED,5.8537283,7.3127728
арка,18,88.72717002055556,UNCATEGORIZED,4.2271967,5.8235383
исповедь,21,92.02191968666664,UNCATEGORIZED,7.8844075,6.940221
получка,4,93.79858992250001,UNCATEGORIZED,5.9881773,5.4577293
двор,12,87.57632032666667,UNCATEGORIZED,4.101059,6.16109
бриг,2,95.007139925,UNCATEGORIZED,2.9828582,6.9686303
теолог,4,93.270948705,UNCATEGORIZED,2.6110077,10.101136
тихоход,6,88.48482765833334,UNCATEGORIZED,1.9489933,7.1895304
тиф,1,93.16136386,UNCATEGORIZED,7.8852797,2.4036474
контроль,18,92.21384709833333,UNCATEGORIZED,7.2709155,7.189236
итог,2,86.21579116999999,UNCATEGORIZED,7.646423,7.267729
цимбала,3,86.13972496666668,UNCATEGORIZED,5.3563404,6.587636
выдумка,3,92.21146036,UNCATEGORIZED,7.2902646,5.9737697
крынка,10,92.460871422,UNCATEGORIZED,3.0449336,4.3333383
самородок,5,91.59171264,UNCATEGORIZED,4.240835,1.4818078
алфавит,23,87.30479925043477,UNCATEGORIZED,6.0940156,6.20253
повтор,2,83.53992945,UNCATEGORIZED,7.254055,6.9615836
надпочечник,6,87.50500760666667,UNCATEGORIZED,6.055146,2.4295254
ботаник,5,89.63295916199999,UNCATEGORIZED,2.9152985,10.290749
румяна,4,92.62697797999999,UNCATEGORIZED,3.6760488,3.0772662
прогресс,9,90.02370879555556,UNCATEGORIZED,7.8299613,6.48016
телепатия,3,90.48588362666668,UNCATEGORIZED,8.039863,4.406165
трест,5,90.53376324000001,UNCATEGORIZED,5.0374155,7.738637
лоботряс,3,85.4634868,UNCATEGORIZED,1.0029857,9.725012
расточительность,7,93.47979094285714,UNCATEGORIZED,9.389916,5.122151
зазубрина,2,91.90676396,UNCATEGORIZED,3.9677367,5.096423
виселица,12,91.89397329499998,UNCATEGORIZED,4.2523136,6.1734033
культяпка,4,94.3970668475,UNCATEGORIZED,3.4884467,4.2575374
кондуктор,2,95.278680555,UNCATEGORIZED,3.2327976,8.41314
тире,9,88.74099168333333,UNCATEGORIZED,5.584817,5.0577188
подлинность,1,88.85199043,UNCATEGORIZED,9.218536,4.874226
внимание,4,90.37077778,UNCATEGORIZED,8.248324,7.4801283
геймер,4,90.62368366,UNCATEGORIZED,2.1136367,9.648896
клинопись,4,83.788139485,UNCATEGORIZED,6.1954756,5.4076214
шардон,1,79.63770018,UNCATEGORIZED,1.0134113,6.747506
рекомбинация,6,82.34051153333333,UNCATEGORIZED,7.2450733,4.407592
мифология,8,88.06523208875,UNCATEGORIZED,7.1770763,5.3873057
этан,3,82.51961511333333,UNCATEGORIZED,0.14661758,6.892994
шпора,6,89.965499625,UNCATEGORIZED,2.7628245,3.977175
зловоние,3,93.75555780333333,UNCATEGORIZED,5.242447,3.9063363
гиацинт,21,93.08437247428571,UNCATEGORIZED,4.1607547,1.3743851
водораздел,1,82.89400566,UNCATEGORIZED,4.4900007,5.728598
волколак,2,84.86601976,UNCATEGORIZED,1.0336223,8.340943
анилин,3,87.84668957666668,UNCATEGORIZED,4.6032643,2.1853309
исподнее,3,85.39223470666667,UNCATEGORIZED,1.7411394,3.4151437
индивидуализм,1,87.76109585,UNCATEGORIZED,8.406573,4.805902
дзен,6,90.63713447833335,UNCATEGORIZED,6.477016,4.827937
запад,9,89.08967761000001,UNCATEGORIZED,5.028737,6.4729524
условие,5,93.94491918399999,UNCATEGORIZED,7.801987,7.4501276
провидение,3,87.90512171333334,UNCATEGORIZED,9.168738,6.0361047
обустройство,1,98.04257791,UNCATEGORIZED,7.5096946,6.211619
символизм,5,91.73834961200001,UNCATEGORIZED,8.082292,4.3135967
нужда,2,94.48865602500001,UNCATEGORIZED,8.948725,5.7347245
первоцвет,2,94.02025869,UNCATEGORIZED,1.71483,1.9877675
сигнатура,3,88.45236903333334,UNCATEGORIZED,6.483089,4.8629217
решительность,2,90.22300622,UNCATEGORIZED,9.812729,5.3146305
надрыв,2,89.703779175,UNCATEGORIZED,7.480888,6.189989
рекламодатель,1,86.8454396,UNCATEGORIZED,3.4212842,9.770674
амфитеатр,13,88.82209428384616,UNCATEGORIZED,4.2760935,6.8557034
заплатка,4,91.45898624499999,UNCATEGORIZED,3.9351811,4.435626
вагонка,3,90.55838581,UNCATEGORIZED,4.334038,3.1312451
лаванда,8,85.44082174375,UNCATEGORIZED,1.7657061,1.9207807
пума,5,78.021940914,UNCATEGORIZED,-0.015513866,8.513643
охламон,1,87.03933979,UNCATEGORIZED,0.9672086,9.547653
рождение,13,88.90956963230768,UNCATEGORIZED,8.151953,6.840746
парало,1,92.90314998,UNCATEGORIZED,1.4458219,7.243451
общительность,2,90.31571072,UNCATEGORIZED,9.651233,5.118123
пеньюар,5,91.220689306,UNCATEGORIZED,1.7601571,3.5902011
новелла,4,81.37586031250001,UNCATEGORIZED,6.4885173,6.4903717
разрушение,2,88.92077521,UNCATEGORIZED,8.250023,6.4095116
свидетельство,2,91.764658745,UNCATEGORIZED,7.9801893,7.3296027
разнос,1,89.60032825,UNCATEGORIZED,7.3042364,6.437636
грация,16,91.479428641875,UNCATEGORIZED,9.75644,4.839731
рогоз,3,90.14430069666668,UNCATEGORIZED,2.1426814,2.363368
прерия,2,85.28249122,UNCATEGORIZED,4.7035227,5.477992
беретка,2,87.340249065,UNCATEGORIZED,0.7541059,6.493436
кокошник,18,88.28697594833332,UNCATEGORIZED,1.8446503,3.5751035
фамилия,11,90.04376915181818,UNCATEGORIZED,6.5833197,6.743488
пенек,7,88.02674391285714,UNCATEGORIZED,2.2605596,2.8833256
картечь,1,93.20577924,UNCATEGORIZED,2.2666192,5.1763363
симулякр,15,93.50711389266668,UNCATEGORIZED,7.6836605,4.6464934
компост,9,89.96178578,UNCATEGORIZED,4.1197853,2.827721
ковш,6,91.95643278,UNCATEGORIZED,2.7042327,4.2755933
карри,6,90.39313400333333,UNCATEGORIZED,2.6134205,1.465477
этнос,11,91.51120392363636,UNCATEGORIZED,7.9072304,5.1604557
улика,4,94.6652682325,UNCATEGORIZED,6.7636156,6.2976394
сиротство,1,91.18730961,UNCATEGORIZED,8.811577,5.4314194
кринг,1,72.62457659,UNCATEGORIZED,1.0396084,7.108414
велеречивость,4,81.571548605,UNCATEGORIZED,9.437232,4.4637494
фаранг,1,72.62457659,UNCATEGORIZED,1.2821348,8.66774
тальк,5,90.498718584,UNCATEGORIZED,4.3700614,2.4472907
переходник,3,88.4307091,UNCATEGORIZED,2.6598518,5.696022
паяльник,9,89.46139796,UNCATEGORIZED,2.4371452,4.865827
персонаж,5,88.286195694,UNCATEGORIZED,3.0684533,9.243662
фреска,13,89.17660270384614,UNCATEGORIZED,5.354692,5.5554905
окислитель,2,88.72345522,UNCATEGORIZED,4.7463617,2.240839
краснота,23,87.71385449565217,UNCATEGORIZED,8.030547,2.9232705
клеврет,1,73.90412008,UNCATEGORIZED,2.010309,8.924826
психоделик,1,73.90412008,UNCATEGORIZED,4.6231737,1.8116078
лактоза,10,88.649776241,UNCATEGORIZED,5.2144547,2.1254044
голубок,1,73.90412008,UNCATEGORIZED,0.030162126,7.943065
пижма,12,88.77283286583332,UNCATEGORIZED,1.7979143,1.7989091
ступка,5,84.501816338,UNCATEGORIZED,3.3163168,4.193465
разнообразие,5,91.20640545,UNCATEGORIZED,8.612745,5.982671
биржа,7,88.55456822857141,UNCATEGORIZED,4.9575486,7.0393567
тавтология,2,83.624459,UNCATEGORIZED,7.1641774,5.406209
напиток,4,74.631216565,UNCATEGORIZED,3.7085502,1.7287822
группа,8,89.4501983525,UNCATEGORIZED,5.229207,8.428001
чересполосица,2,85.323808735,UNCATEGORIZED,8.978551,4.4639845
переживание,2,88.184693845,UNCATEGORIZED,8.674038,6.331664
волчанка,3,88.26465309000001,UNCATEGORIZED,7.856914,2.6201816
мотыга,7,86.51761511428572,UNCATEGORIZED,2.3031042,4.683064
галлюцинация,17,89.3841590252941,UNCATEGORIZED,7.711942,5.961256
жжение,4,92.23755377499998,UNCATEGORIZED,8.127013,3.1021667
червонец,2,91.61379450999999,UNCATEGORIZED,4.3581448,4.3558354
перл,1,94.46277054,UNCATEGORIZED,0.027121728,6.5908613
траур,12,91.80680452333333,UNCATEGORIZED,7.378345,7.2622533
молока,2,83.088235165,UNCATEGORIZED,3.406712,1.7576085
буквица,2,88.58359546,UNCATEGORIZED,1.82509,1.8103755
клевета,8,89.50193998625,UNCATEGORIZED,7.4291945,5.9289994
мажор,10,89.15359939000001,UNCATEGORIZED,0.16173454,6.158058
компетенция,4,90.721917665,UNCATEGORIZED,8.890439,5.306594
харита,1,90.69694154,UNCATEGORIZED,0.56399155,6.630463
палица,3,87.77587940333332,UNCATEGORIZED,2.177857,4.5151844
погребок,1,84.21243246,UNCATEGORIZED,4.148481,7.0619116
истеблишмент,1,84.21243246,UNCATEGORIZED,5.731407,8.156645
мойка,7,88.89209486714287,UNCATEGORIZED,3.778241,5.287009
рак,21,90.25439457476189,UNCATEGORIZED,7.801211,2.7606976
подлещик,1,77.91697476,UNCATEGORIZED,0.25171232,5.0819073
червоточина,14,87.849038455,UNCATEGORIZED,5.8297024,5.002171
пенсионер,3,88.42800172,UNCATEGORIZED,1.9373254,9.579083
хна,5,82.04931249799999,UNCATEGORIZED,4.6024294,2.5170665
глазница,4,87.92416777,UNCATEGORIZED,3.74931,4.0239944
акс,1,91.80940398,UNCATEGORIZED,1.8458036,5.1380677
статус,9,94.16718161555555,UNCATEGORIZED,7.878244,6.6831913
насилие,8,90.137825205,UNCATEGORIZED,8.653169,5.935338
бухгалтер,15,89.466037102,UNCATEGORIZED,3.0740335,9.60505
барак,9,87.31992018555556,UNCATEGORIZED,4.0596695,6.6761265
баран,24,83.722083235,UNCATEGORIZED,0.12376503,8.760614
качалка,4,94.090251285,UNCATEGORIZED,3.2841952,4.5243077
битье,1,89.46981604,UNCATEGORIZED,7.9026294,5.8506317
нумизмат,5,91.025987948,UNCATEGORIZED,2.314054,9.949429
примат,6,88.47819458833334,UNCATEGORIZED,8.709277,6.217721
копирование,1,84.82075185,UNCATEGORIZED,8.054585,6.271816
беллетристика,9,81.88704617444445,UNCATEGORIZED,6.8292956,5.5092754
квартет,13,89.88886582230768,UNCATEGORIZED,5.4367394,7.3911157
минимализм,6,88.50479537666668,UNCATEGORIZED,7.925839,4.4036045
текстура,9,90.79331768333333,UNCATEGORIZED,6.1101985,4.113519
колчан,1,87.95767749,UNCATEGORIZED,1.9980432,4.4705963
экология,14,87.12675983428572,UNCATEGORIZED,6.8837233,4.6692786
блокада,11,92.63156821727273,UNCATEGORIZED,7.2991047,5.7954297
просьба,3,89.43101580333332,UNCATEGORIZED,7.4617558,6.9770923
заключение,5,93.778839998,UNCATEGORIZED,7.723617,7.4820323
привилегия,2,93.93785488,UNCATEGORIZED,7.9905457,6.374
фижмы,2,89.87396819,UNCATEGORIZED,2.599677,3.5663428
сейм,1,86.20399163,UNCATEGORIZED,5.979263,8.075595
шейка,2,74.878839605,UNCATEGORIZED,3.7902856,3.737419
диагностика,5,91.313196902,UNCATEGORIZED,7.253848,3.9794846
неопределенность,8,89.91934260625,UNCATEGORIZED,9.068212,4.938735
бухгалтерия,9,90.07331331,UNCATEGORIZED,5.5185156,7.5321937
неизвестность,7,86.65884473714287,UNCATEGORIZED,9.121389,4.9595685
свисток,12,89.49632423916667,UNCATEGORIZED,3.3700478,6.264467
железа,8,92.778697195,UNCATEGORIZED,4.3835907,2.5365052
гейм,1,89.99289326,UNCATEGORIZED,0.44394442,7.000522
тиран,7,86.96900152285716,UNCATEGORIZED,1.7768623,9.443948
подкладка,3,84.06856154333333,UNCATEGORIZED,2.9467683,3.7617283
мошенничество,4,89.7865801975,UNCATEGORIZED,8.357697,5.7652597
месса,2,91.761925565,UNCATEGORIZED,7.254285,7.00622
технология,7,85.70295922857143,UNCATEGORIZED,7.1510906,5.8707323
вожак,2,89.75435162,UNCATEGORIZED,2.2582703,9.07322
кристаллизация,11,85.91651943545456,UNCATEGORIZED,7.366546,4.270008
конклав,3,86.57310335666666,UNCATEGORIZED,5.9026504,8.141193
палисандр,1,79.74349207,UNCATEGORIZED,1.8810979,1.8830891
фермент,7,89.68399417142857,UNCATEGORIZED,5.2962904,2.1887739
абонемент,8,90.91715013000001,UNCATEGORIZED,5.5723033,7.244266
куртуазность,7,85.27039077571429,UNCATEGORIZED,9.707983,4.778205
оптика,16,87.01977605375,UNCATEGORIZED,6.7427177,4.749097
аллегория,37,88.49595826513513,UNCATEGORIZED,6.9684687,5.6170645
трактир,4,90.4670120575,UNCATEGORIZED,4.1182265,6.989392
балюстрада,9,88.69012476666666,UNCATEGORIZED,4.146828,5.829814
кетчуп,17,86.35698618941177,UNCATEGORIZED,2.8826737,1.670722
бакалавр,11,90.41265734454545,UNCATEGORIZED,3.0298355,9.461102
док,4,89.8996261075,UNCATEGORIZED,0.07325603,6.9046154
сусло,7,87.42194587285714,UNCATEGORIZED,3.1092713,1.5497359
завеса,2,90.739631455,UNCATEGORIZED,4.906294,4.7215962
пожарный,2,89.50734149,UNCATEGORIZED,2.5702388,5.3013053
генеалогия,6,88.65424365166666,UNCATEGORIZED,6.982987,4.9436407
медовуха,1,86.94112065,UNCATEGORIZED,3.6239755,1.9403818
тарантелла,2,85.3794505,UNCATEGORIZED,1.7646213,6.385379
окуляр,7,91.06205663714286,UNCATEGORIZED,2.9330256,5.4073796
картограф,5,86.668580092,UNCATEGORIZED,2.8738513,10.271622
евангелие,4,86.92711243,UNCATEGORIZED,6.659908,7.0011816
строение,3,91.80773329333333,UNCATEGORIZED,4.678807,6.3263726
редакция,6,91.29181337,UNCATEGORIZED,5.7820377,7.428335
перспектива,22,90.76766093545454,UNCATEGORIZED,7.647294,6.488387
поллюция,15,90.90808245,UNCATEGORIZED,7.9762535,3.3157454
барышня,4,84.286966635,UNCATEGORIZED,2.263019,8.116094
берухо,9,92.05314147222221,UNCATEGORIZED,2.5248635,3.6087022
эскадра,1,96.79377753,UNCATEGORIZED,4.733347,8.30891
юродивый,7,90.03403306714286,UNCATEGORIZED,2.1091306,9.587954
экономист,2,89.603114325,UNCATEGORIZED,2.9734604,10.2055
нефтепровод,2,83.62226897,UNCATEGORIZED,3.6607392,5.6774826
маркетинг,23,89.70804173434783,UNCATEGORIZED,6.795063,6.850608
сад,23,83.92609501869565,UNCATEGORIZED,4.223448,6.010339
катапульта,13,90.48922797307692,UNCATEGORIZED,2.9722729,5.412773
сообщество,7,91.30246484428571,UNCATEGORIZED,5.790192,8.0792885
пончик,22,86.89847523818183,UNCATEGORIZED,2.9435823,2.3624449
полиэстер,4,94.7217955925,UNCATEGORIZED,4.333002,3.102912
иррационализм,2,75.69224127999999,UNCATEGORIZED,8.16395,4.5380363
иллюзионист,3,75.94112188666666,UNCATEGORIZED,2.3305085,9.532097
гадость,10,85.44325253100001,UNCATEGORIZED,7.418616,5.6691213
флейта,24,87.32658460750001,UNCATEGORIZED,3.9930408,7.8900657
волюнтаризм,52,96.51324804480768,ABSTRACT,8.219574,4.54802
оскомина,1,92.036525,UNCATEGORIZED,7.981507,2.8867552
опара,6,92.74583687,UNCATEGORIZED,3.0733275,1.46924
свалка,5,91.440631704,UNCATEGORIZED,6.880606,6.1415043
кунь,3,81.58310793333334,UNCATEGORIZED,5.505356,4.66144
тапир,8,86.99833445875001,UNCATEGORIZED,0.17532691,8.500397
электрофорез,8,91.19383274,UNCATEGORIZED,6.408364,3.8137631
сонет,7,86.86804268428571,UNCATEGORIZED,6.22645,6.75926
саксонец,1,80.08917374,UNCATEGORIZED,1.5950079,9.001999
моцарелла,1,80.08917374,UNCATEGORIZED,2.8909287,1.7064043
снобизм,3,90.02390485666666,UNCATEGORIZED,9.033897,5.1838117
гротеск,9,92.40896521333333,UNCATEGORIZED,6.595798,5.780632
монастырь,10,88.466077345,UNCATEGORIZED,4.6219635,6.6241293
акватория,6,93.02072273166665,UNCATEGORIZED,4.3627434,6.027536
сионизм,3,93.65038116666666,UNCATEGORIZED,8.242821,5.0039787
сутенер,7,88.28894423428571,UNCATEGORIZED,1.7513703,9.746408
фюрер,2,92.41375342,UNCATEGORIZED,4.0812907,8.515844
сдержанность,1,92.45044095,UNCATEGORIZED,9.856553,5.264067
накид,2,89.0782709,UNCATEGORIZED,5.625996,5.35963
костыль,14,87.1767168135714,UNCATEGORIZED,2.1122973,4.6646447
анод,2,85.10462753499999,UNCATEGORIZED,5.141322,2.9225159
порей,2,70.926073205,UNCATEGORIZED,2.3200686,1.3579679
коитус,7,87.78928337142858,UNCATEGORIZED,7.860204,4.733519
гекат,1,94.76829163,UNCATEGORIZED,1.4511656,7.84897
сорок,2,93.780883775,UNCATEGORIZED,6.7287817,8.25002
ставка,4,88.426477385,UNCATEGORIZED,6.5845766,7.4830475
околоток,1,88.20178992,UNCATEGORIZED,4.4581327,7.210659
станок,28,86.55902728535715,UNCATEGORIZED,3.018424,5.6065564
серсо,7,85.74831136285715,UNCATEGORIZED,4.269633,8.316832
манжета,6,88.590015155,UNCATEGORIZED,3.017098,3.8541737
лань,8,90.60749076625,UNCATEGORIZED,0.00042537297,8.530882
триада,10,92.447509278,UNCATEGORIZED,7.7893896,4.9680195
котлета,33,86.63173025515151,UNCATEGORIZED,3.1183553,2.2639816
перцепция,8,90.19065504875,UNCATEGORIZED,7.5689344,4.474654
перфекционизм,7,86.18314858857143,UNCATEGORIZED,8.493368,4.688603
иррациональность,18,90.34958782055554,UNCATEGORIZED,9.352965,4.5015817
подорожник,12,88.4152715125,UNCATEGORIZED,1.8833464,1.8443584
увольнение,6,91.24621499666667,UNCATEGORIZED,7.74009,7.033748
перезагрузка,2,89.070159245,UNCATEGORIZED,7.0859413,4.941233
отлет,1,95.298098,UNCATEGORIZED,5.7487946,6.7754607
просо,13,89.46777911384616,UNCATEGORIZED,2.4455874,1.9170921
казино,11,90.27904483636364,UNCATEGORIZED,4.20525,7.4742002
героиня,1,81.50983216,UNCATEGORIZED,2.5498939,8.01757
пастбище,6,89.48262460333332,UNCATEGORIZED,3.8930967,6.765069
электролиз,2,89.17408435,UNCATEGORIZED,6.7836704,3.7822344
воздержание,2,93.32042238,UNCATEGORIZED,9.095374,5.574734
стереоскоп,1,88.95487358,UNCATEGORIZED,2.4572835,5.713423
анабиоз,6,89.75917230166665,UNCATEGORIZED,7.8541684,3.6392658
распродажа,1,88.95487358,UNCATEGORIZED,6.6201625,6.7164574
анаболик,2,86.59309965,UNCATEGORIZED,4.6742096,1.9463221
мускул,14,95.02622636500003,UNCATEGORIZED,4.277909,3.8431456
продавец,3,92.11398808666667,UNCATEGORIZED,3.2413526,9.579116
плавание,8,88.3862890575,UNCATEGORIZED,7.6506515,6.5822973
стаж,2,91.99827404000001,UNCATEGORIZED,7.056385,7.5223427
жвал,2,96.30721116500001,UNCATEGORIZED,4.648494,3.297414
сладость,21,88.9105164604762,UNCATEGORIZED,9.641767,5.8792458
колумбарий,3,87.91937378,UNCATEGORIZED,3.9868522,6.819261
колготки,14,89.96904655142855,UNCATEGORIZED,1.7694819,3.5332606
влагалище,11,82.51664356,UNCATEGORIZED,4.942531,3.4585521
попа,29,85.43946539413793,UNCATEGORIZED,2.252949,8.580803
вискоза,9,89.78261250777778,UNCATEGORIZED,4.343238,3.0734026
терновник,2,87.446766995,UNCATEGORIZED,1.9964284,2.2208903
разлив,1,91.22285305,UNCATEGORIZED,5.364776,5.084563
локон,8,92.83355128125,UNCATEGORIZED,2.829549,3.32996
палач,5,93.171712176,UNCATEGORIZED,2.0836222,9.646071
хата,6,85.50147169166667,UNCATEGORIZED,4.2348742,6.5043607
гопник,7,87.57828793428573,UNCATEGORIZED,1.4169631,9.502677
лунатизм,1,81.73627287,UNCATEGORIZED,7.8970313,3.3904777
какао,10,87.168588169,UNCATEGORIZED,3.4723418,1.7694107
зельеварение,2,84.84738953499999,UNCATEGORIZED,6.693707,4.5639615
модель,14,90.102582485,UNCATEGORIZED,7.08863,5.8891287
уровень,5,91.9905351,UNCATEGORIZED,7.733531,6.7223353
белье,7,87.72598406857142,UNCATEGORIZED,1.8976915,3.455236
пуфик,7,84.17599515142857,UNCATEGORIZED,2.8295953,4.644229
аудио,3,94.01759744333333,UNCATEGORIZED,5.591817,6.4605203
виадук,3,89.31262481333333,UNCATEGORIZED,3.9878783,5.8325295
перекус,5,86.152289854,UNCATEGORIZED,3.0797765,1.7486818
ацтек,5,87.74548493799999,UNCATEGORIZED,1.2304561,8.128236
лемур,10,90.52514583899999,UNCATEGORIZED,0.5630104,7.979778
жакет,4,90.290018285,UNCATEGORIZED,1.6271826,3.5766022
крен,18,91.04998217388889,UNCATEGORIZED,5.3487144,6.2046146
копирайт,1,86.98305401,UNCATEGORIZED,2.4786344,6.5448947
конферансье,4,89.0715545825,UNCATEGORIZED,3.3856554,9.617451
преферанс,3,84.90514975333333,UNCATEGORIZED,4.3316445,8.287776
богохульство,2,72.65268582499999,UNCATEGORIZED,8.628431,5.770829
пловец,7,89.32864168428571,UNCATEGORIZED,2.636413,9.336089
сутулость,6,92.64663907833334,UNCATEGORIZED,9.305862,4.109484
военкомат,3,92.02346796,UNCATEGORIZED,4.8141747,7.5135007
ретроспектива,3,86.68575494,UNCATEGORIZED,7.136665,4.8034053
артистизм,1,82.0925132,UNCATEGORIZED,9.530068,5.1090083
ворота,18,87.83230891555556,UNCATEGORIZED,4.1272864,5.9606495
гигиена,5,94.577203854,UNCATEGORIZED,6.787529,4.531862
астрология,14,86.189648055,UNCATEGORIZED,6.9884486,4.682183
скопец,2,85.128285335,UNCATEGORIZED,1.2794949,8.794925
козни,3,88.84666293333335,UNCATEGORIZED,8.456996,5.8982596
страда,3,93.14783739666666,UNCATEGORIZED,5.739685,5.067228
награда,5,92.418328006,UNCATEGORIZED,8.594192,6.7295866
отчет,13,90.01855742538461,UNCATEGORIZED,6.9654727,7.3440332
помет,5,89.579487484,UNCATEGORIZED,4.207778,2.916438
негодяй,3,89.79540463666666,UNCATEGORIZED,1.1434807,9.821115
крион,2,86.0474419,UNCATEGORIZED,0.751203,7.2123194
мошенник,3,89.21653478666667,UNCATEGORIZED,1.4685888,10.003801
середина,7,91.98930335142856,UNCATEGORIZED,7.222343,8.652353
барбакан,2,89.858585095,UNCATEGORIZED,4.127977,6.2485657
удильщик,3,92.19717569333334,UNCATEGORIZED,0.13577229,8.287535
стажер,2,87.43850892,UNCATEGORIZED,3.0995247,9.440267
королева,15,92.42174528733332,UNCATEGORIZED,2.476997,8.313788
наркоман,2,87.06304711499999,UNCATEGORIZED,1.2884455,9.834468
эстакада,3,93.53096739666667,UNCATEGORIZED,4.135926,5.6805224
говядина,19,85.62488595368421,UNCATEGORIZED,2.8398306,2.0193765
поддержание,1,97.59332681,UNCATEGORIZED,8.133527,6.587578
полотно,7,87.37557875999998,UNCATEGORIZED,3.7207696,3.683004
изнеженность,1,95.80442395,UNCATEGORIZED,9.485304,4.870408
терминология,5,91.722810054,UNCATEGORIZED,7.1051598,5.389239
диспансер,7,89.68521020714284,UNCATEGORIZED,4.611294,7.191013
рукоять,4,89.57669001250001,UNCATEGORIZED,1.8995234,4.5641055
щетина,12,89.0467933675,UNCATEGORIZED,3.2109165,3.3066843
причал,9,89.34980163666667,UNCATEGORIZED,3.766521,6.4056873
самокопание,1,95.77695557,UNCATEGORIZED,8.53272,5.3585744
инвестиция,5,90.33347436400001,UNCATEGORIZED,7.298616,6.034504
ассистент,2,93.683691185,UNCATEGORIZED,3.1978955,9.533012
лофт,3,86.78211126000001,UNCATEGORIZED,0.92593735,7.157203
драчун,2,86.670050135,UNCATEGORIZED,1.2999656,9.785087
издательство,2,91.034905955,UNCATEGORIZED,5.9630313,7.515105
опиум,5,90.62580103000002,UNCATEGORIZED,4.3228583,1.7362101
ушлепок,2,93.51132342,UNCATEGORIZED,1.0945408,8.791899
фарт,3,87.39235736333335,UNCATEGORIZED,1.6258572,9.34382
апологет,6,88.05579358333334,UNCATEGORIZED,2.7049859,10.224313
лира,12,89.84641141916667,UNCATEGORIZED,0.0701494,6.652639
форсунка,6,89.71215855166668,UNCATEGORIZED,3.673566,5.7077656
глыба,7,88.89034904428571,UNCATEGORIZED,3.817517,5.045266
камфора,3,89.98853137666667,UNCATEGORIZED,4.256724,2.1992788
египтянин,4,87.72527303,UNCATEGORIZED,1.7689574,9.054264
высь,5,90.92938206599999,UNCATEGORIZED,5.0985656,4.7318444
сафари,7,89.03302235857143,UNCATEGORIZED,1.9186356,3.5606399
кровоточивость,1,92.42315923,UNCATEGORIZED,8.065143,2.8941917
интенциональность,2,81.29578936499999,UNCATEGORIZED,8.425351,4.5154614
дискуссия,3,83.90466879,UNCATEGORIZED,7.015918,6.7824645
вещественность,3,84.83926448,UNCATEGORIZED,9.128616,4.525698
проверка,8,92.47675821,UNCATEGORIZED,7.0003886,5.6382923
подсолнух,19,89.21512964684212,UNCATEGORIZED,2.082269,2.0721931
голь,2,90.38105447000001,UNCATEGORIZED,5.46044,8.540274
педофил,3,87.87662676000001,UNCATEGORIZED,1.210307,9.645786
господь,4,93.39603027749999,UNCATEGORIZED,2.3497303,9.369885
балласт,5,86.98506081,UNCATEGORIZED,2.9969792,4.3198624
сапфир,10,90.443107184,UNCATEGORIZED,4.2560773,1.3952295
хоккеист,1,92.47958344,UNCATEGORIZED,3.6138098,8.869583
издатель,1,92.47958344,UNCATEGORIZED,3.2189813,10.075528
директор,10,90.929847596,UNCATEGORIZED,3.3942902,9.325845
восприятие,6,91.08884637333334,UNCATEGORIZED,8.6901245,6.3465223
пучок,3,91.89782638666667,UNCATEGORIZED,2.6598747,3.074704
собрание,6,93.04381910833332,UNCATEGORIZED,6.1788735,7.9879146
чародей,2,84.861739865,UNCATEGORIZED,1.9650437,9.062316
слиток,1,85.01004376,UNCATEGORIZED,4.224132,1.4680707
пирога,3,90.96267663666667,UNCATEGORIZED,3.0206594,2.390062
порода,5,92.469256708,UNCATEGORIZED,-0.2332993,8.779448
муть,9,90.16462366222223,UNCATEGORIZED,5.2310224,4.603428
крысолов,3,90.40439032,UNCATEGORIZED,0.88981616,8.046889
березняк,1,90.34055631,UNCATEGORIZED,2.4515789,2.728041
шатл,2,83.032356405,UNCATEGORIZED,3.110886,7.1083994
исчадие,5,88.63671032600001,UNCATEGORIZED,1.1096481,9.194872
улет,1,85.70446646,UNCATEGORIZED,6.3774014,6.2187624
десятина,3,87.64172850666667,UNCATEGORIZED,6.990504,7.5646157
двадцатка,1,78.28360731,UNCATEGORIZED,4.0907307,4.494101
тридцатка,1,78.28360731,UNCATEGORIZED,4.33562,4.508114
полтинник,1,78.28360731,UNCATEGORIZED,4.4396276,4.3654957
мигрень,8,89.96405348625001,UNCATEGORIZED,8.178975,2.9235265
кувырок,4,91.3161104225,UNCATEGORIZED,5.4491944,6.2636147
расщепление,5,88.004274924,UNCATEGORIZED,8.142073,5.8935456
пешка,11,85.37253543909091,UNCATEGORIZED,4.4244576,8.438371
ладья,10,83.96140269099999,UNCATEGORIZED,3.0314016,6.8444643
пышка,4,84.7474515875,UNCATEGORIZED,1.3692714,6.9672074
примочка,1,90.2057636,UNCATEGORIZED,5.3349423,4.6668005
резонанс,12,90.79689015250001,UNCATEGORIZED,7.049712,6.267446
разница,6,92.73800332666667,UNCATEGORIZED,7.5896726,6.167716
иллюзион,1,92.45683604,UNCATEGORIZED,4.230763,7.1498065
волость,2,89.58328417000001,UNCATEGORIZED,4.734134,7.051505
фанфарон,3,87.6748235,UNCATEGORIZED,1.1604906,9.543359
чудь,4,90.68362945,UNCATEGORIZED,2.2810764,7.195068
истома,13,90.99856851000001,UNCATEGORIZED,8.569786,3.6528258
потрясение,1,92.16131959,UNCATEGORIZED,9.647696,6.2969675
подберезовик,14,70.47605197857142,UNCATEGORIZED,1.4409636,6.0569043
подосиновик,9,58.386280902222225,UNCATEGORIZED,1.4747338,6.014505
маркет,3,84.91029246000001,UNCATEGORIZED,2.3745782,6.8045025
хрюш,1,83.86453247,UNCATEGORIZED,0.7176011,7.460777
водолазка,3,86.97211184000001,UNCATEGORIZED,1.7641745,3.366637
педиатр,2,89.20295102,UNCATEGORIZED,2.7856233,10.391217
угловой,1,85.39604316,UNCATEGORIZED,3.8614702,6.286316
аргумент,12,90.50201620999998,UNCATEGORIZED,7.976576,7.1671386
шифт,1,91.0267417,UNCATEGORIZED,1.1549495,6.9228544
дуралей,3,84.48990766,UNCATEGORIZED,0.7779125,9.685007
грымза,3,79.27316064333333,UNCATEGORIZED,1.886564,7.6984644
столешница,28,87.05570146071429,UNCATEGORIZED,3.3812153,4.5095167
снегоход,5,83.162131512,UNCATEGORIZED,3.2200854,7.4543076
октагон,1,75.83615222,UNCATEGORIZED,2.4890723,6.543822
брусника,4,89.21389414000001,UNCATEGORIZED,1.7741992,1.5673095
эндорфин,8,92.02295966625,UNCATEGORIZED,6.066926,2.440263
снежок,4,78.85812139,UNCATEGORIZED,5.2471557,4.4769917
коряга,9,87.74107548,UNCATEGORIZED,3.1395566,4.482534
эксперимент,13,87.79544126076924,UNCATEGORIZED,7.27591,7.1702385
детина,1,84.20008741,UNCATEGORIZED,1.7869495,8.998996
заводь,4,88.46417948,UNCATEGORIZED,4.4480486,5.6822767
пьянь,1,84.20008741,UNCATEGORIZED,5.4161243,8.562454
куль,5,90.20579914800001,UNCATEGORIZED,2.4469779,4.1692324
вымысел,7,89.65779289285716,UNCATEGORIZED,7.648145,5.8613014
днище,3,91.30151788333335,UNCATEGORIZED,3.9251342,5.316894
запой,4,93.87372510249999,UNCATEGORIZED,8.000475,5.6746464
надгробие,5,92.527262308,UNCATEGORIZED,4.7738476,6.19823
зубатка,2,93.02697664499999,UNCATEGORIZED,0.26083967,5.168537
афронт,1,91.13350973,UNCATEGORIZED,6.403246,6.3074245
дичь,13,90.62758818230769,UNCATEGORIZED,0.9793161,8.745116
полость,5,92.011458866,UNCATEGORIZED,4.8131776,3.4010446
варево,6,91.71559186333333,UNCATEGORIZED,3.506597,1.9200975
тошнота,6,89.179976055,UNCATEGORIZED,8.184009,3.1266775
импликация,1,93.96626243,UNCATEGORIZED,7.0866117,4.550428
зеленец,1,90.71876673,UNCATEGORIZED,1.4607149,6.7384615
выпендреж,2,86.66162119,UNCATEGORIZED,8.005641,5.4929705
бестиарий,3,86.25724552666668,UNCATEGORIZED,4.2761846,7.2824655
империя,13,93.02622465384616,UNCATEGORIZED,5.610789,7.7258825
касатка,7,87.51035262142857,UNCATEGORIZED,0.195373,7.5922036
коммивояжер,3,85.69327850666666,UNCATEGORIZED,2.6257024,9.828772
щупальце,4,91.25386707750002,UNCATEGORIZED,1.6237637,5.0095406
манул,6,87.67120013833333,UNCATEGORIZED,0.8694604,7.4367223
фейхоа,15,90.65494532600002,UNCATEGORIZED,2.1060545,1.7231108
гурман,4,86.804779145,UNCATEGORIZED,1.6157836,10.022349
орнитология,4,80.7145168125,UNCATEGORIZED,6.803648,2.8271422
японец,3,89.20840305,UNCATEGORIZED,1.6579403,9.066223
рудимент,7,85.70018804714286,UNCATEGORIZED,7.0466638,5.459124
полипропилен,7,86.45808388428573,UNCATEGORIZED,4.4509478,3.1166856
зефир,15,88.41113583600001,UNCATEGORIZED,3.3852382,2.151098
затрещина,2,92.725650875,UNCATEGORIZED,5.837673,5.0923433
контрабандист,2,87.02314466,UNCATEGORIZED,1.7666935,9.683374
порция,2,90.5704268,UNCATEGORIZED,3.759413,2.691942
бэкграунд,1,90.61943181,UNCATEGORIZED,6.2315626,4.42412
микроорганизм,4,90.3799304175,UNCATEGORIZED,6.430547,2.3235395
дробь,18,90.72174855,UNCATEGORIZED,5.633674,6.137394
покров,6,92.14130704,UNCATEGORIZED,2.3473196,3.9689188
ирокез,6,89.06192340833333,UNCATEGORIZED,2.54799,3.3347983
безропотность,2,96.224389645,UNCATEGORIZED,9.370701,4.5302057
аллергия,15,85.59845789266667,UNCATEGORIZED,7.9815125,2.7189448
вибратор,9,88.58132932111111,UNCATEGORIZED,4.6477027,3.651364
стенд,9,89.03116477111111,UNCATEGORIZED,5.026383,6.4837303
синестезия,4,85.2631550925,UNCATEGORIZED,7.5650864,4.343296
бельмес,1,85.46867224,UNCATEGORIZED,1.0199692,9.978887
сбитень,2,92.13201430000001,UNCATEGORIZED,3.498922,1.6307888
дальнобойщик,6,88.70674693000001,UNCATEGORIZED,1.6890053,9.068021
цейтнот,6,89.15927833,UNCATEGORIZED,7.517579,5.7147937
импорт,3,90.95789429000001,UNCATEGORIZED,6.9940524,6.8800554
шило,14,89.00357154785715,UNCATEGORIZED,2.43338,4.5980773
чертеж,11,91.16697212909091,UNCATEGORIZED,5.855002,5.9790173
чертог,3,87.56472895666667,UNCATEGORIZED,4.349074,6.465446
ватерлиния,4,91.02050442999999,UNCATEGORIZED,3.9997478,4.663837
подклад,3,83.37431389,UNCATEGORIZED,4.1652145,3.9806879
превышение,1,83.21066531,UNCATEGORIZED,8.204391,6.080838
гиперболоид,4,90.54108292,UNCATEGORIZED,2.4186273,6.0959973
хогвартс,2,96.038843905,UNCATEGORIZED,4.7425127,7.311689
зюзя,2,96.038843905,UNCATEGORIZED,0.7571291,7.7361813
франций,2,96.038843905,UNCATEGORIZED,5.4453554,7.9258504
джедай,12,91.35454293583332,UNCATEGORIZED,1.7530984,8.714281
плетень,6,92.21411306666666,UNCATEGORIZED,4.1160693,5.798489
травмпункт,3,90.66253812666667,UNCATEGORIZED,4.4513774,7.213771
рукопожатие,2,92.830769705,UNCATEGORIZED,8.027667,7.015763
приятель,6,89.67229138333333,UNCATEGORIZED,2.309792,8.626171
киберпанк,4,88.2438294425,UNCATEGORIZED,6.4546456,5.872136
эхолокация,9,89.30304599555556,UNCATEGORIZED,6.689798,3.1492531
пандус,9,89.18042524111111,UNCATEGORIZED,3.5877237,6.4370666
самозванец,7,91.18962665714285,UNCATEGORIZED,1.6369519,9.710249
скупердяй,6,85.94472269166666,UNCATEGORIZED,1.0479292,9.633311
капелла,3,83.46166679,UNCATEGORIZED,4.5529737,6.4268184
дивиденд,4,88.0502323275,UNCATEGORIZED,6.12058,7.524295
лепра,6,90.62348555666665,UNCATEGORIZED,0.9724853,6.947647
танин,3,86.47730278666666,UNCATEGORIZED,0.60687816,7.2174115
урчание,2,91.545727435,UNCATEGORIZED,5.7957125,5.8388867
сумасброд,1,91.69828781,UNCATEGORIZED,1.0905473,9.690368
кавардак,7,91.81556623142856,UNCATEGORIZED,7.0456386,6.2941513
отмель,6,95.80109135833334,UNCATEGORIZED,4.412206,5.8367333
синтоизм,3,95.15287862999999,UNCATEGORIZED,7.7880397,5.0436277
типун,2,94.08203842500001,UNCATEGORIZED,0.7518077,9.548976
челнок,8,85.83295267624999,UNCATEGORIZED,3.1016443,6.9554853
действо,2,95.691328115,UNCATEGORIZED,7.527574,7.145638
сиюминутность,1,90.37301883,UNCATEGORIZED,9.062547,4.224979
писательница,1,90.37301883,UNCATEGORIZED,2.4262667,7.9167285
уединение,1,90.37301883,UNCATEGORIZED,9.418368,5.9097233
гостеприимство,4,95.133152345,UNCATEGORIZED,9.75402,5.5883923
самостийность,2,92.20818618,UNCATEGORIZED,9.325289,4.40932
галоперидол,3,89.53389115,UNCATEGORIZED,4.7595983,1.6783385
системность,5,91.514955562,UNCATEGORIZED,8.900759,4.391545
становление,2,90.670735065,UNCATEGORIZED,8.120319,6.48649
решето,7,92.81693076,UNCATEGORIZED,3.015836,1.6201469
спаниель,2,88.76276813999999,UNCATEGORIZED,-0.23998034,8.805559
аванс,6,91.00103155666666,UNCATEGORIZED,6.73375,7.8264117
женоненавистник,2,91.138882255,UNCATEGORIZED,1.3539944,9.930791
шпион,9,90.30253376,UNCATEGORIZED,1.7839354,9.847501
куплет,3,92.30026192333332,UNCATEGORIZED,5.8336043,6.9589343
вуайерист,1,91.30077902,UNCATEGORIZED,1.1385131,9.211271
исполин,2,89.479003565,UNCATEGORIZED,1.3565571,8.57732
топот,11,97.27527876454546,UNCATEGORIZED,5.6449475,5.9674125
мэрия,2,90.16841287,UNCATEGORIZED,4.9775324,7.3685603
мускус,16,88.765432288125,UNCATEGORIZED,2.1335993,1.6526352
нежить,3,88.13138968,UNCATEGORIZED,1.0457247,8.784176
симпатия,11,93.38788907818183,UNCATEGORIZED,9.464286,5.804822
ездок,1,86.26550929,UNCATEGORIZED,1.8880064,9.578383
ситец,16,90.50320727625001,UNCATEGORIZED,4.07706,3.133852
свита,4,93.937321695,UNCATEGORIZED,5.204321,8.441693
помазок,5,91.947805348,UNCATEGORIZED,2.8941007,3.7831428
пуховка,1,85.57645225,UNCATEGORIZED,4.016856,3.6206534
ливер,3,89.15226015333333,UNCATEGORIZED,3.6791182,2.380222
трансакция,1,85.57645225,UNCATEGORIZED,6.7418127,4.306946
пересечение,3,92.81830464,UNCATEGORIZED,8.137827,6.185458
кампус,2,91.65383911,UNCATEGORIZED,4.4518833,7.137144
морока,1,84.91214534,UNCATEGORIZED,7.220082,5.914926
политес,2,90.00206392999999,UNCATEGORIZED,8.884564,6.377324
дремота,9,89.31383815666668,UNCATEGORIZED,8.541261,3.6102035
тьютор,3,92.07557929333335,UNCATEGORIZED,1.3350078,7.018532
экспликация,3,87.99750639666667,UNCATEGORIZED,7.1766257,4.5523324
центр,9,89.68770981,UNCATEGORIZED,4.863644,7.112605
слет,2,93.484287795,UNCATEGORIZED,6.102915,7.5947523
амбра,10,90.98423621200001,UNCATEGORIZED,2.3059356,1.596444
панк,9,89.25824546888889,UNCATEGORIZED,4.9258904,7.6553106
завуч,2,91.5591356,UNCATEGORIZED,2.6190107,8.453954
посуда,12,81.03551336166667,UNCATEGORIZED,3.5975177,3.4115052
аналитик,4,85.54781014999999,UNCATEGORIZED,3.0676615,9.848378
известка,3,91.40596371333334,UNCATEGORIZED,4.050593,3.2878716
тавро,3,87.07770533333333,UNCATEGORIZED,4.92005,4.867155
комплект,2,94.524111355,UNCATEGORIZED,2.7307227,4.7455783
забывчивость,12,93.6193329325,UNCATEGORIZED,9.582219,4.9659457
лексика,3,91.67661615333333,UNCATEGORIZED,6.711475,5.2729263
автор,7,87.11454403428571,UNCATEGORIZED,3.1098232,10.134611
пудель,14,83.80660876,UNCATEGORIZED,-0.16587178,8.768039
копье,15,85.92148605733333,UNCATEGORIZED,1.8862004,4.644339
пережиток,3,88.59713351333335,UNCATEGORIZED,7.26346,5.511524
зум,4,90.76931189250001,UNCATEGORIZED,2.5993514,6.1319165
сюра,5,87.27956734199999,UNCATEGORIZED,6.352753,6.2442017
лебеда,8,91.01125150499999,UNCATEGORIZED,1.9647198,1.9345938
сепаратор,2,86.86663805500001,UNCATEGORIZED,2.7656636,5.6587567
каблук,25,90.36686891839997,UNCATEGORIZED,2.4687872,3.6601903
беда,10,91.725122399,UNCATEGORIZED,8.0938635,6.9071875
подковырка,1,94.635335,UNCATEGORIZED,1.683189,6.8808775
павлин,6,89.06616559166666,UNCATEGORIZED,-0.18921183,8.079904
ринит,1,94.635335,UNCATEGORIZED,7.84469,2.5372891
анчоус,8,85.86567994375,UNCATEGORIZED,1.3759089,6.2278833
кобольд,1,79.11585628,UNCATEGORIZED,0.79355717,7.892701
мистификация,2,84.20861289999999,UNCATEGORIZED,7.1930823,6.057001
хлебушек,4,70.962234695,UNCATEGORIZED,3.0840557,2.3340373
стенокардия,1,79.11585628,UNCATEGORIZED,7.882809,2.9071994
жмых,16,86.869679429375,UNCATEGORIZED,2.9335897,2.1376176
бомонд,2,86.742302535,UNCATEGORIZED,5.6641173,8.181504
фирма,4,92.3638852025,UNCATEGORIZED,5.239753,7.905566
субподрядчик,1,94.50205774,UNCATEGORIZED,1.255784,7.23799
свистулька,3,90.28449986,UNCATEGORIZED,3.3490481,4.883523
переправа,4,91.27604891,UNCATEGORIZED,4.4847364,5.759532
готовальня,4,83.57738438999999,UNCATEGORIZED,2.6051831,5.2044406
больница,20,84.12170887,UNCATEGORIZED,4.581429,7.137801
пальба,1,94.31917242,UNCATEGORIZED,6.717044,6.137339
манипуляция,7,91.19518559857144,UNCATEGORIZED,7.865053,5.3501487
питомец,8,73.35600726749999,UNCATEGORIZED,2.259868,8.697333
дитина,1,71.17257969,UNCATEGORIZED,-0.20049472,5.9001927
прибой,10,87.561288319,UNCATEGORIZED,5.116301,4.996157
жилище,3,66.32071934333334,UNCATEGORIZED,4.6307125,6.6113577
шваль,3,88.03705529,UNCATEGORIZED,5.432315,8.595557
скоба,4,90.6122427725,UNCATEGORIZED,3.5230253,4.687221
каперс,6,91.52125931666666,UNCATEGORIZED,2.9579163,1.7131273
хранилище,4,92.89264317749999,UNCATEGORIZED,4.569585,6.3155394
кашалот,13,85.35104287384615,UNCATEGORIZED,0.21693511,8.215253
пион,12,89.64649643166668,UNCATEGORIZED,1.7889345,2.177099
пляс,1,96.83043253,UNCATEGORIZED,4.8883104,7.5446405
турне,2,95.94197149,UNCATEGORIZED,5.6645465,7.4434485
контора,6,91.07051354166667,UNCATEGORIZED,5.1031823,7.504658
картавость,7,94.17861439285714,UNCATEGORIZED,9.186326,4.0880833
антресоль,17,87.05511282647059,UNCATEGORIZED,2.886705,4.6775284
петлица,4,83.9916537675,UNCATEGORIZED,2.0356252,3.7454777
вираж,5,90.59405239200001,UNCATEGORIZED,5.414241,6.393227
амбразура,8,88.85658614375,UNCATEGORIZED,3.6693065,4.9155116
филармония,16,90.6071148925,UNCATEGORIZED,4.7680516,7.0565786
изюм,18,90.09350886388889,UNCATEGORIZED,2.3502588,1.4900162
период,1,93.8902103,UNCATEGORIZED,7.1721177,8.124907
перерыв,1,93.8902103,UNCATEGORIZED,6.7464333,7.6567345
игнорирование,5,91.926234276,UNCATEGORIZED,8.639164,6.1147413
небушко,3,91.82832037333333,UNCATEGORIZED,3.8063323,4.098161
истощение,2,91.98719865,UNCATEGORIZED,8.015428,3.7922332
сюита,4,91.335820665,UNCATEGORIZED,5.85162,6.655287
прыгалка,5,91.405390756,UNCATEGORIZED,4.041893,3.6550066
кошелка,5,84.81028328400001,UNCATEGORIZED,2.930256,4.489383
праздник,25,87.8129027648,UNCATEGORIZED,7.2048254,8.008538
проспект,11,88.12462259818182,UNCATEGORIZED,4.2874613,6.1584477
достопримечательность,18,88.74691150611112,UNCATEGORIZED,4.4793525,6.695167
мята,11,87.59173048636363,UNCATEGORIZED,1.8466966,1.7333417
академик,3,89.33833002,UNCATEGORIZED,3.0237722,10.14695
пенсия,31,94.6447042219355,UNCATEGORIZED,7.029609,7.541715
тур,5,89.904679998,UNCATEGORIZED,5.795793,7.3196025
предусмотрительность,1,89.15992009,UNCATEGORIZED,9.854669,5.3071604
стори,1,91.69571029,UNCATEGORIZED,0.6303946,6.957612
зоркость,4,95.72881758499999,UNCATEGORIZED,9.72976,5.1435485
старуха,3,91.62945903333332,UNCATEGORIZED,2.247084,8.141277
драгоценность,7,93.02960583142858,UNCATEGORIZED,3.3702376,3.7775264
жестокость,5,84.65167502199999,UNCATEGORIZED,9.461425,5.2918024
дочка,6,72.95289825166667,UNCATEGORIZED,2.213042,8.181444
бабушка,33,76.17435107151515,UNCATEGORIZED,2.301247,8.138216
тренировка,16,89.09374133,UNCATEGORIZED,6.7680387,5.1981897
цыпленок,15,83.79839002666668,UNCATEGORIZED,-0.07757495,8.146779
град,19,90.58116786894738,UNCATEGORIZED,5.166873,4.987314
эрмитаж,2,84.67509545,UNCATEGORIZED,4.978869,7.1828523
виза,4,89.72424480000001,UNCATEGORIZED,6.4850607,7.3813376
атеросклероз,1,88.55159414,UNCATEGORIZED,7.9417167,2.862976
примыкание,1,86.41616202,UNCATEGORIZED,6.9853253,4.0764546
рабство,44,96.2275443225,UNCATEGORIZED,8.521084,6.031201
кумир,3,88.84627592,UNCATEGORIZED,4.7351494,6.1911263
круча,3,93.20546369333334,UNCATEGORIZED,1.107659,7.847887
склероз,6,92.26979704666667,UNCATEGORIZED,7.9955535,2.7665555
доступность,2,88.21220739,UNCATEGORIZED,9.336857,4.8894725
триппер,2,85.0252624,UNCATEGORIZED,7.8689055,2.5411596
дреды,2,89.497618615,UNCATEGORIZED,2.564766,3.3046503
плацента,8,84.85927587124999,UNCATEGORIZED,5.6294723,3.0474532
коносамент,1,73.42178803,UNCATEGORIZED,2.0097234,6.2370634
блесна,3,90.35957899666666,UNCATEGORIZED,0.7585907,4.9871597
ноль,10,84.503145077,UNCATEGORIZED,6.6993394,7.911366
нуль,4,90.34853308500001,UNCATEGORIZED,6.2958636,5.8931494
кедр,3,93.01563477999998,UNCATEGORIZED,1.6294068,2.0224116
цель,12,87.69280736583333,UNCATEGORIZED,7.6954327,6.827111
учеба,20,86.283536096,UNCATEGORIZED,7.395693,6.565891
лихтер,1,85.60298176,UNCATEGORIZED,3.0599864,7.0553646
амальгама,11,87.3602118009091,UNCATEGORIZED,5.0603485,3.7207217
таец,1,80.25420952,UNCATEGORIZED,1.5011433,8.635976
подкат,4,87.5461560875,UNCATEGORIZED,5.154444,6.3444457
фальстарт,2,82.865060285,UNCATEGORIZED,6.124348,6.159835
орало,2,82.67306061,UNCATEGORIZED,3.4012055,6.536043
километр,19,91.95338504421053,UNCATEGORIZED,4.680283,4.5060863
опер,3,92.64179268,UNCATEGORIZED,3.2867007,9.299069
вакса,5,90.840990062,UNCATEGORIZED,3.1331377,3.6628878
праща,8,92.01921855875,UNCATEGORIZED,2.2596335,4.531079
бама,2,92.80327332499999,UNCATEGORIZED,4.043704,5.6594043
жама,1,91.43472559,UNCATEGORIZED,1.1938646,6.6840653
мораторий,2,93.8914278,UNCATEGORIZED,7.3187866,6.7219024
баржа,4,88.79322706,UNCATEGORIZED,3.023957,6.7905426
черный,11,78.05882051636364,UNCATEGORIZED,1.8488321,3.7515335
первое,1,63.18851645,UNCATEGORIZED,7.9723735,7.43869
второе,2,62.240596995000004,UNCATEGORIZED,8.018213,7.444719
третье,1,63.18851645,UNCATEGORIZED,7.975063,7.4394174
шала,5,87.66984654000001,UNCATEGORIZED,2.0566254,2.1098926
вата,28,87.29426423785715,UNCATEGORIZED,3.4222162,3.1219876
свой,6,88.10433615666666,UNCATEGORIZED,7.485932,7.06697
закрой,2,81.46805874500001,UNCATEGORIZED,0.72033924,9.433735
пока,5,89.09596803000001,UNCATEGORIZED,8.049763,7.758735
шалава,8,89.34561485374999,UNCATEGORIZED,1.7998613,7.8827944
офф,3,94.18124088666667,UNCATEGORIZED,1.518535,6.9897504
неом,8,82.87041428875,UNCATEGORIZED,0.6738356,6.7165446
рынок,11,86.85160312454545,UNCATEGORIZED,6.8578744,7.4648385
твая,3,89.85245487666667,UNCATEGORIZED,-0.40545312,5.7468925
блюдо,10,79.90587627900001,UNCATEGORIZED,3.1690743,1.7707044
потребность,2,86.458354575,UNCATEGORIZED,9.246272,5.8319135
фужер,5,79.216434474,UNCATEGORIZED,3.710764,2.1323993
козырек,2,71.80810855,UNCATEGORIZED,1.985659,3.9176931
весь,1,83.53249149,UNCATEGORIZED,7.400162,7.1382923
припадок,3,92.38657319,UNCATEGORIZED,8.12184,3.2057216
морж,21,89.04315489619049,UNCATEGORIZED,0.12534046,8.263734
застежка,9,86.30626226777775,UNCATEGORIZED,3.0908372,3.981854
платформа,13,87.52367480769232,UNCATEGORIZED,3.4119437,6.46029
гений,13,89.20144819461538,UNCATEGORIZED,3.1080456,9.961121
бигуди,11,89.70679428454545,UNCATEGORIZED,2.3842084,3.539815
каучук,8,90.3829982325,UNCATEGORIZED,4.3802505,2.7547069
саркома,8,88.84812118874999,UNCATEGORIZED,7.589752,2.740408
сплетение,2,95.946450785,UNCATEGORIZED,5.16388,5.7165403
ассорти,2,89.051854765,UNCATEGORIZED,3.1093833,1.8459736
пенопласт,12,87.75573430666668,UNCATEGORIZED,3.9976094,3.0152807
капитал,13,93.42327179000002,UNCATEGORIZED,6.9610686,7.590026
профессия,14,86.22135455714286,UNCATEGORIZED,8.177339,6.225558
умопомрачение,5,87.74053468,UNCATEGORIZED,8.398319,3.5887542
чечевица,6,88.07631211833332,UNCATEGORIZED,2.460547,1.7432331
количество,19,96.19222707473685,UNCATEGORIZED,6.793518,7.918948
сельдь,7,88.43646366,UNCATEGORIZED,0.29671815,5.122699
психолог,10,88.485339276,UNCATEGORIZED,3.0105436,10.029495
цикл,5,92.875914326,UNCATEGORIZED,6.4420624,7.557649
кальций,15,90.909995874,UNCATEGORIZED,5.0162096,2.1404552
пластмасса,11,88.29426035272728,UNCATEGORIZED,4.0986757,3.1711564
кораблестроитель,1,95.16593688,UNCATEGORIZED,2.750454,10.08983
виконт,1,95.16593688,UNCATEGORIZED,2.7744246,8.49719
куннилингус,2,84.49124865,UNCATEGORIZED,7.004914,3.943001
покойник,3,85.95622311666666,UNCATEGORIZED,1.0867077,8.747038
сальце,1,84.70483063,UNCATEGORIZED,3.0120142,2.180089
троечник,1,84.30265493,UNCATEGORIZED,1.3536199,9.581519
бердыш,1,92.98002761,UNCATEGORIZED,1.9883054,4.7511897
укрепление,1,92.98002761,UNCATEGORIZED,8.115203,6.5185857
мойдодыра,3,94.93525476666666,UNCATEGORIZED,1.840719,7.3631763
тачка,3,75.54796938999999,UNCATEGORIZED,3.129839,7.8325787
дрейф,6,90.90228093833332,UNCATEGORIZED,3.08659,6.654741
накат,1,89.5232061,UNCATEGORIZED,4.506265,5.684128
свино,4,86.60849644749999,UNCATEGORIZED,0.29087704,8.526312
ржавчина,19,87.89415689789473,UNCATEGORIZED,5.0718555,3.6038234
свинина,5,87.565588884,UNCATEGORIZED,2.856523,2.0170667
рейка,5,90.702607146,UNCATEGORIZED,3.5169191,4.5140386
комфорт,7,89.88189921714284,UNCATEGORIZED,9.213791,5.6836762
пикник,3,90.73731918666668,UNCATEGORIZED,3.4356709,1.8629106
макрон,1,85.90344048,UNCATEGORIZED,2.2107034,8.78852
катафалк,3,87.95886000666667,UNCATEGORIZED,3.4591198,7.550408
тирозин,2,92.92437357,UNCATEGORIZED,0.842525,2.6395597
полог,3,87.65615263,UNCATEGORIZED,2.470399,4.199216
ксерокс,5,92.99651430600001,UNCATEGORIZED,2.9819098,5.892672
застрельщик,1,96.98331068,UNCATEGORIZED,6.6766477,2.793636
уров,2,89.74446427000001,UNCATEGORIZED,3.416762,5.797951
иммунология,1,96.98331068,UNCATEGORIZED,6.8018713,2.8008392
форточка,9,92.00732604111111,UNCATEGORIZED,3.690191,4.7277646
сухость,3,91.62117224,UNCATEGORIZED,8.217578,3.1655288
бачок,2,88.93030045,UNCATEGORIZED,2.8909554,4.9079957
панибратство,3,92.38797068333334,UNCATEGORIZED,8.489308,5.480515
сошка,1,92.24763407,UNCATEGORIZED,5.3299875,8.574268
факт,14,92.24125150714285,UNCATEGORIZED,7.957703,7.2755485
талон,5,92.14457069,UNCATEGORIZED,6.3768396,7.694788
инертность,3,92.25901287333333,UNCATEGORIZED,9.313856,4.72308
тротуар,7,86.89083023285714,UNCATEGORIZED,3.9819303,5.5765357
граффити,2,92.98724374,UNCATEGORIZED,5.2048435,5.4296255
пчелка,2,91.240357295,UNCATEGORIZED,0.11528517,7.9130516
штурм,6,88.32894413166667,UNCATEGORIZED,7.4103546,6.8475327
оливье,4,89.0646241775,UNCATEGORIZED,1.713871,7.5158763
опал,2,91.390652725,UNCATEGORIZED,4.261228,1.3652112
ольгердо,2,95.81635714,UNCATEGORIZED,1.3905988,6.87344
татуировка,12,89.59944693083334,UNCATEGORIZED,4.7574434,4.3477197
гардероб,5,90.932124632,UNCATEGORIZED,2.894741,4.682573
кочевник,3,93.65630950333332,UNCATEGORIZED,1.6206243,8.917888
скоротечность,3,94.18273536,UNCATEGORIZED,9.416505,4.244191
инаугурация,7,90.85190893285714,UNCATEGORIZED,6.7642913,6.592297
пилочка,2,85.33389841,UNCATEGORIZED,2.9566238,4.359676
пир,14,88.06365240214286,UNCATEGORIZED,6.753974,7.650771
рота,6,91.85642015166667,UNCATEGORIZED,5.0061746,8.515464
кочерыжка,5,90.490138644,UNCATEGORIZED,2.8146937,4.5324445
палас,4,90.76221052,UNCATEGORIZED,3.7157912,6.9300966
хай,2,80.83728929,UNCATEGORIZED,-0.11823041,6.1432977
пунктик,2,92.16430461,UNCATEGORIZED,6.929475,6.483412
политех,2,86.7688247,UNCATEGORIZED,4.9827094,7.4748654
лай,11,82.17378867636363,UNCATEGORIZED,5.7350116,5.982827
ширина,6,80.29312213,UNCATEGORIZED,5.794403,4.989052
метр,5,83.380701042,UNCATEGORIZED,4.557561,4.311525
рулетка,7,83.18112813428571,UNCATEGORIZED,4.3925543,8.118802
пиздец,6,74.89566658666666,UNCATEGORIZED,6.2725067,6.3628187
щека,15,83.54233958266667,UNCATEGORIZED,4.0265937,3.8385348
бушлат,5,88.31341287400001,UNCATEGORIZED,1.5697381,3.5948453
мутация,6,91.63307722833332,UNCATEGORIZED,7.209609,4.537365
пинта,5,88.76282267600001,UNCATEGORIZED,4.1115584,4.3628445
сеанс,1,94.98235585,UNCATEGORIZED,6.8371086,7.4593024
скорбь,11,91.81390199727272,UNCATEGORIZED,9.640478,6.1057854
октябрь,17,85.43789157882352,UNCATEGORIZED,7.1856556,8.710497
инсургент,6,86.38619841500001,UNCATEGORIZED,6.198145,3.0693948
спиногрыз,2,86.64466924999999,UNCATEGORIZED,1.3685745,7.684541
клуша,6,90.42366621166667,UNCATEGORIZED,0.35199144,7.666972
талисман,3,88.51760368,UNCATEGORIZED,3.0348597,3.7308466
карга,7,88.29580012428572,UNCATEGORIZED,1.7062306,8.1901655
фляга,9,88.77316146000001,UNCATEGORIZED,2.954726,4.115443
святость,9,93.41932270666666,UNCATEGORIZED,9.2209835,5.441297
аудитория,3,90.80026211666666,UNCATEGORIZED,5.3495727,8.0720625
эрозия,3,92.05600171666667,UNCATEGORIZED,7.6001186,3.6874382
ягуар,8,87.43237132875001,UNCATEGORIZED,3.277488,7.696988
шныр,1,95.44139242,UNCATEGORIZED,1.2083796,7.217092
выгода,4,90.19762517750002,UNCATEGORIZED,7.6284175,6.606261
презрение,5,91.101200844,UNCATEGORIZED,9.546112,6.1739283
подметание,1,94.62197063,UNCATEGORIZED,7.134515,4.410689
фойе,5,92.85905448,UNCATEGORIZED,3.96429,6.3664026
паэлие,6,88.7504614,UNCATEGORIZED,3.312213,2.5651243
вымпел,7,87.31012897285714,UNCATEGORIZED,1.4556515,4.4142156
джип,3,77.98227400333333,UNCATEGORIZED,3.3471596,7.6185603
пят,6,90.001473835,UNCATEGORIZED,1.6843611,3.5199673
шест,8,90.4785260475,UNCATEGORIZED,2.1264846,4.7307076
сема,8,90.13437401,UNCATEGORIZED,1.1698277,8.005865
налет,9,91.26152027111112,UNCATEGORIZED,5.4633474,7.5182567
супруг,6,91.53905765333333,UNCATEGORIZED,2.4624493,8.585626
перелет,6,91.10994331666666,UNCATEGORIZED,5.5733395,6.7119308
сепаратизм,1,84.448036,UNCATEGORIZED,8.2185955,4.9273496
сифон,6,86.544755985,UNCATEGORIZED,2.8584254,5.0190263
алименты,1,92.51865855,UNCATEGORIZED,7.0621753,7.6070156
трезвость,7,93.41464825000001,UNCATEGORIZED,9.65377,5.1055527
путина,69,98.20479509405796,PERSON,6.5116644,7.0844398
гоблин,8,92.55467763875001,UNCATEGORIZED,1.5622224,8.91333
калий,14,90.33755649357144,UNCATEGORIZED,4.906741,2.1327121
верх,9,91.18159989888889,UNCATEGORIZED,8.963432,6.0415382
объект,6,84.99010835333334,UNCATEGORIZED,6.837282,6.745618
слоник,1,82.64690702,UNCATEGORIZED,0.75109243,8.19687
мурзилка,2,80.79805404,UNCATEGORIZED,0.75987417,8.004052
втора,3,84.40811827333334,UNCATEGORIZED,4.0917907,5.274337
крекер,6,89.01854888666666,UNCATEGORIZED,3.0003026,2.379847
архитектоника,1,94.07131917,UNCATEGORIZED,7.094578,4.6303763
лагерь,9,87.81385297555556,UNCATEGORIZED,4.5487967,7.043865
вискас,1,90.18883248,UNCATEGORIZED,3.5587249,2.4532125
нет,8,87.15334819499999,UNCATEGORIZED,8.121286,7.716065
автостоп,5,86.01047711400001,UNCATEGORIZED,7.7259045,4.572836
раструб,3,94.24376307666665,UNCATEGORIZED,2.8497398,5.2246594
май,15,72.48390062533332,UNCATEGORIZED,7.1884947,8.717436
аллюр,7,88.51499171714285,UNCATEGORIZED,0.30659857,8.796237
рогач,1,92.4419671,UNCATEGORIZED,0.88027894,8.051596
квиток,1,90.47665572,UNCATEGORIZED,3.868469,4.593757
травма,15,90.13828381666666,UNCATEGORIZED,7.925835,3.3404746
рус,2,86.786810735,UNCATEGORIZED,1.5941902,8.398267
кипячение,2,82.967560935,UNCATEGORIZED,7.0494995,3.915862
колокольня,1,75.18024469,UNCATEGORIZED,4.401287,6.229547
тамплиер,3,89.73809824,UNCATEGORIZED,1.9617668,8.772354
анатомия,18,90.23709033666665,UNCATEGORIZED,6.813258,4.587927
старк,1,87.95906715,UNCATEGORIZED,0.11647627,6.8595524
сомня,1,87.95906715,UNCATEGORIZED,-0.010734661,6.007636
шалом,1,92.33586612,UNCATEGORIZED,5.959916,6.8272405
сиеста,2,90.602018215,UNCATEGORIZED,2.046843,7.557623
фронтон,2,91.15927769,UNCATEGORIZED,4.1364727,5.7714415
сдвг,5,95.623813162,UNCATEGORIZED,8.219707,3.3479867
эффект,7,90.98059278857144,UNCATEGORIZED,7.8145814,6.8499985
олей,3,94.16482853000001,UNCATEGORIZED,1.2846652,6.8676767
агрессия,6,91.08270418833332,UNCATEGORIZED,8.611373,5.2175317
недра,15,86.75041810533335,UNCATEGORIZED,4.510171,5.2355914
маргаритка,7,85.73722733428573,UNCATEGORIZED,1.5092143,2.3178475
регулятор,2,92.098708705,UNCATEGORIZED,2.8721588,5.6255026
резка,1,94.88870565,UNCATEGORIZED,6.5289526,4.2071137
некроз,5,93.10154926199999,UNCATEGORIZED,7.737386,2.825133
почерк,8,93.23126051,UNCATEGORIZED,6.263445,7.179688
иконка,3,88.80848307333333,UNCATEGORIZED,3.6774228,4.6078324
передовица,2,91.30540755,UNCATEGORIZED,6.236841,7.0902967
новшество,1,90.39650918,UNCATEGORIZED,8.098455,6.2712035
осторожность,4,89.112491115,UNCATEGORIZED,9.882211,5.3160663
бряцание,1,94.8792822,UNCATEGORIZED,5.6404624,5.971041
лизинг,3,95.22688925,UNCATEGORIZED,6.8449636,7.349361
дизель,2,91.893990685,UNCATEGORIZED,2.9411244,5.6754436
парфе,3,95.59769934666667,UNCATEGORIZED,3.1849625,2.0042238
фороса,2,96.77941595,UNCATEGORIZED,5.923472,3.1527855
зиккурат,6,86.730796385,UNCATEGORIZED,4.390618,6.47246
клик,7,88.27742398714285,UNCATEGORIZED,0.6051196,6.8840213
заправка,6,85.36590247666668,UNCATEGORIZED,6.8468595,5.245413
дрессировка,8,87.91954930499999,UNCATEGORIZED,7.0460415,4.6200805
гравюра,11,89.63106400545456,UNCATEGORIZED,5.4053507,5.5759916
капитель,8,84.81387602875,UNCATEGORIZED,4.082037,5.657809
партитура,8,88.5394861575,UNCATEGORIZED,5.870544,6.345493
напасть,3,93.67469347000001,UNCATEGORIZED,8.247328,7.0756326
вознесение,5,91.48415492799998,UNCATEGORIZED,8.1404,6.961383
коридор,11,88.98003510181819,UNCATEGORIZED,4.007303,6.1767883
кубик,16,87.49906716625,UNCATEGORIZED,2.8233979,3.9848075
архитектор,21,93.59798558333334,UNCATEGORIZED,2.9469016,10.098421
лен,15,89.673734476,UNCATEGORIZED,0.14465171,6.033355
шорты,16,87.396035401875,UNCATEGORIZED,1.651689,3.4803035
ланселот,1,95.47942797,UNCATEGORIZED,2.5015392,8.546513
ментальность,7,90.72156288571429,UNCATEGORIZED,7.667266,5.3797793
прозектор,3,91.85202851333334,UNCATEGORIZED,2.7633739,9.787548
спагетти,14,95.00648300499999,UNCATEGORIZED,3.0728128,1.834648
буй,3,89.06217453333333,UNCATEGORIZED,3.065745,6.4022098
злоба,12,89.37513094250001,UNCATEGORIZED,9.60591,6.0778418
тиснение,1,94.50082269,UNCATEGORIZED,5.642049,4.1411376
плюс,14,86.07896906857142,UNCATEGORIZED,6.831616,7.992461
шампиньон,16,79.34984835750001,UNCATEGORIZED,1.4869677,6.0641804
боровик,6,59.77622254833333,UNCATEGORIZED,1.449665,6.005277
горизонталь,7,88.27386686857142,UNCATEGORIZED,6.657317,4.6723366
шашни,2,85.824068985,UNCATEGORIZED,8.376371,5.510931
диджей,4,90.8466795025,UNCATEGORIZED,4.8463707,7.624822
грамм,5,91.213219702,UNCATEGORIZED,4.318808,4.2373495
озноб,9,91.36454349333333,UNCATEGORIZED,5.7205124,4.284505
клокотание,3,92.42417983666667,UNCATEGORIZED,5.8755274,5.814949
кларнет,14,87.58018877142858,UNCATEGORIZED,3.994913,7.8921633
донор,2,90.954329095,UNCATEGORIZED,2.6583016,9.681309
блондинка,2,90.55431594000001,UNCATEGORIZED,2.1358566,8.126893
маринад,5,89.87848829199999,UNCATEGORIZED,2.8804765,1.4840395
самка,5,92.272645502,UNCATEGORIZED,0.057649314,8.580085
миксер,16,87.12618811812499,UNCATEGORIZED,2.9185185,5.1277847
сень,2,87.835843145,UNCATEGORIZED,4.4610553,5.435298
немота,2,82.57435688000001,UNCATEGORIZED,8.426923,3.5085115
правильность,2,88.556404265,UNCATEGORIZED,9.252809,4.7896767
хворь,7,88.96967811,UNCATEGORIZED,8.118305,2.6501262
корсет,7,90.88208596714286,UNCATEGORIZED,1.7874483,3.6459227
поводырь,3,90.54204041333334,UNCATEGORIZED,1.9457121,9.133593
крупа,19,86.57811431842104,UNCATEGORIZED,2.8666651,1.8360748
репертуар,2,95.91893088,UNCATEGORIZED,5.4208245,7.2742786
череда,7,92.49561374142857,UNCATEGORIZED,6.012259,7.6597123
катюша,1,89.24836167,UNCATEGORIZED,1.743726,7.973535
лютик,7,87.72365836142856,UNCATEGORIZED,1.6084446,8.816331
люпин,5,82.42724831199999,UNCATEGORIZED,0.3990679,6.9873624
немезид,3,89.08939986666667,UNCATEGORIZED,1.4808964,7.9964623
гордыня,3,67.51278805333334,UNCATEGORIZED,9.306781,5.596948
буржуй,3,89.69849126666668,UNCATEGORIZED,1.8233521,9.864704
премьера,3,85.64529498333333,UNCATEGORIZED,6.36045,6.9344325
супчик,1,91.31397015,UNCATEGORIZED,3.1326947,1.9315304
грелка,6,87.21242928499998,UNCATEGORIZED,3.1466537,4.4264774
лилипут,10,89.9336615,UNCATEGORIZED,1.2269787,8.65747
плантация,6,89.22279588333333,UNCATEGORIZED,4.3293233,6.440373
куница,7,86.47269216999999,UNCATEGORIZED,0.1879448,8.245693
прах,10,88.57514250099999,UNCATEGORIZED,4.6445303,3.5865715
лауреат,6,91.04249613499998,UNCATEGORIZED,3.1548326,10.12564
прораб,5,91.21780295199999,UNCATEGORIZED,2.8537822,9.611198
мерило,2,95.017084325,UNCATEGORIZED,7.473172,6.18484
самость,33,92.92664389151516,UNCATEGORIZED,8.661008,4.943286
немилость,1,96.48105158,UNCATEGORIZED,9.615512,5.9448514
перила,5,86.769120686,UNCATEGORIZED,3.7965117,5.6708484
фагоцит,3,88.58291192,UNCATEGORIZED,6.266238,2.7996354
хакер,4,90.3521135375,UNCATEGORIZED,2.6472597,9.394032
шалаш,14,90.16684233357144,UNCATEGORIZED,4.1203847,6.6689277
менеджмент,10,92.767010191,UNCATEGORIZED,6.7400274,6.926317
остеопороз,4,91.35889198000001,UNCATEGORIZED,7.9460306,2.769226
упругость,2,89.11505723,UNCATEGORIZED,9.347461,4.245642
гарантия,3,90.43089967333333,UNCATEGORIZED,7.190178,7.1558447
задумка,3,90.95560046000001,UNCATEGORIZED,7.3401065,6.0998917
энергоемкость,1,89.34219399,UNCATEGORIZED,8.798988,4.528807
злак,5,88.75161254,UNCATEGORIZED,2.2481031,2.0552578
разъем,3,92.93877361999999,UNCATEGORIZED,2.671813,5.6641397
сутки,4,84.8213575275,UNCATEGORIZED,7.163652,8.224326
концлагерь,4,90.8815085375,UNCATEGORIZED,4.409922,6.8040495
плющ,11,89.52049180636364,UNCATEGORIZED,1.9719036,2.1646554
сапер,8,88.7381720875,UNCATEGORIZED,2.95186,9.120328
уступка,2,89.38197043,UNCATEGORIZED,7.126442,6.6463237
пономарь,1,89.50435548,UNCATEGORIZED,2.290055,9.413234
просвет,2,84.61953281000001,UNCATEGORIZED,4.1457305,5.515093
солончак,2,87.585576265,UNCATEGORIZED,2.5699506,6.7236223
небоскреб,33,88.45965290484848,UNCATEGORIZED,4.1249013,6.7855687
лезвие,11,90.85476782272727,UNCATEGORIZED,1.8768696,4.6422057
нанотехнология,1,90.22770861,UNCATEGORIZED,6.8942413,4.3713374
министерство,3,87.05496530333333,UNCATEGORIZED,5.7074594,8.123367
приправа,7,87.87588281571428,UNCATEGORIZED,2.6327558,1.499641
катран,1,98.49526147,UNCATEGORIZED,0.47948104,7.4308143
чиж,3,86.53574787999999,UNCATEGORIZED,0.78298426,7.7811995
диковинка,3,81.90112432666666,UNCATEGORIZED,6.725163,5.7081275
сальто,10,91.460931203,UNCATEGORIZED,5.4535446,6.262329
суррогат,4,91.426600725,UNCATEGORIZED,6.5015783,5.775897
вмятина,2,92.88828649999999,UNCATEGORIZED,4.626602,4.5376983
пищалка,3,93.19682900333333,UNCATEGORIZED,2.181679,7.029699
кир,2,90.01703785,UNCATEGORIZED,2.1786952,8.892703
плей,2,87.686792265,UNCATEGORIZED,1.6502855,6.8411236
оторов,1,96.89385843,UNCATEGORIZED,1.8082764,7.8086133
плагиат,6,88.85789576666667,UNCATEGORIZED,7.7279387,5.5997596
лечение,4,86.42512221749999,UNCATEGORIZED,7.1096635,3.734301
тестирование,2,91.718842975,UNCATEGORIZED,7.27263,7.181737
гул,3,88.84400891,UNCATEGORIZED,5.702228,5.9571652
инъекция,5,90.318582712,UNCATEGORIZED,6.2816324,3.4887528
бла,1,79.24521885,UNCATEGORIZED,-0.04127712,6.068383
вок,2,85.746457805,UNCATEGORIZED,0.19278659,6.256219
казу,1,79.24521885,UNCATEGORIZED,2.4010787,5.513531
нок,1,79.24521885,UNCATEGORIZED,0.14974146,6.2686243
лода,1,79.24521885,UNCATEGORIZED,0.9207817,6.418338
бука,3,84.9631251,UNCATEGORIZED,1.7134507,2.0857363
вуд,1,79.24521885,UNCATEGORIZED,0.14785877,6.993295
истеричка,1,85.410419,UNCATEGORIZED,0.78321505,9.212263
услуга,6,88.90987859500001,UNCATEGORIZED,7.0258193,7.246555
начинка,1,86.17690984,UNCATEGORIZED,2.7894194,1.661732
гарда,3,88.24858486333333,UNCATEGORIZED,2.5209322,4.414147
плащ,11,87.12270255181818,UNCATEGORIZED,1.7380737,3.667697
оперение,4,93.1212252525,UNCATEGORIZED,2.8775344,5.382302
плетение,3,93.79704240666666,UNCATEGORIZED,2.8043003,6.2596154
перед,3,93.03740878666667,UNCATEGORIZED,7.937886,7.7411366
кобальт,14,89.87016393785713,UNCATEGORIZED,4.8575764,2.3119276
ворожба,3,90.28285297333333,UNCATEGORIZED,7.931379,5.6604633
демонтаж,8,91.58289828125001,UNCATEGORIZED,7.2817903,5.5997205
ячмень,7,93.54168217571427,UNCATEGORIZED,2.4602263,1.9618458
зук,1,90.19119658,UNCATEGORIZED,0.72764075,6.6453214
водопой,1,90.19119658,UNCATEGORIZED,3.892828,6.870809
патрубок,3,90.77811066333334,UNCATEGORIZED,2.9045515,5.3781857
нарушение,1,92.84881441,UNCATEGORIZED,8.295374,6.2204175
реминисценция,3,94.61516603666666,UNCATEGORIZED,6.618674,5.9697022
кречет,4,89.4347015425,UNCATEGORIZED,-0.23359002,7.9870725
существенность,4,87.72849889999999,UNCATEGORIZED,9.017928,4.4614444
зенки,1,96.55430857,UNCATEGORIZED,0.7413943,9.400999
жалость,10,87.84081443400001,UNCATEGORIZED,9.5762615,6.072716
ехидство,1,94.14393382,UNCATEGORIZED,9.241908,5.776555
парад,13,91.98754247076923,UNCATEGORIZED,6.340289,7.703156
бульб,4,91.3039656525,UNCATEGORIZED,2.8227766,9.549421
браузер,6,91.653333805,UNCATEGORIZED,3.1158159,6.3582416
суккуб,1,93.15905467,UNCATEGORIZED,1.2932361,8.83712
толика,4,93.2928998025,UNCATEGORIZED,4.325368,4.2490816
багет,11,86.86757504363635,UNCATEGORIZED,2.9372244,2.2260935
параллелизм,1,85.8346375,UNCATEGORIZED,7.653042,5.7237716
гризель,1,85.8346375,UNCATEGORIZED,0.8383747,6.731646
триумвират,3,83.40641362000001,UNCATEGORIZED,5.589543,7.9444075
слива,20,80.8402743305,UNCATEGORIZED,1.89143,1.5831892
дуальность,1,89.64466692,UNCATEGORIZED,8.809478,4.566775
уклон,3,90.88446647333335,UNCATEGORIZED,5.315251,6.1681647
ротация,5,92.375521338,UNCATEGORIZED,7.050727,5.2234826
фурор,4,86.50255282500001,UNCATEGORIZED,7.134749,6.317865
прядь,2,98.347708115,UNCATEGORIZED,2.934338,3.2830167
паломник,2,91.590555835,UNCATEGORIZED,1.9155529,9.375733
погрешность,1,93.72288422,UNCATEGORIZED,7.9122853,6.0094543
тангента,1,93.72288422,UNCATEGORIZED,2.8143713,5.9053173
торец,7,90.01496550857142,UNCATEGORIZED,3.4110484,5.054541
цимес,2,92.23355884,UNCATEGORIZED,4.7085214,6.111135
корица,10,86.01897320200001,UNCATEGORIZED,2.4826322,1.4453778
духовка,7,79.67448470714285,UNCATEGORIZED,3.2419293,4.9803567
навык,1,91.9482892,UNCATEGORIZED,9.097014,6.001589
оазис,3,90.42166731333334,UNCATEGORIZED,4.6858582,6.376998
гонг,16,93.815248379375,UNCATEGORIZED,3.3949394,6.253562
машинка,6,82.07986615,UNCATEGORIZED,3.1679099,5.324053
глотка,2,90.36443652,UNCATEGORIZED,4.571042,3.2160227
велюр,8,92.21820823,UNCATEGORIZED,4.037242,3.1470783
фигня,5,90.77840269000001,UNCATEGORIZED,6.8775706,5.805668
аффирмация,13,90.55246252307691,UNCATEGORIZED,6.8630533,4.2925696
нуар,2,95.30443421000001,UNCATEGORIZED,0.6109947,6.58259
трахея,8,91.92121292875001,UNCATEGORIZED,4.988302,3.3355885
мыс,12,91.58218677916666,UNCATEGORIZED,4.544154,6.1399374
батюшка,2,83.491154325,UNCATEGORIZED,2.3800576,8.512602
струйка,1,90.00991213,UNCATEGORIZED,4.694206,4.2344584
печь,31,86.94984915677419,UNCATEGORIZED,3.1772976,4.637932
сумасбродство,2,93.90259547,UNCATEGORIZED,8.752568,5.4343333
нарзан,1,78.94920106,UNCATEGORIZED,3.7060337,2.0385337
солнцеворот,3,86.90115698999999,UNCATEGORIZED,7.1737056,7.887641
изгой,5,86.29399791400002,UNCATEGORIZED,1.5377183,9.863187
гид,3,85.49034536,UNCATEGORIZED,2.714853,8.962688
гостинная,1,100.2883142,UNCATEGORIZED,3.144856,6.477083
питон,12,88.40554299666668,UNCATEGORIZED,0.17913754,8.295838
бригадир,1,91.46185786,UNCATEGORIZED,2.9459164,9.504804
ноч,1,81.07344584,UNCATEGORIZED,-0.3465622,5.8027816
видение,8,91.84111595875001,UNCATEGORIZED,8.825701,6.4969463
ежедневник,3,90.71704970666667,UNCATEGORIZED,5.762039,7.2314243
охотник,1,87.7867154,UNCATEGORIZED,1.6770047,9.125331
знание,14,88.64467771357143,UNCATEGORIZED,8.669163,6.356474
влага,9,87.79370650333334,UNCATEGORIZED,4.9964004,4.1097856
боб,7,90.88636603857142,UNCATEGORIZED,-0.05089241,6.9843187
груз,13,90.70829647307694,UNCATEGORIZED,2.7224166,4.3888755
дань,9,88.78360397666665,UNCATEGORIZED,7.008552,7.7940054
казах,1,87.66508569,UNCATEGORIZED,1.5341388,8.748937
маракуй,10,90.54024794600001,UNCATEGORIZED,1.3067732,7.2010794
постромка,1,93.04263656,UNCATEGORIZED,2.3541098,5.1877375
небрежность,1,93.04263656,UNCATEGORIZED,9.566685,5.121493
обшивка,1,93.3416906,UNCATEGORIZED,3.515503,5.045194
каменщик,1,89.51403869,UNCATEGORIZED,2.5170586,9.824068
металлолом,5,91.687735514,UNCATEGORIZED,3.77973,3.2596781
татарин,2,93.01435934,UNCATEGORIZED,1.5708454,8.85248
хладнокровие,2,94.81590013499999,UNCATEGORIZED,9.867302,5.581328
кликуша,1,87.50891529,UNCATEGORIZED,2.099657,7.3164797
абие,2,91.55758748,UNCATEGORIZED,0.024825305,5.858015
бабье,1,89.66698376,UNCATEGORIZED,7.1292343,8.490261
вервь,30,96.50250748066667,UNCATEGORIZED,3.434173,3.9172719
мигание,2,92.70814640500001,UNCATEGORIZED,6.6550455,4.217031
макроэкономика,8,91.318913475,UNCATEGORIZED,6.5308423,6.6525145
пакость,5,86.27280372599999,UNCATEGORIZED,7.299975,5.735526
мерзость,18,89.95376564222221,UNCATEGORIZED,7.4543195,5.663862
трещина,10,88.29486571100001,UNCATEGORIZED,4.502595,5.014683
рента,3,91.20951440666666,UNCATEGORIZED,6.992766,7.495971
пелена,4,82.2975431125,UNCATEGORIZED,5.0758414,4.6098905
филолог,11,92.1914399981818,UNCATEGORIZED,2.9783025,10.230761
коллектив,5,89.20805094400001,UNCATEGORIZED,5.067476,7.871704
протест,3,92.04181954666667,UNCATEGORIZED,7.856853,7.2700853
косяк,10,88.01642989599999,UNCATEGORIZED,3.5980597,5.5061297
илиад,2,93.62237786,UNCATEGORIZED,6.3966923,6.3527713
преемственность,1,92.46756391,UNCATEGORIZED,8.5741205,4.9874153
безалаберность,6,91.17706823333333,UNCATEGORIZED,9.267496,5.0803585
брутальность,6,89.34442318500003,UNCATEGORIZED,9.419934,4.359801
клюв,17,89.77435572235294,UNCATEGORIZED,2.1886833,4.7896132
барахолка,6,91.19537356000001,UNCATEGORIZED,4.2346215,5.9234757
стручок,3,86.95968440666667,UNCATEGORIZED,2.4886944,1.482004
берет,10,89.88994004700001,UNCATEGORIZED,2.6431732,4.49402
принципал,2,91.67621804000001,UNCATEGORIZED,3.61267,9.693512
баррикада,6,88.65465681500001,UNCATEGORIZED,4.2256036,5.4391985
бермуды,4,89.3589516675,UNCATEGORIZED,1.6277263,3.396201
пас,4,86.134831265,UNCATEGORIZED,3.784435,8.456772
династия,9,91.06342758222223,UNCATEGORIZED,5.610975,7.729322
тирада,2,88.045486925,UNCATEGORIZED,6.679576,6.349888
друид,4,90.709493955,UNCATEGORIZED,1.8132364,8.872084
пытка,7,90.21089458714286,UNCATEGORIZED,7.1487517,6.251578
социум,6,89.71439596166668,UNCATEGORIZED,7.894994,5.247528
дурман,2,85.67289567,UNCATEGORIZED,2.083347,1.9246469
стойбище,1,83.68491863,UNCATEGORIZED,4.5505066,6.8244724
галка,8,89.12245236875,UNCATEGORIZED,1.5668952,7.798523
знакомство,2,92.48935842,UNCATEGORIZED,7.996033,6.77008
крамола,29,88.21798546206898,UNCATEGORIZED,7.002424,5.629022
терапия,12,90.89686045999998,UNCATEGORIZED,7.0507994,4.040137
инцест,7,87.74023993428573,UNCATEGORIZED,8.194672,5.2198944
жмот,7,87.63785601142858,UNCATEGORIZED,1.0307646,9.68675
терпила,1,90.28564499,UNCATEGORIZED,1.1625342,9.352911
труха,6,86.41844068333334,UNCATEGORIZED,3.8309677,3.3619788
филенка,1,86.72308518,UNCATEGORIZED,3.420489,5.3642464
врун,6,85.98376231499999,UNCATEGORIZED,1.0783026,9.816786
оползень,6,89.91381332666667,UNCATEGORIZED,5.22844,5.096895
чех,4,89.5766177075,UNCATEGORIZED,1.6383921,8.929809
нерезидент,1,91.76642946,UNCATEGORIZED,6.5978494,3.4241383
арсенал,4,89.33822177249999,UNCATEGORIZED,4.8824472,6.8568625
подсолнечник,3,91.09945228666668,UNCATEGORIZED,2.3264825,1.8751851
байдарка,3,92.56152221666667,UNCATEGORIZED,2.9881787,6.8342147
конформизм,10,92.806952196,UNCATEGORIZED,8.50657,4.8351383
смерч,3,90.26917273,UNCATEGORIZED,5.071068,5.0032597
погост,3,91.17168468666667,UNCATEGORIZED,4.6371374,6.791825
вахтер,3,90.80727357333335,UNCATEGORIZED,3.1151762,8.964021
срам,10,90.52531170399999,UNCATEGORIZED,8.953654,6.1909285
троль,7,90.42999098428571,UNCATEGORIZED,1.108097,6.7262955
беляш,4,87.4229565675,UNCATEGORIZED,2.9174304,2.6868541
тлен,13,88.32991561769231,UNCATEGORIZED,4.980523,3.4671135
патио,2,84.27877452,UNCATEGORIZED,4.109763,6.257538
фата,8,87.64215172125,UNCATEGORIZED,1.9163581,3.4128718
брань,6,93.34832711333333,UNCATEGORIZED,6.369518,5.9612274
варан,3,89.51053520666666,UNCATEGORIZED,0.5808067,8.059215
мюсли,8,90.62077453500001,UNCATEGORIZED,2.9757125,1.6428078
лат,1,91.6865422,UNCATEGORIZED,6.4364285,6.701739
перон,3,91.70868220333334,UNCATEGORIZED,0.6937787,6.805183
есть,1,84.4602169,UNCATEGORIZED,8.085105,7.4748125
перст,4,89.07845892750001,UNCATEGORIZED,3.5584888,4.035784
верста,2,85.4563449,UNCATEGORIZED,4.4413476,4.405366
як,24,90.50004064791666,UNCATEGORIZED,-0.24750184,5.904738
параграф,13,89.0911805123077,UNCATEGORIZED,6.3558207,7.069444
бешбармак,3,89.52751673666667,UNCATEGORIZED,3.0576959,2.0431287
ход,7,84.32660247714286,UNCATEGORIZED,5.54735,6.3567758
урод,10,87.919705241,UNCATEGORIZED,0.7809764,9.531804
подстаканник,4,86.5864173575,UNCATEGORIZED,2.8347266,4.5271726
жеребенок,2,54.41468684,UNCATEGORIZED,0.23292582,8.789433
фотоаппарат,11,87.03625205272728,UNCATEGORIZED,3.000438,5.6144466
усыновление,28,100.67676673285715,UNCATEGORIZED,8.025573,6.8246527
жонглер,7,91.36918492999997,UNCATEGORIZED,2.2213945,9.485635
бедро,11,86.32355068818181,UNCATEGORIZED,4.001359,3.832884
побережье,7,89.8423368142857,UNCATEGORIZED,4.685905,6.284438
стела,1,87.64788033,UNCATEGORIZED,4.7484345,6.087644
хлебница,1,71.09529075,UNCATEGORIZED,3.1448243,4.3958597
хлебозавод,3,74.46860499,UNCATEGORIZED,3.9602418,6.765076
хлебороб,1,71.09529075,UNCATEGORIZED,2.2794254,9.714574
нахлебник,1,71.09529075,UNCATEGORIZED,1.106248,9.598433
хлеборезка,1,71.09529075,UNCATEGORIZED,2.6696413,5.2951646
палеозой,4,88.82064100000001,UNCATEGORIZED,1.528329,6.258895
ахеец,1,89.16713918,UNCATEGORIZED,1.3294998,7.466507
дробовик,6,90.87798926666666,UNCATEGORIZED,1.8122027,4.9817066
скупость,5,92.33031734000001,UNCATEGORIZED,9.484276,5.245606
меткость,1,98.88910816,UNCATEGORIZED,9.633316,5.0264373
бульон,8,89.95312755249999,UNCATEGORIZED,2.996542,1.7082022
покрышка,9,85.9640193488889,UNCATEGORIZED,3.6378288,4.323914
цикорий,6,88.96157346333332,UNCATEGORIZED,2.113465,1.5849164
перевод,14,91.71107788214285,UNCATEGORIZED,6.4502444,7.0716
обсидиан,3,92.59991896999999,UNCATEGORIZED,4.2508965,1.7755008
импровизация,7,87.81415648571429,UNCATEGORIZED,6.7672405,5.673917
глазомер,2,93.73267855,UNCATEGORIZED,9.697617,5.2664204
надуманность,1,91.63282749,UNCATEGORIZED,9.626989,4.3507457
кастер,1,87.69766703,UNCATEGORIZED,0.30037606,6.9167433
реабилитация,9,89.33393606333333,UNCATEGORIZED,7.1895933,4.7166443
ретрит,1,96.04037605,UNCATEGORIZED,6.213117,7.244563
оброк,9,92.39211543111111,UNCATEGORIZED,6.9842563,7.827841
перекись,7,85.8977084742857,UNCATEGORIZED,4.5060587,2.1679697
солод,3,84.05868829,UNCATEGORIZED,2.787658,1.6333864
дальность,4,92.6403784675,UNCATEGORIZED,5.821281,5.052488
плотник,4,90.95597108499999,UNCATEGORIZED,2.5524032,9.812798
эссе,12,89.27166096166667,UNCATEGORIZED,6.402211,7.0782347
чертополох,11,91.22663764272727,UNCATEGORIZED,1.9477534,2.1887445
данные,8,91.71583187499999,UNCATEGORIZED,7.1562614,7.2788134
горлица,2,91.86696717000001,UNCATEGORIZED,-0.10312265,7.9045944
психоанализ,6,90.29582420833333,UNCATEGORIZED,7.80757,4.459097
летчик,11,93.35773521,UNCATEGORIZED,3.237519,8.942736
люмина,2,89.68368998,UNCATEGORIZED,1.0434732,6.7357597
отступ,3,85.40116389333332,UNCATEGORIZED,5.0548005,4.430372
брелок,14,93.63571481071429,UNCATEGORIZED,3.0273511,3.7622108
амортизатор,5,93.15820036,UNCATEGORIZED,2.7239933,5.4956155
немка,1,95.17587064,UNCATEGORIZED,2.3158517,7.749116
синяк,10,91.99099577999999,UNCATEGORIZED,4.7807612,4.023128
гуляш,8,90.05777528750001,UNCATEGORIZED,3.041468,2.016719
алогизм,1,89.99680189,UNCATEGORIZED,8.247597,4.4994755
посев,3,88.56496466666665,UNCATEGORIZED,6.2502203,4.1209884
ампула,5,90.359134488,UNCATEGORIZED,3.360095,4.255606
атеизм,2,89.475217985,UNCATEGORIZED,8.236221,4.6909657
макрель,9,89.58802848555555,UNCATEGORIZED,0.28649977,5.203271
заколка,16,88.008016675,UNCATEGORIZED,3.0019295,3.8234255
штука,3,86.07167016333334,UNCATEGORIZED,7.482995,6.5307045
апперцепция,10,86.992874089,UNCATEGORIZED,7.6029105,4.4050813
менора,3,88.70452817333332,UNCATEGORIZED,3.0976293,5.2204323
поборница,1,93.63934153,UNCATEGORIZED,2.1051683,7.2787876
маэстро,3,92.06726026666666,UNCATEGORIZED,3.4250598,9.683137
поганка,6,73.416755385,UNCATEGORIZED,1.4616407,6.0563965
нард,3,90.74594822333334,UNCATEGORIZED,2.1194015,1.6594905
перестрелка,3,90.06875308000001,UNCATEGORIZED,6.839852,6.2131076
распорка,1,86.87272186,UNCATEGORIZED,3.8662798,4.629062
любование,3,90.55518277333333,UNCATEGORIZED,8.752029,5.6052775
элита,4,92.12283984999999,UNCATEGORIZED,5.5457716,8.170676
иллюминат,3,90.83795981666667,UNCATEGORIZED,6.5581427,3.5480638
перегон,4,89.5133899875,UNCATEGORIZED,5.18065,6.814257
визионер,5,86.39344686,UNCATEGORIZED,1.8238487,9.908365
кандидат,2,89.239882335,UNCATEGORIZED,3.2839043,9.482515
калейдоскоп,37,90.31380700594593,UNCATEGORIZED,5.1823974,5.5737786
озон,13,87.36955429538463,UNCATEGORIZED,4.882076,2.1759975
фармацевт,4,88.1397681525,UNCATEGORIZED,2.764353,10.068195
хронометр,4,90.211680875,UNCATEGORIZED,2.6941638,5.864957
хранение,3,91.95037905666668,UNCATEGORIZED,7.263596,6.722246
хризолит,2,84.77279159,UNCATEGORIZED,4.278234,1.3706027
глоссарий,7,88.88936323714286,UNCATEGORIZED,6.360695,4.172844
цербер,2,83.29758564,UNCATEGORIZED,0.19458686,8.538952
натюрморт,14,90.2256265092857,UNCATEGORIZED,5.3561907,5.724935
экскурсия,12,89.46261845666668,UNCATEGORIZED,6.9782414,6.70548
построение,2,91.83489435,UNCATEGORIZED,7.9633565,6.5849376
градация,8,93.20581087000001,UNCATEGORIZED,7.3851843,5.097104
разбор,1,91.9640257,UNCATEGORIZED,7.089455,7.280664
бижутерия,6,88.91141037166666,UNCATEGORIZED,4.0596385,3.567457
факультатив,4,91.32106733,UNCATEGORIZED,6.1823273,6.9931703
фактура,3,88.76578055,UNCATEGORIZED,6.061035,4.1424303
извозчик,4,90.4095831925,UNCATEGORIZED,3.2263718,8.046829
наследство,3,92.45250925,UNCATEGORIZED,6.9319835,7.74516
абеляр,1,84.23132572,UNCATEGORIZED,2.3951058,9.834931
альфа,4,89.4269585625,UNCATEGORIZED,2.1674905,6.777936
фуфло,6,89.70533709833335,UNCATEGORIZED,6.666264,5.831559
опоссум,11,88.3155221609091,UNCATEGORIZED,0.27239886,8.3147135
хром,13,89.44974159461539,UNCATEGORIZED,4.847983,2.328035
признак,3,93.32301345999998,UNCATEGORIZED,7.711817,6.689732
припев,1,81.46808129,UNCATEGORIZED,5.7750354,6.983094
плескание,1,94.47103388,UNCATEGORIZED,7.1874022,4.4488316
рейхстаг,3,89.08254265,UNCATEGORIZED,6.0268006,8.077149
плешь,4,87.391488645,UNCATEGORIZED,3.9372835,3.6566763
лучик,2,84.44433828999999,UNCATEGORIZED,4.546927,4.768491
дарение,1,97.7858809,UNCATEGORIZED,7.5059834,6.858801
пунктир,4,92.02683786,UNCATEGORIZED,5.014609,5.585191
промышленность,5,94.824131444,UNCATEGORIZED,6.6762996,5.885201
болтанка,1,90.55431358,UNCATEGORIZED,6.986217,4.273893
погоня,1,85.1882893,UNCATEGORIZED,6.8811307,6.3156443
скакалка,19,88.5844561331579,UNCATEGORIZED,2.5816941,5.208143
возня,6,91.33338437166667,UNCATEGORIZED,6.732595,6.070791
бюстие,1,87.12796252,UNCATEGORIZED,2.2828593,3.9358864
фрамуга,4,89.979158665,UNCATEGORIZED,3.7097511,4.6173673
брукс,1,92.7479337,UNCATEGORIZED,0.104710914,6.9515996
роддом,6,93.04178980166667,UNCATEGORIZED,4.483554,7.222644
вещмешок,1,85.61958758,UNCATEGORIZED,2.3387196,4.216557
памятник,8,88.6711880575,UNCATEGORIZED,4.767293,6.1828685
амуниция,2,89.664615665,UNCATEGORIZED,2.4227176,3.442821
доброволец,1,89.03583216,UNCATEGORIZED,2.2668664,9.88531
разработка,5,90.124626178,UNCATEGORIZED,7.5483847,6.2181106
апрель,29,77.71751570724139,UNCATEGORIZED,7.19125,8.737555
участник,2,94.96882737,UNCATEGORIZED,3.1214454,9.792057
метаморфоза,8,92.85397545625,UNCATEGORIZED,7.389823,5.053705
эпикуреец,1,92.90905591,UNCATEGORIZED,1.5843946,10.032261
полковник,5,93.98584701600001,UNCATEGORIZED,3.4825313,9.066878
параллельность,4,85.763264015,UNCATEGORIZED,8.824711,4.368679
звездность,1,95.2636125,UNCATEGORIZED,6.6597953,3.4702218
открытость,1,95.2636125,UNCATEGORIZED,9.736087,5.229785
коммуникатор,1,95.2636125,UNCATEGORIZED,2.9775844,6.1643677
персонализация,1,88.89608119,UNCATEGORIZED,7.396478,4.4648104
межа,4,90.580477555,UNCATEGORIZED,4.39249,5.0738897
пунктуация,9,90.20305106555557,UNCATEGORIZED,6.5643916,5.018642
перфорация,9,90.32800568777778,UNCATEGORIZED,7.638101,2.8293319
симметрия,9,91.74224401222222,UNCATEGORIZED,8.41821,4.6926107
морг,13,90.98434503538462,UNCATEGORIZED,4.633194,7.2200193
трансфер,4,90.9879399125,UNCATEGORIZED,7.4704003,4.9771295
балаган,6,91.92938682666666,UNCATEGORIZED,5.570086,7.190826
укрощение,1,96.61420779,UNCATEGORIZED,8.0155,6.017081
авантюрист,1,96.61420779,UNCATEGORIZED,1.5249373,9.973995
территория,5,94.70469789,UNCATEGORIZED,4.8860497,6.615011
галерка,2,91.830985715,UNCATEGORIZED,3.9250555,6.5593204
армия,14,87.46754581285714,UNCATEGORIZED,5.1390953,8.426105
бытовуха,2,93.40030709,UNCATEGORIZED,6.8285766,5.700574
благословение,4,87.47557152750001,UNCATEGORIZED,8.533644,6.857078
сквош,4,87.09519394,UNCATEGORIZED,4.3211865,8.267181
паслен,4,82.88064265249999,UNCATEGORIZED,2.004363,1.9046018
заруб,2,87.275115115,UNCATEGORIZED,1.0472459,7.1918936
похвала,4,88.4474912325,UNCATEGORIZED,8.490715,6.2784004
бескомпромиссность,2,84.88414525499999,UNCATEGORIZED,9.668521,5.0317817
практичность,2,84.955604965,UNCATEGORIZED,9.725424,5.0600963
лжесвидетельство,2,92.090895195,UNCATEGORIZED,8.301618,5.7019057
спасатель,2,93.02763951,UNCATEGORIZED,2.7832217,9.24386
техобслуживание,1,73.96994333,UNCATEGORIZED,6.8167586,4.9758205
ликвидность,5,91.833447228,UNCATEGORIZED,8.846058,4.448088
латыш,1,91.3627092,UNCATEGORIZED,1.5295626,8.7695
аргон,5,89.02179000600002,UNCATEGORIZED,4.817471,2.339675
слюноотделение,1,84.54042265,UNCATEGORIZED,7.997182,3.3364308
стихосложение,1,84.54042265,UNCATEGORIZED,6.6262236,4.625798
равноденствие,1,84.54042265,UNCATEGORIZED,7.25335,8.002068
обмундирование,2,93.16464152500001,UNCATEGORIZED,2.5163763,3.143281
осциллограф,17,85.84960201588235,UNCATEGORIZED,2.4523866,5.7470455
генерация,6,88.80198871833335,UNCATEGORIZED,6.819778,4.923411
протеже,1,92.13807638,UNCATEGORIZED,2.4292536,8.86068
каньон,8,92.2653284075,UNCATEGORIZED,4.4679766,5.598629
луноход,5,92.339235398,UNCATEGORIZED,3.107427,7.2901516
санаторий,3,88.66315092999999,UNCATEGORIZED,4.583499,7.103771
борт,3,88.81981715,UNCATEGORIZED,3.2897644,6.7356157
порука,3,91.04002634333335,UNCATEGORIZED,9.035054,5.5403376
свинарник,5,87.589429108,UNCATEGORIZED,3.9035985,6.778676
бенефис,1,87.6015179,UNCATEGORIZED,5.757976,7.262622
дисплазия,1,85.53351043,UNCATEGORIZED,7.8116846,2.899353
минтай,3,89.82537866333332,UNCATEGORIZED,0.26367396,5.161194
хлюпик,2,85.502178525,UNCATEGORIZED,0.94405466,9.481084
многообразие,2,89.8572574,UNCATEGORIZED,8.5728,5.783832
воскрешение,3,91.52970495666666,UNCATEGORIZED,8.475458,6.739768
пастернак,9,89.50203721666665,UNCATEGORIZED,3.1250956,10.015582
спирохета,3,79.45924745666666,UNCATEGORIZED,6.689506,2.395803
заглушка,1,75.93017836,UNCATEGORIZED,3.8220377,4.599987
муравейник,5,91.21841608,UNCATEGORIZED,4.12644,6.8922434
проказа,5,88.389720728,UNCATEGORIZED,7.958321,2.4843643
овцебык,2,95.23761174,UNCATEGORIZED,0.2658931,8.465618
отсебятина,2,85.78676006,UNCATEGORIZED,6.5538096,5.470151
квантование,4,87.2882999025,UNCATEGORIZED,8.16489,3.953784
кокетство,2,89.87839172,UNCATEGORIZED,8.776601,5.4781656
анорак,1,95.87794149,UNCATEGORIZED,1.7363778,3.6361427
часть,9,94.02419851777778,UNCATEGORIZED,6.9602275,8.141304
фаянс,4,91.5055816025,UNCATEGORIZED,4.0219474,3.0635412
фингал,6,90.87306028333334,UNCATEGORIZED,4.75509,3.9838543
тесемка,1,82.94055377,UNCATEGORIZED,3.4225893,3.9005883
перечень,6,92.844639705,UNCATEGORIZED,6.5255218,7.3638763
мечеть,9,88.91273176222222,UNCATEGORIZED,4.476703,6.4589663
створка,6,93.51803570666665,UNCATEGORIZED,3.668316,4.722794
стратег,3,89.52471449000001,UNCATEGORIZED,2.8044567,9.760645
табель,5,88.09621596400001,UNCATEGORIZED,6.260103,7.540741
очертание,1,85.47308864,UNCATEGORIZED,5.0734787,4.8715096
осеменение,1,85.47308864,UNCATEGORIZED,6.984964,4.0039144
бифуркация,20,90.433854587,UNCATEGORIZED,6.865029,4.1012483
марвело,2,84.89348389,UNCATEGORIZED,0.7341247,6.8580227
кутеж,4,92.69709441,UNCATEGORIZED,6.7205486,6.6824803
салатница,2,76.932578385,UNCATEGORIZED,3.313483,4.407805
потомок,2,88.51632404,UNCATEGORIZED,2.4636066,8.67952
винтик,7,89.96725096857143,UNCATEGORIZED,3.5403225,4.5503545
дырка,18,86.11068150666668,UNCATEGORIZED,4.5403857,4.771609
лопатка,4,81.45447473,UNCATEGORIZED,2.4587367,4.5149436
чеснокодавилка,3,78.48479318666666,UNCATEGORIZED,2.7616618,1.5433406
вальдшнеп,2,93.09996274,UNCATEGORIZED,-0.038987953,7.853254
мачеха,1,91.35137248,UNCATEGORIZED,2.3169975,8.134968
покос,3,88.72875044,UNCATEGORIZED,5.3893647,5.168368
эпитет,12,88.43092870083332,UNCATEGORIZED,6.2948275,5.767989
интел,1,82.27012897,UNCATEGORIZED,2.7566047,6.097161
аршин,8,94.73612548375,UNCATEGORIZED,4.520185,4.326734
миома,3,88.13637662333333,UNCATEGORIZED,7.611936,2.7651327
гуманность,2,90.42458613,UNCATEGORIZED,9.549819,5.3809485
гортань,6,88.66263298,UNCATEGORIZED,4.768428,3.4017544
первыя,2,86.7996072,UNCATEGORIZED,4.206966,3.091149
тактика,2,96.843635405,UNCATEGORIZED,7.33283,5.9940176
искажение,5,89.247658696,UNCATEGORIZED,8.373241,5.907264
девятка,3,93.34241416333333,UNCATEGORIZED,5.1669717,8.958665
бубей,1,93.60466641,UNCATEGORIZED,5.1614437,8.9604645
каприз,12,90.22290570583333,UNCATEGORIZED,7.8938413,6.0761657
астма,8,88.0880687825,UNCATEGORIZED,7.9004035,2.6388922
гандикап,3,85.70089546333332,UNCATEGORIZED,5.082867,6.4957423
ватерпас,3,86.74816599666667,UNCATEGORIZED,2.5048902,5.104197
сотник,4,87.09857267499999,UNCATEGORIZED,2.5154836,9.010886
стопор,5,90.328260728,UNCATEGORIZED,2.7289314,5.2655816
подчинение,2,91.605648005,UNCATEGORIZED,8.568257,6.2862415
вид,12,86.74886784083333,UNCATEGORIZED,7.679321,6.7078137
злодей,4,88.076417555,UNCATEGORIZED,1.5381825,9.788358
кашпо,8,89.36178738625,UNCATEGORIZED,1.9079702,2.4012618
упоение,3,76.99231274,UNCATEGORIZED,9.412765,6.0736566
обувь,24,87.52421915958332,UNCATEGORIZED,1.9914103,3.4020457
кокон,3,90.86548567,UNCATEGORIZED,2.4229846,4.0767274
побор,1,94.82538554,UNCATEGORIZED,2.4271586,6.212189
давка,2,93.07065975,UNCATEGORIZED,6.866642,6.006959
твистер,1,93.79285048,UNCATEGORIZED,1.0313126,6.7138004
мистер,5,91.89234734,UNCATEGORIZED,0.0066633085,7.0079265
отблеск,2,77.22476670500001,UNCATEGORIZED,4.718306,4.6778893
статья,4,87.68618567,UNCATEGORIZED,6.344409,7.157498
китобой,6,89.08791189833335,UNCATEGORIZED,1.932174,9.321246
вязь,3,88.97966864333334,UNCATEGORIZED,5.1652575,5.0959654
одержимость,1,85.62655249,UNCATEGORIZED,9.482684,5.4664936
интроверсия,3,89.24970146333334,UNCATEGORIZED,8.435152,4.3098874
элиминация,1,83.96901319,UNCATEGORIZED,6.684847,3.2944517
голкипер,9,82.02561146555556,UNCATEGORIZED,3.6437695,8.826188
водила,1,83.96901319,UNCATEGORIZED,3.2144396,8.109982
каменотес,1,83.96901319,UNCATEGORIZED,2.3697927,9.6768465
известняк,5,87.44530760800001,UNCATEGORIZED,4.0888953,2.6933458
исследование,64,96.2785325021875,ACTION_PROCESS,7.6148024,7.117926
отрезвление,1,90.25033082,UNCATEGORIZED,8.309494,5.341683
рецензент,1,90.25084746,UNCATEGORIZED,3.1810665,10.0840225
ментовка,1,90.25084746,UNCATEGORIZED,4.474271,7.207577
экзема,5,91.9041585,UNCATEGORIZED,7.861285,2.6165504
флер,3,90.49113557,UNCATEGORIZED,-0.10730923,6.6489134
ксенофобия,5,88.27415672,UNCATEGORIZED,8.251883,4.812731
разочарование,9,93.48127493444444,UNCATEGORIZED,9.594382,6.319045
септима,5,95.271087584,UNCATEGORIZED,0.96452624,6.4933004
наседка,3,94.38153681666665,UNCATEGORIZED,0.112076305,7.6646805
циклон,7,93.06293093857143,UNCATEGORIZED,5.1075296,4.8111362
лингвист,7,91.20764648142857,UNCATEGORIZED,2.9516454,10.329845
лопух,5,90.50084503,UNCATEGORIZED,1.9435979,1.9826126
расписание,6,92.23679562,UNCATEGORIZED,5.883584,7.255967
розыгрыш,2,86.06614182,UNCATEGORIZED,7.351853,6.079482
ерш,2,84.12847114499999,UNCATEGORIZED,0.22332917,5.1332307
чет,3,90.46023630666667,UNCATEGORIZED,0.154029,6.5475025
трюм,8,93.91947378875,UNCATEGORIZED,3.5909941,6.328953
сыщик,4,91.70687211250001,UNCATEGORIZED,3.225014,9.41006
мерзлота,6,90.24192142166665,UNCATEGORIZED,4.712837,5.2683077
штрудель,5,88.993240442,UNCATEGORIZED,3.1914737,2.000001
министр,5,95.231822436,UNCATEGORIZED,3.5497367,9.164422
происхождение,5,92.850178394,UNCATEGORIZED,8.34004,6.522836
лошадник,1,98.6450224,UNCATEGORIZED,1.6905111,10.020068
капсула,10,90.210773218,UNCATEGORIZED,3.2140121,6.440558
полушубок,3,92.40378628,UNCATEGORIZED,1.5674169,3.6077826
пропаганда,6,90.33428908666667,UNCATEGORIZED,7.186754,6.1662884
пристань,6,91.47596508833334,UNCATEGORIZED,3.9795504,6.4334655
внимательность,3,94.70658177333333,UNCATEGORIZED,9.839162,5.1172414
обозрение,2,94.141340545,UNCATEGORIZED,6.232901,7.3606043
выносливость,4,89.0828866925,UNCATEGORIZED,9.579574,5.27027
гимнастика,9,88.67446730666667,UNCATEGORIZED,6.503776,4.9943323
лорд,5,89.74148317400001,UNCATEGORIZED,2.8065066,8.484866
мягкость,3,91.88291212333333,UNCATEGORIZED,9.809076,5.0295506
джоуль,1,87.76631932,UNCATEGORIZED,0.95708555,6.835764
стежок,5,91.122127202,UNCATEGORIZED,4.757198,4.308609
скра,1,89.32305952,UNCATEGORIZED,-0.20374545,5.9295864
амвон,1,91.01971871,UNCATEGORIZED,4.078774,6.150043
хребет,9,88.93712051222222,UNCATEGORIZED,4.450479,5.705229
крикет,9,90.90214951555556,UNCATEGORIZED,4.2550178,8.340057
палуба,12,88.87783953666667,UNCATEGORIZED,3.5475578,6.336839
театрал,3,91.90902407333333,UNCATEGORIZED,1.7808932,10.038341
событийность,1,91.50154061,UNCATEGORIZED,7.63001,4.091711
политолог,1,90.54773275,UNCATEGORIZED,2.9710097,10.305644
аппликация,11,91.38631880363636,UNCATEGORIZED,5.965486,4.1592374
химчистка,1,84.42894546,UNCATEGORIZED,4.362822,6.670732
залп,4,91.94282168750001,UNCATEGORIZED,5.000753,5.645057
афиша,5,88.202638248,UNCATEGORIZED,5.128401,5.939887
вол,7,89.24440279,UNCATEGORIZED,0.2344723,8.80704
стук,10,90.375028467,UNCATEGORIZED,5.607058,5.974498
пройдоха,7,87.63431032999999,UNCATEGORIZED,1.228683,9.797233
компрессия,4,86.9973189925,UNCATEGORIZED,7.0568643,4.180822
херня,2,89.35165642,UNCATEGORIZED,6.748982,5.7296233
шпрот,10,92.022988766,UNCATEGORIZED,2.8524241,1.9592175
строп,7,90.96183281142858,UNCATEGORIZED,2.7670271,5.5961328
абсент,6,89.26386530500001,UNCATEGORIZED,3.522796,1.5971886
ступа,11,88.54299295363636,UNCATEGORIZED,2.9267178,4.375991
карцинома,2,95.655153305,UNCATEGORIZED,7.4933558,2.7769365
детвора,1,92.910975,UNCATEGORIZED,5.306388,8.500927
сангина,1,92.910975,UNCATEGORIZED,5.0225015,5.3109374
дипломатия,8,91.23718624375,UNCATEGORIZED,7.1998153,5.836544
усложнение,1,95.32298884,UNCATEGORIZED,8.099552,6.131774
буерак,1,93.34538655,UNCATEGORIZED,3.9146266,6.0683665
служба,5,80.61049484,UNCATEGORIZED,5.3445816,7.9853096
метан,15,89.70515121133333,UNCATEGORIZED,4.8703628,2.2353065
отпор,1,91.28712047,UNCATEGORIZED,8.221492,6.8714476
глазунья,3,91.96349637333333,UNCATEGORIZED,2.983924,2.292365
благо,5,90.77522454999999,UNCATEGORIZED,8.62177,6.8206916
гедонист,2,91.70789992499999,UNCATEGORIZED,1.4575309,9.846353
нагрузка,4,90.4790112925,UNCATEGORIZED,7.3528295,5.3378587
силикат,1,88.97582579,UNCATEGORIZED,4.674666,2.236578
трындец,2,85.39184037000001,UNCATEGORIZED,6.336245,6.351414
консеров,6,90.33714795166668,UNCATEGORIZED,3.8858812,4.364155
гниль,7,84.71174789285715,UNCATEGORIZED,5.170512,3.6605017
направление,3,96.54030553666666,UNCATEGORIZED,5.2330275,6.423643
фатум,1,97.25360196,UNCATEGORIZED,8.705748,4.821646
солидол,2,87.278766445,UNCATEGORIZED,4.2846713,2.3881807
пиротехник,2,87.30254802,UNCATEGORIZED,2.1131732,9.049416
журналист,2,89.64362872500001,UNCATEGORIZED,3.2827759,9.8579855
папула,1,90.94296026,UNCATEGORIZED,7.3518443,2.5857067
хорек,11,91.49285089000001,UNCATEGORIZED,0.15432844,8.385717
поликлиника,3,89.25384647666665,UNCATEGORIZED,4.444143,6.98806
обреченность,4,89.722118815,UNCATEGORIZED,9.622885,4.5397377
острие,6,94.37010610333334,UNCATEGORIZED,1.8564055,4.697306
страстность,1,92.61072204,UNCATEGORIZED,9.644041,5.090678
анкер,2,87.575669255,UNCATEGORIZED,0.96025705,6.6885996
плеск,2,89.57556966,UNCATEGORIZED,5.6590385,5.8557067
соревнование,10,89.463926461,UNCATEGORIZED,7.044964,7.0437713
конъюнктура,5,91.633594124,UNCATEGORIZED,7.4011006,5.1405945
ученый,14,85.69922509214287,UNCATEGORIZED,2.9243734,10.175306
псих,5,90.723273966,UNCATEGORIZED,1.043469,9.789907
сложение,5,85.702206372,UNCATEGORIZED,8.278718,6.0380535
домик,3,80.46045630666667,UNCATEGORIZED,4.097954,6.5611296
соболь,4,88.06419209500001,UNCATEGORIZED,0.090935834,8.340462
песнопение,7,86.34488714428572,UNCATEGORIZED,5.8396807,6.9664717
косуля,5,87.332809224,UNCATEGORIZED,-0.0050029824,8.497819
изобретение,3,93.19854248666667,UNCATEGORIZED,7.672974,6.6854177
поляна,11,85.24992542363637,UNCATEGORIZED,4.4997234,5.613024
нигилист,6,85.68966309666668,UNCATEGORIZED,1.7542117,10.127502
размер,5,91.85810456200001,UNCATEGORIZED,7.449307,6.265634
бабка,7,87.3642584142857,UNCATEGORIZED,2.2322648,8.134548
батат,7,79.09757536142855,UNCATEGORIZED,2.3916063,1.7048671
хорват,2,85.961581815,UNCATEGORIZED,1.4527777,8.63279
пазуха,2,91.963839965,UNCATEGORIZED,5.605927,3.1922324
амбулатория,1,92.53850077,UNCATEGORIZED,4.3477006,6.762377
отвал,3,89.86761141333334,UNCATEGORIZED,3.4063845,6.8050246
прочерк,1,91.32357271,UNCATEGORIZED,5.5956616,5.176902
выдох,2,88.48853059999999,UNCATEGORIZED,5.951154,5.46317
воспроизведение,1,92.63647682,UNCATEGORIZED,7.978638,6.4184318
стебель,11,81.30533778,UNCATEGORIZED,2.2619033,2.3119385
челн,4,93.5201045075,UNCATEGORIZED,2.991823,6.859094
вендетта,2,88.513445175,UNCATEGORIZED,7.411491,5.8414907
спуск,3,87.90376687666667,UNCATEGORIZED,4.750669,5.8950014
привычка,10,89.68524260199999,UNCATEGORIZED,7.6487694,5.829843
свидетель,8,95.30842794624999,UNCATEGORIZED,3.3314385,9.519344
акафист,3,91.87605086666667,UNCATEGORIZED,6.068988,7.0700607
кровохлебка,2,94.95812599,UNCATEGORIZED,2.1113966,1.6713523
тарантас,6,92.15504988166667,UNCATEGORIZED,3.2745485,7.7955704
пепелище,3,89.775551,UNCATEGORIZED,4.3828993,5.7930713
аквамарин,9,93.19509097222222,UNCATEGORIZED,4.265298,1.3639774
бульдог,6,87.092464355,UNCATEGORIZED,-0.24526228,8.843266
затворник,2,87.80895473999999,UNCATEGORIZED,2.252414,9.644271
итальянка,1,88.75014891,UNCATEGORIZED,2.248731,7.675775
напраслина,1,92.09744748,UNCATEGORIZED,6.9116035,5.645802
иней,14,88.5449651142857,UNCATEGORIZED,5.147418,4.336096
фурнитура,4,84.3542949875,UNCATEGORIZED,4.154305,3.9026098
перешеек,6,87.61351330666666,UNCATEGORIZED,4.52924,5.9646854
ускорение,10,89.3142335,UNCATEGORIZED,7.8030696,5.602983
имплант,4,88.42784885,UNCATEGORIZED,2.643884,6.107084
перерасход,2,85.828798245,UNCATEGORIZED,7.4433365,6.222443
сталкер,4,89.0748296775,UNCATEGORIZED,1.1738544,8.74212
пентаграмма,6,88.67848084499998,UNCATEGORIZED,5.202759,4.825816
вечеринка,3,92.12475975333332,UNCATEGORIZED,6.777045,6.817196
богомол,8,91.484508775,UNCATEGORIZED,0.32452175,8.313699
ворох,20,93.81284991500002,UNCATEGORIZED,3.2088466,4.303267
мимолетность,2,96.426868285,UNCATEGORIZED,9.498753,4.289904
транш,6,86.86000847833333,UNCATEGORIZED,2.9935079,7.098561
минерал,17,90.21617077117646,UNCATEGORIZED,4.462864,2.2824125
угорь,7,91.04795749000002,UNCATEGORIZED,0.2143728,5.186971
градус,15,89.68777923399998,UNCATEGORIZED,6.145127,4.888591
бок,6,88.15541675000001,UNCATEGORIZED,4.006618,3.809046
зуд,4,90.98011957,UNCATEGORIZED,8.059406,3.0222359
ложноножка,5,93.31035508,UNCATEGORIZED,5.3647165,3.0365067
фарфор,16,91.07838476750001,UNCATEGORIZED,3.9352365,3.094137
ущелие,6,94.56142167333333,UNCATEGORIZED,4.5779314,5.697345
аскеза,6,91.07007289833332,UNCATEGORIZED,8.6100445,5.3779297
судостроитель,1,89.82921601,UNCATEGORIZED,2.745352,10.075711
грива,5,90.52806776999999,UNCATEGORIZED,3.1578822,3.3030322
смальта,2,93.36180482500001,UNCATEGORIZED,5.096513,5.1951327
ингредиент,3,83.75246568,UNCATEGORIZED,4.826968,2.4091094
утрата,4,92.4443362875,UNCATEGORIZED,7.9420185,5.8850713
эквилибристика,7,91.97228461285715,UNCATEGORIZED,6.5348225,5.423464
квалификация,6,90.28080975666666,UNCATEGORIZED,8.800868,5.510761
генетика,11,87.74413123545455,UNCATEGORIZED,6.9586315,4.636425
ящер,4,90.934226845,UNCATEGORIZED,0.39780807,8.434787
смирение,7,94.80118661142856,UNCATEGORIZED,9.337911,6.0533495
гематома,3,90.30079834333333,UNCATEGORIZED,7.621066,2.9617012
гомосексуализм,2,82.553438245,UNCATEGORIZED,8.148653,5.0094695
шмыга,2,90.23135589500001,UNCATEGORIZED,1.2125509,6.8598714
нарколог,1,81.09100082,UNCATEGORIZED,2.7704701,10.297928
беспристрастность,2,86.83101829,UNCATEGORIZED,9.42519,4.89565
самообман,2,88.48177561,UNCATEGORIZED,7.800084,5.7560797
нуклеотид,8,89.98339387,UNCATEGORIZED,5.623848,2.7449582
азарт,3,95.93276229333333,UNCATEGORIZED,9.436856,5.946778
пасха,3,90.17669383999998,UNCATEGORIZED,7.2715716,8.010686
вездесущность,2,81.89216176,UNCATEGORIZED,8.964851,4.4107175
падла,1,89.44727159,UNCATEGORIZED,0.73210627,9.292791
фельдъегерь,2,92.16391829,UNCATEGORIZED,3.0730965,8.913055
блестка,4,87.7357744,UNCATEGORIZED,1.5647378,6.860603
подлежащее,8,86.07173417875,UNCATEGORIZED,6.212964,5.394214
эскимос,8,88.0362508275,UNCATEGORIZED,1.5607915,8.929189
терраса,3,91.84179232000001,UNCATEGORIZED,4.1110735,6.0734634
иссоп,2,87.447450975,UNCATEGORIZED,1.8937367,1.623295
гистамин,1,70.54846516,UNCATEGORIZED,5.8348646,2.4016044
рентген,11,88.34783700727273,UNCATEGORIZED,6.2258964,3.7362647
псевдоним,5,92.57641032000001,UNCATEGORIZED,6.4969068,6.8079834
франция,4,89.3625107775,UNCATEGORIZED,5.655449,7.803746
тональность,5,92.63077303399999,UNCATEGORIZED,6.1167216,5.9210463
прототип,3,92.08596456666665,UNCATEGORIZED,6.440872,6.3804345
куртизанка,8,84.17520011625,UNCATEGORIZED,2.1371536,7.7875123
мониторинг,3,90.52815758999999,UNCATEGORIZED,7.081922,7.086088
непреодолимость,2,86.29150354500001,UNCATEGORIZED,9.207298,4.197677
сумерки,20,90.40280511249999,UNCATEGORIZED,4.9967327,4.7022443
нокаут,3,90.24825139333332,UNCATEGORIZED,5.0700264,6.285253
идиотка,1,86.74508687,UNCATEGORIZED,0.70587575,9.416354
срань,5,78.712498834,UNCATEGORIZED,6.722327,5.8561606
множитель,2,88.466972665,UNCATEGORIZED,5.9721575,4.204877
соединение,3,89.58814063333334,UNCATEGORIZED,8.382724,6.457717
ендова,4,82.72977335,UNCATEGORIZED,3.4973836,5.675451
братание,3,90.03691732,UNCATEGORIZED,8.306986,5.484057
шовинизм,8,91.29134839,UNCATEGORIZED,8.283198,4.875418
асфиксия,8,90.23803762125,UNCATEGORIZED,7.8462124,3.081228
тупица,2,90.21149919000001,UNCATEGORIZED,0.81125456,9.810629
семафор,11,89.77529813636362,UNCATEGORIZED,3.3649325,6.63354
востоковед,2,89.59781695000001,UNCATEGORIZED,2.96732,10.3129
усугубление,1,88.24249697,UNCATEGORIZED,7.560028,4.50425
бундестаг,2,88.87100112,UNCATEGORIZED,6.0421658,8.052409
навь,3,86.91877295666666,UNCATEGORIZED,2.4641068,6.894324
камыш,10,88.748431981,UNCATEGORIZED,2.1168494,2.3775074
аспергер,1,85.06772887,UNCATEGORIZED,8.135109,3.3113499
манекен,6,90.21240877500001,UNCATEGORIZED,1.4073895,8.352775
шпиц,7,89.93056978,UNCATEGORIZED,-0.1744673,8.735607
поползновение,3,90.50006868666667,UNCATEGORIZED,8.33111,5.362627
бруцеллез,1,93.01939669,UNCATEGORIZED,7.697654,2.4849353
частота,4,92.456511595,UNCATEGORIZED,7.766117,5.1491876
пастырь,6,84.54849728833334,UNCATEGORIZED,2.3438962,9.457658
межбровье,1,89.49950527,UNCATEGORIZED,5.817294,4.149336
глютамат,3,92.00076706,UNCATEGORIZED,4.8082366,2.1620293
аболиционист,3,88.94043751333334,UNCATEGORIZED,6.1632686,3.0947125
произведение,7,87.88246398857143,UNCATEGORIZED,6.993901,6.7991095
холуй,4,92.44382045750001,UNCATEGORIZED,1.3706967,9.560542
требование,5,94.66916379599999,UNCATEGORIZED,7.8203926,7.4715796
аэробика,4,89.6511812125,UNCATEGORIZED,6.1809487,5.0550337
бильярд,6,84.82408780000002,UNCATEGORIZED,4.271636,8.2802515
выступ,1,89.65522557,UNCATEGORIZED,3.8668866,5.4243836
гребля,7,92.70576713428572,UNCATEGORIZED,6.251867,5.057523
эскалоп,3,91.13552299333332,UNCATEGORIZED,3.1290643,2.1261113
передозировка,2,88.787844365,UNCATEGORIZED,7.6364336,3.2587202
полотер,1,92.33894873,UNCATEGORIZED,2.2965934,6.220486
перелом,4,90.23077116249999,UNCATEGORIZED,7.865411,3.2880807
спелость,2,91.37503860999999,UNCATEGORIZED,9.247089,4.0748
грейпфрут,9,79.58898521555555,UNCATEGORIZED,2.1481786,1.6062531
течение,7,83.35420893428571,UNCATEGORIZED,7.1860633,8.186205
гандбол,4,91.01401028249998,UNCATEGORIZED,4.2734838,8.322338
митра,3,90.31951632666666,UNCATEGORIZED,1.218764,7.706968
стеснительность,2,90.23781626499999,UNCATEGORIZED,9.879916,5.473658
борьба,6,88.46685491166666,UNCATEGORIZED,7.514866,6.323798
трагикомедия,4,87.99951021249998,UNCATEGORIZED,6.315488,6.256123
корка,11,91.08455583909091,UNCATEGORIZED,4.250122,3.2811637
география,24,90.20350714458333,UNCATEGORIZED,6.7772746,4.733098
уловка,3,90.39689627,UNCATEGORIZED,7.258469,5.9654818
подъемник,6,88.78742687666666,UNCATEGORIZED,3.4877837,6.5261116
протопресвитер,1,94.878739,UNCATEGORIZED,2.4546137,9.602428
майор,6,91.06150307,UNCATEGORIZED,3.4663906,9.092651
полуостров,9,90.93183029444444,UNCATEGORIZED,4.6810026,6.1302795
нападение,3,95.07314310333334,UNCATEGORIZED,8.104178,6.560194
дагеротип,1,87.35503846,UNCATEGORIZED,5.0814443,5.43763
империализм,26,100.02644128076923,UNCATEGORIZED,8.173892,4.9214563
дож,1,88.12295438,UNCATEGORIZED,2.2240705,8.9374075
рокировка,5,85.820955124,UNCATEGORIZED,7.171498,4.948206
универсальность,3,93.8576666,UNCATEGORIZED,9.158932,4.645721
любитель,5,91.499016864,UNCATEGORIZED,1.9198757,10.210109
топология,8,87.79635539625,UNCATEGORIZED,6.8291435,4.6769085
полудень,1,87.25003721,UNCATEGORIZED,3.3938258,5.84666
моветон,7,89.87936855571427,UNCATEGORIZED,7.358636,5.7774816
специализация,3,92.39477602666666,UNCATEGORIZED,8.138831,5.906739
рябчик,2,91.60511043,UNCATEGORIZED,-0.08105319,7.775658
меланхолия,10,89.215175153,UNCATEGORIZED,8.468174,3.5401313
специя,7,86.84710642857144,UNCATEGORIZED,1.7449942,6.7240505
заграница,3,89.44315418666667,UNCATEGORIZED,6.511353,5.7187696
скороварка,6,89.26765192833331,UNCATEGORIZED,3.212215,1.9396679
ленивец,7,89.05904991857142,UNCATEGORIZED,0.5407232,8.702589
рефлекс,6,90.78870659500001,UNCATEGORIZED,8.201979,3.791315
снайпер,5,90.61534702,UNCATEGORIZED,2.145782,9.515905
терминал,10,89.15947210499999,UNCATEGORIZED,3.0676324,6.089825
фантастика,13,91.32065291769229,UNCATEGORIZED,6.7467623,5.7215548
длительность,3,91.14125839,UNCATEGORIZED,7.8215265,5.259269
саламандра,2,90.30741822499999,UNCATEGORIZED,0.24073474,8.163197
любительство,1,92.45567468,UNCATEGORIZED,8.356262,5.123087
амбал,1,95.55520942,UNCATEGORIZED,1.6337017,9.037433
грань,10,90.96367418899999,UNCATEGORIZED,4.838734,5.553463
дрога,3,91.43003930666667,UNCATEGORIZED,0.970871,6.972517
землянка,4,88.1884615,UNCATEGORIZED,4.1910644,6.556264
пустышка,6,84.46798228499999,UNCATEGORIZED,6.6538277,5.745097
строчка,4,92.662531385,UNCATEGORIZED,6.3943624,6.690651
канцероген,3,90.6483804,UNCATEGORIZED,6.02508,2.5166724
метонимия,12,88.80404173916666,UNCATEGORIZED,6.923646,5.3644567
кулик,1,95.24644479,UNCATEGORIZED,3.4821303,9.182767
героизм,3,89.35437993333335,UNCATEGORIZED,9.687717,5.5461655
шнапс,2,89.095912855,UNCATEGORIZED,3.5770273,1.5848899
утомление,1,91.28884966,UNCATEGORIZED,8.425511,3.6125062
прободение,1,81.94699123,UNCATEGORIZED,7.661212,2.723764
левитация,6,85.87631380166665,UNCATEGORIZED,8.039953,4.2993145
филистер,1,81.94699123,UNCATEGORIZED,1.0818268,9.206826
клистир,1,81.94699123,UNCATEGORIZED,5.2966366,3.812856
музыкальность,1,90.71822485,UNCATEGORIZED,9.559156,4.6426015
расточительство,2,91.265101625,UNCATEGORIZED,8.714674,5.572154
раскулачивание,3,90.49746066666667,UNCATEGORIZED,7.5696793,4.976682
смокинг,2,87.303939335,UNCATEGORIZED,1.5633548,3.5887835
турнепс,2,83.684948665,UNCATEGORIZED,2.3220522,1.3834687
хазар,2,89.224884675,UNCATEGORIZED,1.7827207,8.760209
мещанин,4,89.41199848,UNCATEGORIZED,2.11977,9.912389
сосед,7,86.26572886285715,UNCATEGORIZED,2.2743568,8.637082
энцефалит,3,90.55738880666667,UNCATEGORIZED,7.7383494,2.5122943
зелье,8,89.48236278125,UNCATEGORIZED,4.176328,1.8378394
жирность,1,96.21969112,UNCATEGORIZED,8.664738,3.9780667
поленница,3,94.12575666333332,UNCATEGORIZED,3.4502947,4.8663797
вар,4,85.0901336575,UNCATEGORIZED,0.06639857,6.270164
режиссура,1,96.21969112,UNCATEGORIZED,6.4766455,5.4227295
джунгли,14,88.56075342071429,UNCATEGORIZED,4.6655774,5.4284883
бром,22,91.87632997454544,UNCATEGORIZED,4.8334937,2.171988
пиранья,4,90.46019544500001,UNCATEGORIZED,0.29058814,7.5066147
дзюдо,1,93.18444777,UNCATEGORIZED,3.7332861,8.680973
накипь,3,85.90411553666667,UNCATEGORIZED,4.853985,3.7613037
аксельбант,4,85.65061208,UNCATEGORIZED,2.059162,4.086415
матриархат,8,85.57479175625,UNCATEGORIZED,8.064463,4.9070454
навар,1,92.95547411,UNCATEGORIZED,6.668231,7.647882
гомон,5,93.15307205,UNCATEGORIZED,5.853537,5.970508
струп,2,90.546939505,UNCATEGORIZED,5.120735,3.6070483
отвес,1,93.54285835,UNCATEGORIZED,2.4735243,5.0032144
батик,1,93.54285835,UNCATEGORIZED,4.566702,4.924949
стерва,2,90.88150396,UNCATEGORIZED,0.73051697,9.151934
ледоход,3,91.62007397,UNCATEGORIZED,5.4528346,5.0958056
бонд,1,92.6326118,UNCATEGORIZED,1.7098032,9.0342655
кислотность,3,91.40582453333333,UNCATEGORIZED,8.359255,3.834013
бретелька,2,91.788814165,UNCATEGORIZED,3.0498955,3.7482367
выспренность,2,86.642712145,UNCATEGORIZED,9.411212,4.3766737
кед,3,90.51061958000001,UNCATEGORIZED,2.3125405,3.5079727
подлодка,3,87.31092350333331,UNCATEGORIZED,3.0105534,6.8786488
бронирование,2,86.357288985,UNCATEGORIZED,2.1735873,5.2302175
сакля,2,84.27972281999999,UNCATEGORIZED,4.0466967,6.381097
бельмо,5,90.261765764,UNCATEGORIZED,4.8286657,4.126751
святотатство,1,96.60595968,UNCATEGORIZED,8.696029,5.885068
ирис,10,88.70780657,UNCATEGORIZED,1.6149609,2.3006916
кий,12,89.22061651083334,UNCATEGORIZED,0.26850343,6.0701833
пламень,1,82.73943973,UNCATEGORIZED,4.736661,4.642654
медведка,1,92.63525129,UNCATEGORIZED,1.3703614,7.330771
пересмешник,6,93.14171103166666,UNCATEGORIZED,0.30950367,7.9969625
глава,8,91.17359310750001,UNCATEGORIZED,3.440625,9.4015045
прохиндей,1,93.85068157,UNCATEGORIZED,1.1677461,9.772653
присказка,1,88.05551459,UNCATEGORIZED,6.526595,6.3705583
расчет,2,86.08717503,UNCATEGORIZED,7.426746,7.219217
отчужденность,2,79.45819137,UNCATEGORIZED,9.7452135,5.4267874
гранула,3,91.05662699333332,UNCATEGORIZED,6.212076,2.7161617
растворимость,3,94.56749399333331,UNCATEGORIZED,8.768895,4.0884714
спасение,4,89.49918758500002,UNCATEGORIZED,8.607048,6.8018703
розлив,2,89.30731214,UNCATEGORIZED,3.7899067,2.2188466
билирубин,4,89.63275131500001,UNCATEGORIZED,5.4350667,2.2687702
кадастр,7,86.30599642571428,UNCATEGORIZED,3.007613,6.063437
симулянт,2,90.39732767,UNCATEGORIZED,1.0946118,9.873676
домен,1,95.98238137,UNCATEGORIZED,3.2151933,6.459908
засечка,1,95.98238137,UNCATEGORIZED,5.8517942,4.847663
рулон,4,92.84225574000001,UNCATEGORIZED,2.7584443,3.6538033
удой,2,88.65469953499999,UNCATEGORIZED,3.2572198,2.7284389
томограф,1,85.57706447,UNCATEGORIZED,2.6946783,5.8768225
импринтинг,4,86.8765320875,UNCATEGORIZED,7.411842,4.2234735
опыт,9,90.74762820555556,UNCATEGORIZED,7.8069954,6.9160414
пророчество,3,91.26985796333332,UNCATEGORIZED,8.337916,6.816093
кашель,11,89.21578579636363,UNCATEGORIZED,8.050079,3.0552666
бесстрастность,1,93.14553294,UNCATEGORIZED,9.674176,4.9207225
обновление,1,93.14553294,UNCATEGORIZED,8.264935,6.523337
каяк,6,89.42506983666665,UNCATEGORIZED,2.948007,6.8459945
поступление,3,92.91259829,UNCATEGORIZED,8.060811,6.426903
бессвязность,2,95.41058344,UNCATEGORIZED,9.242818,4.3925767
опасение,1,80.92501787,UNCATEGORIZED,9.524428,6.3703775
сынок,3,84.5874865,UNCATEGORIZED,2.0341282,8.373419
авангардизм,2,88.64448946,UNCATEGORIZED,7.944198,4.3949547
вопль,11,91.5384163318182,UNCATEGORIZED,5.7529125,5.9792385
дофамин,9,85.20973699666666,UNCATEGORIZED,5.8150487,2.4239001
мнемоник,9,89.40819258,UNCATEGORIZED,1.3935455,7.8754916
рецепт,5,88.34301296000001,UNCATEGORIZED,4.2476134,1.9444948
волатильность,13,89.24269612615385,UNCATEGORIZED,8.795991,4.305838
огузок,3,91.97040349000001,UNCATEGORIZED,3.8358629,3.1599433
столяр,7,88.36481723714287,UNCATEGORIZED,2.573523,9.8547945
тамарин,1,93.58933811,UNCATEGORIZED,1.1371119,7.2585883
арифметика,16,88.418093893125,UNCATEGORIZED,7.0006127,4.9665966
оханье,1,87.80728558,UNCATEGORIZED,5.855328,5.830114
неумелость,1,87.80728558,UNCATEGORIZED,9.432656,4.5847135
трико,4,85.7460133175,UNCATEGORIZED,1.6191962,3.4960334
клавесин,20,89.46438204,UNCATEGORIZED,4.133858,7.881999
разговорчивость,1,87.45517354,UNCATEGORIZED,9.65303,4.865193
авиабомба,1,87.45517354,UNCATEGORIZED,2.9249942,5.0897818
вымирание,1,91.13981641,UNCATEGORIZED,8.088331,5.3419647
картридж,2,91.20946811499999,UNCATEGORIZED,2.554073,5.2300515
эшафот,2,91.72151246000001,UNCATEGORIZED,4.376385,6.327345
эстетика,14,87.92940762,UNCATEGORIZED,7.2494354,5.2023635
кашемир,8,88.9868017725,UNCATEGORIZED,3.938672,3.0167413
половица,5,91.30140568399999,UNCATEGORIZED,3.3801944,4.620552
множественность,2,92.94914733499999,UNCATEGORIZED,8.802139,4.8223815
центнер,5,93.69265236400001,UNCATEGORIZED,4.3781857,4.2764573
озарение,5,93.143125694,UNCATEGORIZED,8.986393,6.305546
кинопленка,1,96.2384105,UNCATEGORIZED,3.4371567,5.100933
совет,7,92.38816587714284,UNCATEGORIZED,6.1194515,8.0327835
структура,10,87.04027587700001,UNCATEGORIZED,7.0310593,5.784036
люфт,4,90.9605878825,UNCATEGORIZED,1.7234467,6.0492826
задор,2,93.919842045,UNCATEGORIZED,9.479001,5.62423
стриж,6,93.12793679333333,UNCATEGORIZED,0.16511309,7.675867
копоть,7,91.80047978,UNCATEGORIZED,4.7923074,3.669621
пеленание,1,93.85178152,UNCATEGORIZED,6.5312867,3.1887424
транспарант,1,87.68059988,UNCATEGORIZED,5.196377,5.6835837
иностранец,6,86.07825731333334,UNCATEGORIZED,1.9122162,9.263008
мандат,23,92.56955413173914,UNCATEGORIZED,6.612628,7.59193
кивер,2,83.909946075,UNCATEGORIZED,1.662485,3.5632203
сапонин,1,88.29572521,UNCATEGORIZED,5.077922,1.9805772
точность,6,92.34190348833333,UNCATEGORIZED,9.492166,4.911137
шунтирование,1,82.18267677,UNCATEGORIZED,6.565124,3.7069597
бремя,7,97.23626304000001,UNCATEGORIZED,8.095464,6.173623
коллаж,6,92.64090834166667,UNCATEGORIZED,5.7726173,5.7836866
аутентификация,1,89.37403066,UNCATEGORIZED,7.1121736,4.353732
грузило,4,87.26244466,UNCATEGORIZED,0.8404946,5.0075746
светоч,6,88.42998641000001,UNCATEGORIZED,3.5163772,5.112477
типология,2,90.17017775,UNCATEGORIZED,7.1467204,4.9104557
противостояние,3,93.79175396333335,UNCATEGORIZED,7.970523,6.5040774
гороскоп,5,87.225409372,UNCATEGORIZED,5.8234534,7.309697
муштра,9,89.64605071777778,UNCATEGORIZED,6.860051,5.6268115
эврик,5,84.301405606,UNCATEGORIZED,2.5271187,6.147549
возвышенность,6,90.26768302833334,UNCATEGORIZED,4.5647025,5.595929
колет,1,85.47520617,UNCATEGORIZED,1.5745429,3.6307058
хлопоты,4,87.24655662,UNCATEGORIZED,7.4067516,6.76638
салазки,6,95.69438213166666,UNCATEGORIZED,3.1901772,7.538063
блинная,1,96.37613263,UNCATEGORIZED,3.5243623,5.694593
закладка,10,87.73685727099999,UNCATEGORIZED,6.9191966,5.4273715
родничок,2,90.913371465,UNCATEGORIZED,4.380485,5.565725
добро,14,86.55817361642856,UNCATEGORIZED,8.987116,6.286617
рана,4,85.165628285,UNCATEGORIZED,4.8047814,4.053847
гибрид,5,93.17623138,UNCATEGORIZED,6.588177,6.4802814
комичность,1,84.48403547,UNCATEGORIZED,9.669867,4.369599
завар,1,84.48403547,UNCATEGORIZED,1.064066,7.0924387
ксилит,1,84.48403547,UNCATEGORIZED,4.792613,2.0880067
жест,77,98.53478806155844,ACTION_PROCESS,5.725956,6.0363483
нырок,5,84.544800012,UNCATEGORIZED,5.4103417,6.297738
восторженность,8,91.26415287500001,UNCATEGORIZED,9.697872,5.177215
лавирование,1,91.05523268,UNCATEGORIZED,7.429022,4.7078266
дальтонизм,1,86.4524729,UNCATEGORIZED,7.983565,3.395245
галиматья,4,86.29240831499999,UNCATEGORIZED,6.6856246,5.619915
пролет,3,90.35834942333334,UNCATEGORIZED,3.903862,6.128025
космогония,3,90.47941700666667,UNCATEGORIZED,6.8955398,4.78441
жалоба,4,89.6121100425,UNCATEGORIZED,6.85911,7.164048
археолог,4,92.953879225,UNCATEGORIZED,2.9263592,10.272643
модуляция,5,88.05789253,UNCATEGORIZED,7.3342447,4.533635
специфичность,1,73.57848135,UNCATEGORIZED,9.044219,4.5295744
достаточность,1,73.57848135,UNCATEGORIZED,9.240279,4.568191
пощада,1,92.92343591,UNCATEGORIZED,6.692271,5.509691
семенник,2,86.75432517,UNCATEGORIZED,5.3270564,3.1544924
напульсник,4,91.435048165,UNCATEGORIZED,2.26524,3.3916273
мухобойка,6,88.20625562666667,UNCATEGORIZED,3.4328074,4.5626974
гиппокамп,2,83.64813079000001,UNCATEGORIZED,5.54315,2.9406583
бронтозавр,4,88.64453578,UNCATEGORIZED,1.2305846,7.7054634
свирепость,4,84.41620967749999,UNCATEGORIZED,9.598477,5.164987
дикость,3,87.05638156333333,UNCATEGORIZED,9.052772,5.280581
прожектор,5,92.14191609800001,UNCATEGORIZED,3.126654,5.330791
перенос,2,85.538793605,UNCATEGORIZED,7.4051185,6.322751
зверинец,1,92.56238712,UNCATEGORIZED,4.373762,7.105343
рояль,25,88.9974054752,UNCATEGORIZED,4.1436324,7.856616
акр,2,88.673581875,UNCATEGORIZED,4.4837623,4.356718
катод,5,91.77348821000001,UNCATEGORIZED,5.1369195,2.9062476
бойня,3,95.11292426,UNCATEGORIZED,7.0033417,6.349825
злодеяние,1,94.22437873,UNCATEGORIZED,8.667779,6.1623054
парфюмер,1,94.22437873,UNCATEGORIZED,2.7245722,9.755761
фильтр,8,87.993422995,UNCATEGORIZED,2.9293282,5.5103235
канистра,12,86.95508795500001,UNCATEGORIZED,3.1368275,4.2254376
мемориал,2,91.939307835,UNCATEGORIZED,4.718295,6.248701
дротик,6,93.00364733666667,UNCATEGORIZED,1.9018441,4.7081594
дышло,3,91.86367403666667,UNCATEGORIZED,2.3617344,4.5471334
каплун,1,94.03414355,UNCATEGORIZED,-0.1526753,8.03255
длань,9,91.08180735,UNCATEGORIZED,3.6538548,3.786459
чрезвычайность,4,88.2636320025,UNCATEGORIZED,9.599881,4.3564095
миндаль,8,91.85886487375001,UNCATEGORIZED,2.29453,1.4787588
улюлюканье,3,94.48803523,UNCATEGORIZED,5.7764773,5.989733
звено,11,93.73544670000001,UNCATEGORIZED,7.956664,7.487714
скептицизм,1,91.14481256,UNCATEGORIZED,8.518552,4.8205843
недвижимость,5,93.148970612,UNCATEGORIZED,6.8580103,7.656978
меломан,3,93.31365078666666,UNCATEGORIZED,1.8436041,10.057829
сэндвич,1,90.40479591,UNCATEGORIZED,3.0048704,2.1615794
водопровод,9,87.46958718333333,UNCATEGORIZED,3.6590283,5.3948855
розг,1,100.317811,UNCATEGORIZED,5.0747914,3.6101065
выбор,14,89.55419889285714,UNCATEGORIZED,7.4766855,7.173751
мормышка,6,88.40000742833332,UNCATEGORIZED,0.807672,5.002012
черед,1,88.69907929,UNCATEGORIZED,7.854852,7.8621516
угрызение,1,88.69907929,UNCATEGORIZED,9.249406,6.106567
цивилизация,8,88.49856643749999,UNCATEGORIZED,6.1419187,7.390305
дизайнер,1,90.40956956,UNCATEGORIZED,3.0198715,10.031752
громоотвод,4,86.0005100825,UNCATEGORIZED,2.905589,5.457165
гуж,3,82.70556509666666,UNCATEGORIZED,1.1797464,6.581387
жом,4,83.1834411025,UNCATEGORIZED,3.1463273,2.4774718
рожон,1,79.48644673,UNCATEGORIZED,0.641215,9.690835
шурф,3,85.00059440333332,UNCATEGORIZED,0.7240672,7.340858
рейтузы,11,92.96168483909092,UNCATEGORIZED,1.849564,3.430456
предубеждение,9,89.25563260666667,UNCATEGORIZED,8.971346,6.241475
лавка,9,81.16103976111111,UNCATEGORIZED,4.4261303,6.847596
придыхание,1,89.88036188,UNCATEGORIZED,5.8069096,5.535496
капельмейстер,3,88.91248586333334,UNCATEGORIZED,3.3689384,9.712858
трюмо,5,91.688710752,UNCATEGORIZED,2.9728358,4.6686444
кавалерия,1,90.47003978,UNCATEGORIZED,4.994715,8.530811
дезертир,2,90.16041136999999,UNCATEGORIZED,1.6093087,9.888031
хитин,11,87.49303708,UNCATEGORIZED,4.0449147,3.0252826
нафталин,4,89.26230706999999,UNCATEGORIZED,4.604489,2.1726665
перистальтика,6,88.10331997666667,UNCATEGORIZED,7.742904,2.9983945
мятеж,1,94.76457369,UNCATEGORIZED,7.6226444,6.09523
арбитр,7,92.13243024571429,UNCATEGORIZED,3.6475818,8.836719
сальмонелла,6,89.77689707333333,UNCATEGORIZED,6.8206177,2.4874785
пролактин,1,90.92809416,UNCATEGORIZED,5.879863,2.404569
леер,2,91.19802884,UNCATEGORIZED,2.8516393,5.748216
пани,1,90.92809416,UNCATEGORIZED,2.2893171,8.089656
панировка,1,90.92809416,UNCATEGORIZED,3.3531332,2.2242641
кольт,6,91.30608512833334,UNCATEGORIZED,1.766538,5.0454984
рака,1,89.76787427,UNCATEGORIZED,7.7917724,2.813723
маль,1,89.76787427,UNCATEGORIZED,0.25319046,6.419365
кус,3,88.16805204333333,UNCATEGORIZED,2.9055824,2.7197108
чир,1,89.76787427,UNCATEGORIZED,0.7845835,6.293203
меннонит,1,89.76787427,UNCATEGORIZED,6.1780076,3.1348262
приклад,4,75.493926565,UNCATEGORIZED,2.0677655,5.0783753
мол,10,92.064847244,UNCATEGORIZED,8.046462,7.8197846
спидометр,2,91.26839906000001,UNCATEGORIZED,2.6314886,5.762935
закидон,2,95.058692885,UNCATEGORIZED,1.6874229,7.179761
веселость,1,95.13307967,UNCATEGORIZED,9.734001,5.1721373
сатрап,2,82.89290982,UNCATEGORIZED,2.0278409,9.095084
жвала,5,86.35544867,UNCATEGORIZED,4.694009,3.2571537
вербена,4,87.9683880075,UNCATEGORIZED,1.7060174,2.0083544
недоуздок,1,84.71626563,UNCATEGORIZED,2.1466522,4.0400934
ребеночек,1,84.71626563,UNCATEGORIZED,1.9623655,8.430951
копчение,1,96.72605725,UNCATEGORIZED,6.8262568,3.9674935
несамостоятельность,1,91.726679,UNCATEGORIZED,9.244565,4.5367603
полнолуние,6,85.63694202666666,UNCATEGORIZED,7.2775016,8.08984
бзик,2,92.840121275,UNCATEGORIZED,6.8486195,6.5114474
ткач,5,85.382599048,UNCATEGORIZED,2.5530093,9.768807
целеустремленность,4,91.5910105875,UNCATEGORIZED,9.813163,5.249806
комарик,2,84.26534481499999,UNCATEGORIZED,0.41247645,8.12442
кессон,3,82.73834011666666,UNCATEGORIZED,2.7925305,5.4240623
ценообразование,2,87.39462147,UNCATEGORIZED,6.8914213,6.874784
аспирация,1,80.69997246,UNCATEGORIZED,6.737801,3.271597
радиация,24,90.47239358833333,UNCATEGORIZED,6.4779973,3.8537588
весталка,3,89.51907573999999,UNCATEGORIZED,2.0262613,7.811119
доберман,2,79.87548106,UNCATEGORIZED,-0.22537279,8.805702
вандал,3,91.41708803666666,UNCATEGORIZED,1.6936535,8.940562
резь,2,89.69286674,UNCATEGORIZED,8.155775,3.1053112
рикша,1,81.55559453,UNCATEGORIZED,3.224274,7.9939203
чухонец,1,81.55559453,UNCATEGORIZED,1.2951326,8.28569
виогод,1,86.79451262,UNCATEGORIZED,0.48270017,6.567499
хмырь,2,88.808273335,UNCATEGORIZED,1.273653,9.347075
декаданс,4,84.9940029225,UNCATEGORIZED,7.9621572,4.3899055
фасция,9,88.59648659888889,UNCATEGORIZED,5.4308963,3.3464074
петроглиф,6,86.49861585333333,UNCATEGORIZED,7.1143913,4.084445
епископ,28,92.35762634642856,UNCATEGORIZED,2.4304557,9.50487
квинта,8,89.69306660875,UNCATEGORIZED,0.92678684,6.19153
стома,4,85.23039946,UNCATEGORIZED,0.24420467,6.0200014
сквот,1,81.24985043,UNCATEGORIZED,1.4561157,7.564073
мелкота,1,81.24985043,UNCATEGORIZED,5.4475307,8.507497
резкость,1,88.58419024,UNCATEGORIZED,9.619437,4.862782
жандармерия,2,90.91996417,UNCATEGORIZED,5.28992,8.021676
сухомятка,1,88.58419024,UNCATEGORIZED,3.4268298,2.5376647
потомство,6,94.95128912833333,UNCATEGORIZED,2.7890403,2.6400995
мод,2,89.27493788999999,UNCATEGORIZED,-0.0926638,6.637263
гон,8,88.83412951,UNCATEGORIZED,5.472074,5.1077266
жеманство,2,90.98123212,UNCATEGORIZED,8.609581,5.4439025
писарь,3,94.90024327666667,UNCATEGORIZED,2.939261,9.301087
опочивальня,1,98.33123373,UNCATEGORIZED,4.0718713,6.385669
кат,4,74.948853665,UNCATEGORIZED,0.29458052,6.765394
юз,5,89.77531594000001,UNCATEGORIZED,0.8377985,6.7963743
эон,4,85.4378658075,UNCATEGORIZED,7.5588107,4.20335
сак,2,83.082938565,UNCATEGORIZED,0.4620732,6.509819
нут,4,87.0112534325,UNCATEGORIZED,2.493336,1.7400032
подштанники,3,91.18615798666667,UNCATEGORIZED,1.7135153,3.4028192
смешок,1,90.8631475,UNCATEGORIZED,5.7617497,5.9948997
сифилитик,1,90.8631475,UNCATEGORIZED,1.2539032,9.301734
ребячество,1,90.8631475,UNCATEGORIZED,8.79146,5.4916224
восьмерка,5,83.26793715600002,UNCATEGORIZED,5.1911955,8.926638
ростовщичество,2,90.72316495,UNCATEGORIZED,8.146089,5.3027544
миокардит,1,86.94700268,UNCATEGORIZED,7.730576,2.736923
пек,1,78.59252505,UNCATEGORIZED,0.25665766,6.9282417
рожь,11,90.15524031363637,UNCATEGORIZED,2.5258658,2.0697012
тук,1,72.67974734,UNCATEGORIZED,0.060193516,7.787884
кут,1,72.67974734,UNCATEGORIZED,1.1537768,6.864806
цесарка,2,74.956076755,UNCATEGORIZED,0.07824318,7.652037
магнетизм,4,91.1848845675,UNCATEGORIZED,6.4489665,3.98878
паштет,8,87.5588707275,UNCATEGORIZED,3.0437548,1.9682631
дегазация,1,88.45476067,UNCATEGORIZED,6.6370835,3.1973224
свиток,9,93.0103765188889,UNCATEGORIZED,6.008991,7.20694
горн,6,87.64519273499998,UNCATEGORIZED,3.4316413,6.0239515
линь,3,89.55036694,UNCATEGORIZED,0.17508774,6.1702914
гетера,2,88.26601968,UNCATEGORIZED,2.1231155,7.7915273
нахлобучка,1,83.29838819,UNCATEGORIZED,5.1459584,3.5973492
заповедник,5,90.808933544,UNCATEGORIZED,4.417652,6.965273
смыв,4,93.45281990499998,UNCATEGORIZED,4.737853,3.5283804
компартия,1,95.8490617,UNCATEGORIZED,5.654182,8.0406275
коротышка,1,95.8490617,UNCATEGORIZED,1.6384982,8.970376
диабет,3,90.83138987333332,UNCATEGORIZED,7.9209423,2.8062315
блуждание,1,88.34020686,UNCATEGORIZED,7.7041893,5.357893
бесспорность,1,86.14897865,UNCATEGORIZED,9.446453,4.284047
эстонец,2,84.50396853000001,UNCATEGORIZED,1.555958,8.831984
аркада,1,86.14897865,UNCATEGORIZED,4.2572613,5.7699823
милосердие,13,88.73612820384616,UNCATEGORIZED,9.422311,5.9371214
переводчик,20,94.93773697549999,UNCATEGORIZED,3.1998742,10.12367
прививка,3,95.10815112,UNCATEGORIZED,6.604658,3.503632
алтей,1,81.67235686,UNCATEGORIZED,1.8374676,1.7578005
работодатель,1,85.48915547,UNCATEGORIZED,3.6582239,9.642165
коронка,7,90.03105101714286,UNCATEGORIZED,3.3929167,4.1680117
болванчик,1,85.48915547,UNCATEGORIZED,2.0660365,6.479799
полярник,3,90.64828944,UNCATEGORIZED,2.5603824,9.738751
пиетет,4,79.859112955,UNCATEGORIZED,9.45565,6.0947175
истукан,3,86.10107354,UNCATEGORIZED,4.6965146,6.1122966
редут,1,80.48636647,UNCATEGORIZED,4.2600985,6.554531
агглютинация,1,80.48636647,UNCATEGORIZED,6.4610815,2.9885802
обледенение,1,80.48636647,UNCATEGORIZED,7.128017,4.0319176
коллаборационист,4,83.8325850675,UNCATEGORIZED,1.556966,9.55012
седалище,2,93.134832395,UNCATEGORIZED,2.8441164,4.5569215
хутор,4,92.7541222525,UNCATEGORIZED,4.545674,6.953965
крышевание,1,84.69967203,UNCATEGORIZED,8.256623,5.170833
заваривание,1,84.69967203,UNCATEGORIZED,6.589637,3.230045
подсветка,2,90.012250645,UNCATEGORIZED,3.7010987,4.9268203
неестественность,1,84.69967203,UNCATEGORIZED,9.669158,4.420899
омерзение,2,82.92147433,UNCATEGORIZED,9.64517,6.207034
предприниматель,2,92.28785567,UNCATEGORIZED,3.2805448,9.788278
никель,8,86.917399725,UNCATEGORIZED,4.797686,2.400069
казначей,1,93.96573069,UNCATEGORIZED,2.9239202,9.352596
безответственность,4,89.96276483,UNCATEGORIZED,9.345116,5.106161
наркотрафик,1,93.96573069,UNCATEGORIZED,7.7944202,4.67903
змеевик,5,88.980071064,UNCATEGORIZED,4.270629,1.4325932
винодел,2,91.12528711499999,UNCATEGORIZED,2.4671474,9.797177
палеонтолог,6,92.58986722166667,UNCATEGORIZED,2.9143238,10.349424
выручка,6,92.58986722166667,UNCATEGORIZED,7.0068984,7.4173274
фид,1,76.62234048,UNCATEGORIZED,1.3503847,7.233449
стяжка,2,76.37108014500001,UNCATEGORIZED,4.206621,4.09447
коллаген,8,86.4623341875,UNCATEGORIZED,5.412426,2.3132522
курение,14,93.86578518571427,UNCATEGORIZED,8.259989,5.605843
распущенность,2,88.682218365,UNCATEGORIZED,9.390974,4.9392195
канатоходец,1,88.6453887,UNCATEGORIZED,2.4416342,9.399194
соотечественник,1,92.79699289,UNCATEGORIZED,2.290179,8.962703
тщетность,2,95.243871445,UNCATEGORIZED,9.7395935,4.3811393
географ,1,96.61151155,UNCATEGORIZED,2.9237924,10.213251
стойкость,3,93.57840172,UNCATEGORIZED,9.79782,5.474949
отсрочка,1,90.23195827,UNCATEGORIZED,7.238919,6.515484
смотр,4,95.31818637,UNCATEGORIZED,6.5433044,7.6363854
аккредитация,10,89.003848621,UNCATEGORIZED,6.979858,5.2837076
донорство,2,86.580597435,UNCATEGORIZED,7.2862954,4.320024
коллективизация,2,84.66212974,UNCATEGORIZED,7.4507365,5.100729
пулемет,18,89.71668797833334,UNCATEGORIZED,1.9447882,5.230801
угольник,2,90.88250638,UNCATEGORIZED,2.6335795,4.9866633
институт,11,88.52880792727272,UNCATEGORIZED,5.107917,7.5588923
терн,3,90.68405777999999,UNCATEGORIZED,1.9088947,2.1223156
мышеловка,3,92.29783432333335,UNCATEGORIZED,6.661488,6.156856
чемпион,9,92.23933631111112,UNCATEGORIZED,3.3921268,8.968305
висмут,2,88.05491075,UNCATEGORIZED,4.892846,2.3011148
перипатетик,1,95.10548204,UNCATEGORIZED,6.3747044,3.2981079
застенчивость,1,94.00777304,UNCATEGORIZED,9.892291,5.5511904
катакомба,8,91.0640935025,UNCATEGORIZED,4.483028,5.8055854
сульфид,2,86.471174835,UNCATEGORIZED,4.7220435,2.1783488
водонепроницаемость,2,79.77119102500001,UNCATEGORIZED,8.688059,4.232351
фосфат,2,82.22870072,UNCATEGORIZED,4.8009696,2.1872766
неполнота,1,79.26406119,UNCATEGORIZED,9.161535,4.492
лазер,12,85.63713535833334,UNCATEGORIZED,2.590053,5.588485
задание,8,90.1028593975,UNCATEGORIZED,7.8238735,7.492491
отвлеченность,5,91.326977346,UNCATEGORIZED,8.960141,4.467823
склонение,4,91.0983413925,UNCATEGORIZED,6.137192,4.8779116
золотодобыча,1,93.63845386,UNCATEGORIZED,6.694147,3.234922
кожура,3,93.92831484999999,UNCATEGORIZED,3.7482483,3.2653477
пропеллер,6,86.82605383666667,UNCATEGORIZED,2.8770294,5.560595
курсив,4,92.94686357,UNCATEGORIZED,6.2630763,6.8197694
патриот,2,93.53627079500001,UNCATEGORIZED,2.2046373,10.196
дуновение,8,90.0108790725,UNCATEGORIZED,7.7798867,5.8733597
подробность,1,97.54355431,UNCATEGORIZED,7.450087,6.2198415
шхуна,5,91.378693178,UNCATEGORIZED,3.0269468,6.8146286
прогноз,5,90.946658662,UNCATEGORIZED,8.028482,6.753979
смородина,13,75.62417215846152,UNCATEGORIZED,1.7803773,1.5967402
дармоед,3,84.02725454666667,UNCATEGORIZED,0.9994425,9.731089
повторение,3,87.53197631,UNCATEGORIZED,8.094055,6.7432423
беспардонность,3,84.34596085333334,UNCATEGORIZED,9.498468,4.7030478
гальюн,4,87.97193223749998,UNCATEGORIZED,3.71438,6.5057726
эгоизм,4,87.0828551125,UNCATEGORIZED,8.954919,5.2140346
биоинженерия,2,89.79852013499999,UNCATEGORIZED,6.777341,2.8144002
вандализм,4,86.6267341,UNCATEGORIZED,8.391581,5.7198987
парадоксальность,1,86.49731011,UNCATEGORIZED,9.580713,4.4294424
гласность,2,89.895310945,UNCATEGORIZED,8.222869,4.9134393
тетрис,9,89.66148042666666,UNCATEGORIZED,4.303424,8.250013
льдина,6,85.76453014166667,UNCATEGORIZED,3.9261527,5.4731603
данность,3,91.18332054333332,UNCATEGORIZED,8.771202,4.948689
свидание,5,90.087856472,UNCATEGORIZED,7.4990287,7.1506786
порося,1,89.38565311,UNCATEGORIZED,0.04775079,6.2063627
блондин,1,89.38565311,UNCATEGORIZED,1.9096141,8.906041
экспресс,2,88.44197102000001,UNCATEGORIZED,3.6940088,7.4845066
фуршет,4,89.3803301325,UNCATEGORIZED,6.668864,7.1293173
эстафета,6,90.62861117,UNCATEGORIZED,6.7007427,5.949858
колея,6,90.32529661833333,UNCATEGORIZED,4.407633,5.5724363
свинец,15,87.567189158,UNCATEGORIZED,4.578953,2.4977853
узел,13,89.81596265692308,UNCATEGORIZED,2.2784169,3.926322
номенклатура,11,88.56759909272728,UNCATEGORIZED,5.54937,8.170783
рантье,3,89.31383904666666,UNCATEGORIZED,2.160758,9.920572
сайгак,5,93.83587546999999,UNCATEGORIZED,0.2713756,8.5307455
тантра,2,84.56188638,UNCATEGORIZED,6.731626,4.986402
командир,2,92.18178086500001,UNCATEGORIZED,3.4834661,9.06733
буфер,6,93.86738768999999,UNCATEGORIZED,3.2995224,6.0393033
одеколон,7,90.30872312285715,UNCATEGORIZED,3.7862184,2.6743474
люкс,6,89.99404095833331,UNCATEGORIZED,3.821899,6.713676
трансвестит,1,91.5370181,UNCATEGORIZED,1.1813754,9.445065
спряжение,4,94.3061713125,UNCATEGORIZED,6.207778,4.898643
асс,2,88.856663845,UNCATEGORIZED,4.2455444,4.3992467
пенсне,9,89.62308949222222,UNCATEGORIZED,1.869569,3.7018187
рулада,2,92.29415786000001,UNCATEGORIZED,4.113601,4.9046044
бизон,4,87.2357929,UNCATEGORIZED,0.2617256,8.598136
стилет,1,79.49639263,UNCATEGORIZED,1.8519573,4.6640754
склянка,3,92.0688372,UNCATEGORIZED,3.314572,4.1844835
чихуахуа,3,80.02050717333334,UNCATEGORIZED,-0.21667483,8.7404175
конденсация,1,88.16308839,UNCATEGORIZED,7.2608557,4.2146873
шалман,1,89.64070571,UNCATEGORIZED,4.2660756,7.101496
привал,2,93.03490369,UNCATEGORIZED,4.759406,6.8801246
кришнаит,1,101.5341079,UNCATEGORIZED,1.2203709,8.26763
абсолютизм,8,91.96405867875,UNCATEGORIZED,8.144595,4.972954
преднизолон,1,92.93036098,UNCATEGORIZED,4.8319044,1.7840213
поварешка,9,87.76347296333333,UNCATEGORIZED,3.506225,4.364613
эвакуация,10,90.42434162,UNCATEGORIZED,7.122275,5.659149
щи,18,84.65717705444445,UNCATEGORIZED,3.1461506,1.9208708
морщина,3,92.87500217333333,UNCATEGORIZED,4.5413103,4.4114723
полесье,2,96.43345870499999,UNCATEGORIZED,4.665938,6.187962
загадка,8,92.16481844625,UNCATEGORIZED,7.390929,6.323685
прононс,1,96.86798907,UNCATEGORIZED,3.1123765,2.6162002
капельница,8,90.29496854375,UNCATEGORIZED,3.3469315,4.2522116
ноосфера,2,93.25027494,UNCATEGORIZED,6.6541357,4.442978
неприкаянность,1,89.73498645,UNCATEGORIZED,9.343428,4.3842616
конница,1,89.73498645,UNCATEGORIZED,5.0728245,8.475067
сгорание,3,89.81252822666666,UNCATEGORIZED,7.414016,4.150467
фигурка,6,87.48061957833333,UNCATEGORIZED,4.770653,5.233273
биллиард,4,87.778126855,UNCATEGORIZED,4.305074,8.213724
осуждение,3,95.09501003999999,UNCATEGORIZED,8.708786,6.331647
небывальщина,1,87.5036117,UNCATEGORIZED,6.634846,5.4840293
клинок,6,90.12096102666665,UNCATEGORIZED,1.7938555,4.6187134
игривость,2,84.446641825,UNCATEGORIZED,9.670196,4.9121227
кусачки,4,91.2006598225,UNCATEGORIZED,2.2851017,4.7721596
шалость,3,88.94471477666667,UNCATEGORIZED,7.809173,6.0628963
вексель,5,88.39232426999999,UNCATEGORIZED,6.729116,7.6739516
оратор,3,88.22862389666666,UNCATEGORIZED,3.064935,9.665819
тенденция,11,93.62520388818183,UNCATEGORIZED,7.5335345,5.7748127
разряд,3,90.32846470333334,UNCATEGORIZED,3.791257,5.188541
синкопа,13,88.45068389076923,UNCATEGORIZED,2.1510725,6.784005
лазурит,2,83.51458049499999,UNCATEGORIZED,4.2873487,1.3929131
поместье,5,89.40225238800001,UNCATEGORIZED,4.54001,6.7488904
лемми,1,91.1270262,UNCATEGORIZED,0.76961154,7.1230187
замедление,1,86.99183188,UNCATEGORIZED,8.072651,5.820154
примечание,1,86.99183188,UNCATEGORIZED,6.512334,7.039627
плюм,2,86.55085815,UNCATEGORIZED,1.0617245,6.6733837
хлебец,4,71.9423456825,UNCATEGORIZED,3.0042784,2.3999689
бодибилдинг,2,86.910293845,UNCATEGORIZED,6.1782217,5.060584
резервуар,1,83.36935486,UNCATEGORIZED,3.1228435,5.2310057
казначейство,3,90.60710330333332,UNCATEGORIZED,5.7247577,8.006211
телосложение,1,97.1975689,UNCATEGORIZED,8.5666895,5.8526196
отверженность,1,97.1975689,UNCATEGORIZED,9.23963,4.424388
айкидо,3,93.53771590333334,UNCATEGORIZED,3.7756402,8.650108
скальд,1,90.55344596,UNCATEGORIZED,1.9634688,8.810441
активист,2,88.08452659,UNCATEGORIZED,2.5937605,10.00291
остракизм,4,89.9605933375,UNCATEGORIZED,7.9158664,5.646913
канва,3,89.57872434666666,UNCATEGORIZED,6.997238,6.011656
мнемотехника,1,95.76363337,UNCATEGORIZED,6.8338847,4.3125844
разоблачение,2,94.71746845499999,UNCATEGORIZED,8.461996,6.2180247
преемство,1,95.76363337,UNCATEGORIZED,8.4785385,5.068557
официант,3,76.67711854333334,UNCATEGORIZED,2.9767778,8.658892
вобла,7,87.40630981857144,UNCATEGORIZED,0.28977832,5.0982423
крап,2,89.95027186499999,UNCATEGORIZED,1.100627,6.690324
круп,5,89.87013711,UNCATEGORIZED,3.0529594,2.019566
главнокомандующий,1,89.21989656,UNCATEGORIZED,3.590436,8.94974
пилигрим,6,90.16721885166668,UNCATEGORIZED,1.773695,9.414195
сверхразум,1,89.21989656,UNCATEGORIZED,2.6982617,6.6904745
волок,1,91.91709413,UNCATEGORIZED,2.493274,4.1522727
марш,6,91.31755993333333,UNCATEGORIZED,5.5379267,7.379298
скаут,2,87.41684022999999,UNCATEGORIZED,1.1988214,8.486278
паяц,3,89.72122003,UNCATEGORIZED,2.0480106,9.294305
сверка,2,90.566686675,UNCATEGORIZED,6.9766593,5.269987
коала,13,90.38207074307692,UNCATEGORIZED,0.24496646,8.345013
сейс,1,79.92261747,UNCATEGORIZED,0.76965755,6.7934656
великомученица,1,79.92261747,UNCATEGORIZED,1.9331148,7.55489
бдение,2,85.36932865,UNCATEGORIZED,7.747657,6.70234
беседка,2,90.33204363499999,UNCATEGORIZED,4.143744,5.9817057
нечисть,2,91.33613126,UNCATEGORIZED,1.0299698,8.783044
пикач,4,86.881192055,UNCATEGORIZED,1.4732741,7.3325024
столкновение,1,90.72348023,UNCATEGORIZED,8.128255,6.5844445
сатира,5,89.77481688399999,UNCATEGORIZED,6.51822,6.1042547
сканирование,2,93.57828837,UNCATEGORIZED,7.3899965,7.0642066
объятие,7,87.58528985857143,UNCATEGORIZED,8.02951,6.776054
почкование,2,90.965866745,UNCATEGORIZED,7.078594,3.6708663
чуб,6,92.04694905833334,UNCATEGORIZED,2.620573,3.2904687
пеликан,8,91.28668235250001,UNCATEGORIZED,-0.10227496,8.124577
прут,8,88.83699355,UNCATEGORIZED,2.1207023,4.6668696
поворотник,3,89.08728746999999,UNCATEGORIZED,3.0684106,5.6354485
драматург,2,87.445773745,UNCATEGORIZED,3.2723422,10.063483
рейх,1,86.78077326,UNCATEGORIZED,4.492171,8.438555
муфта,9,86.16800929888888,UNCATEGORIZED,1.9872973,3.5059602
прямота,3,94.27969547,UNCATEGORIZED,9.716964,5.1446595
репликация,4,92.008572555,UNCATEGORIZED,7.068555,4.3333163
пигалица,3,92.47916439333333,UNCATEGORIZED,1.7323139,7.899039
горничная,4,92.064396015,UNCATEGORIZED,2.4373212,8.071506
араф,1,97.67498146,UNCATEGORIZED,0.9312607,6.8438215
трой,2,97.99195436,UNCATEGORIZED,0.12692691,6.8831882
беспредел,5,94.86617136800001,UNCATEGORIZED,7.9724474,5.854888
просыпание,1,86.92172181,UNCATEGORIZED,6.551587,3.222047
намаз,7,92.07543573857143,UNCATEGORIZED,6.08238,6.846376
сека,1,90.43884088,UNCATEGORIZED,0.9865962,7.0165114
шкафчик,1,73.5552719,UNCATEGORIZED,2.803482,4.6572514
таинство,4,87.61304413750001,UNCATEGORIZED,8.014237,7.079551
океанология,3,87.81480865333333,UNCATEGORIZED,6.782968,2.794904
этиология,1,91.21824135,UNCATEGORIZED,7.516384,2.756475
постройка,1,91.21824135,UNCATEGORIZED,6.8498344,5.8260283
копилка,8,87.02709083625,UNCATEGORIZED,3.177008,4.6362376
пард,1,94.01017981,UNCATEGORIZED,0.7545544,7.576924
воздаяние,2,93.677973605,UNCATEGORIZED,8.667715,6.585255
констатация,4,91.187885395,UNCATEGORIZED,9.153837,6.091406
тройник,4,88.4298786875,UNCATEGORIZED,0.8607827,5.070666
артист,12,88.997017485,UNCATEGORIZED,3.4229808,9.768829
идеология,8,87.93174153625,UNCATEGORIZED,7.370679,5.6027656
комплимент,5,88.96183288799999,UNCATEGORIZED,8.413989,6.5314937
сенсорика,2,90.40761344,UNCATEGORIZED,7.868183,4.2920423
внушение,2,93.59653993500001,UNCATEGORIZED,8.057178,5.4035206
узурпация,3,89.19037682999999,UNCATEGORIZED,7.4237823,4.7107635
клирик,4,92.40579187,UNCATEGORIZED,2.2326198,9.48342
благополучие,2,88.17492655,UNCATEGORIZED,8.965953,6.008706
самоотверженность,2,80.80083865,UNCATEGORIZED,9.684339,5.52516
мореплавание,2,89.827767595,UNCATEGORIZED,6.490268,4.7168555
интерферон,2,88.27482179,UNCATEGORIZED,5.200952,2.0890815
скульптор,3,95.43714872333332,UNCATEGORIZED,2.997118,10.112411
городище,1,87.73666001,UNCATEGORIZED,4.6019635,6.669573
разрыв,8,87.0205218175,UNCATEGORIZED,7.4995046,6.254937
убранство,2,90.126988015,UNCATEGORIZED,4.7409763,5.3370724
ортодокс,2,91.08222036500001,UNCATEGORIZED,1.7159752,9.820229
шуга,3,83.82568859999999,UNCATEGORIZED,0.84109277,7.0073295
гражданство,4,94.40208279250001,UNCATEGORIZED,6.4927692,7.436868
пескарь,3,86.72770949,UNCATEGORIZED,0.22180451,5.132575
типаж,4,90.2992378175,UNCATEGORIZED,6.609149,5.730842
граф,7,93.63626203428569,UNCATEGORIZED,2.7532566,8.539769
заработок,5,94.80857863,UNCATEGORIZED,7.040839,7.6069326
банда,4,91.57284365999999,UNCATEGORIZED,5.2715654,8.469725
продолжительность,1,94.64209524,UNCATEGORIZED,7.785004,5.2347865
дезориентация,2,78.08127594,UNCATEGORIZED,8.161691,3.4360151
парфюмерия,5,92.176203368,UNCATEGORIZED,4.239323,3.5339828
текстильщик,1,86.99563353,UNCATEGORIZED,5.090901,3.381874
пуск,11,93.3520885290909,UNCATEGORIZED,5.748358,6.5396852
келья,4,89.60010828,UNCATEGORIZED,4.0536947,6.33143
штык,3,89.90774654,UNCATEGORIZED,1.78447,4.8096404
каверна,2,87.06684595,UNCATEGORIZED,4.369932,5.2349057
мандибула,3,85.93239464333332,UNCATEGORIZED,4.66671,3.2896612
игуана,9,89.3350427411111,UNCATEGORIZED,0.37886438,7.9363313
грузоподъемность,1,87.682818,UNCATEGORIZED,5.9062486,5.0550985
гузка,2,92.29734087,UNCATEGORIZED,3.538774,4.0847845
государственность,3,89.71639388333331,UNCATEGORIZED,7.5984535,5.415959
патиссон,4,85.3173095125,UNCATEGORIZED,2.5693107,1.6102494
опрятность,4,90.9397882925,UNCATEGORIZED,9.707903,4.868633
невеста,4,90.16839891250001,UNCATEGORIZED,2.3810675,8.209734
безупречность,2,92.44583374999999,UNCATEGORIZED,9.58965,4.758921
столик,6,67.81238300666666,UNCATEGORIZED,2.8470736,4.6275077
столбик,3,84.56656181,UNCATEGORIZED,3.6332269,5.053011
столбец,2,73.69732235000001,UNCATEGORIZED,6.3509436,6.6316977
кардиолог,4,86.521157725,UNCATEGORIZED,2.7904093,10.361685
продолжение,3,96.91247713,UNCATEGORIZED,7.953702,7.247897
кроватка,1,54.65377868,UNCATEGORIZED,3.287802,4.6297283
жестянка,6,91.04496449833334,UNCATEGORIZED,3.1480143,4.2021465
возрождение,6,90.77883040666666,UNCATEGORIZED,8.324356,6.6143136
экзорцизм,4,87.7915997925,UNCATEGORIZED,8.065365,5.6116877
колокольчик,9,91.3865111211111,UNCATEGORIZED,3.3134134,6.172072
пом,1,88.68325981,UNCATEGORIZED,0.04162698,6.171294
крин,6,84.99103521666667,UNCATEGORIZED,0.52811486,6.987139
пролетарий,2,87.69126178,UNCATEGORIZED,2.1845772,10.061729
старлетка,1,94.12049973,UNCATEGORIZED,5.0951996,3.308486
пушнина,3,88.15452303666666,UNCATEGORIZED,4.22171,2.7337122
паллиатив,5,85.05423358199998,UNCATEGORIZED,6.678803,5.3893085
опора,4,84.65679369000001,UNCATEGORIZED,6.751895,5.821998
вразумление,1,93.88500082,UNCATEGORIZED,8.542745,6.224316
пенсионерка,1,92.25717629,UNCATEGORIZED,2.2717364,7.8685846
метил,7,89.86550733714286,UNCATEGORIZED,1.4325632,9.863023
пропил,2,82.760822435,UNCATEGORIZED,1.1668917,9.699548
гелиотроп,2,92.51513746,UNCATEGORIZED,4.267472,1.3532684
ложе,6,90.79121699833333,UNCATEGORIZED,2.4322345,4.0629764
хандра,1,52.30534488,UNCATEGORIZED,8.516619,3.5875459
липома,2,87.34913159499999,UNCATEGORIZED,1.2889396,7.732879
эстерхазь,2,88.13181202,UNCATEGORIZED,0.6659681,6.7477827
преподаватель,5,85.541947534,UNCATEGORIZED,3.1328697,9.430579
гроздь,5,89.120904054,UNCATEGORIZED,2.0249403,1.7513329
мракобесие,13,88.16849008076923,UNCATEGORIZED,8.558317,5.5051985
сопромат,7,87.47853329857143,UNCATEGORIZED,6.391159,4.502956
боинг,1,90.38151266,UNCATEGORIZED,3.2287605,7.210685
менструация,7,91.4590243957143,UNCATEGORIZED,7.7688375,3.353396
сквозняк,3,85.56534744333334,UNCATEGORIZED,5.34957,4.6595016
отжимание,3,93.48155731333333,UNCATEGORIZED,5.6911354,5.3587685
отчуждение,5,86.670611706,UNCATEGORIZED,8.853416,6.209318
отстраненность,4,83.55151933500001,UNCATEGORIZED,9.688707,5.1650944
панацея,6,89.91615461333333,UNCATEGORIZED,4.5726414,2.0242062
примерка,2,93.0025071,UNCATEGORIZED,6.4267535,5.977611
божественность,2,86.06034790999999,UNCATEGORIZED,9.064442,5.1889915
адаптация,7,90.83569957714285,UNCATEGORIZED,7.4400864,4.8888054
градиент,8,87.15853693,UNCATEGORIZED,7.1867933,5.9062448
прощение,5,90.128582712,UNCATEGORIZED,8.733063,6.6951056
помпон,5,90.665617604,UNCATEGORIZED,0.86068916,7.963062
пробуждение,1,92.29677505,UNCATEGORIZED,8.372968,6.7771683
утонченность,1,93.39526781,UNCATEGORIZED,9.676424,4.7585845
капсюль,2,82.07349348,UNCATEGORIZED,2.2023659,5.306587
гамбургер,1,79.81655784,UNCATEGORIZED,2.9833302,2.1710227
эголь,4,86.0715404,UNCATEGORIZED,0.6614243,6.79866
вредность,2,89.96046208,UNCATEGORIZED,9.628455,4.7666497
кандалы,6,92.61306698666665,UNCATEGORIZED,2.584721,4.2751813
крекинг,3,87.33651803333333,UNCATEGORIZED,6.469639,3.15071
майорк,1,85.68634318,UNCATEGORIZED,1.59131,6.6275268
лавр,4,89.96301809500001,UNCATEGORIZED,1.7111263,2.09596
баталия,1,83.16818046,UNCATEGORIZED,6.977504,6.2661557
суши,10,91.144586834,UNCATEGORIZED,4.742434,5.968463
аденоид,7,91.92575175142858,UNCATEGORIZED,7.7953343,2.4924726
мохер,3,85.24268419666667,UNCATEGORIZED,4.0215054,2.9032462
бандана,1,90.55739076,UNCATEGORIZED,1.889458,3.4644144
волнение,5,91.286452884,UNCATEGORIZED,9.521706,6.289546
позвонок,3,81.57267056,UNCATEGORIZED,4.432062,3.698364
скарабей,6,87.98979860000001,UNCATEGORIZED,0.40911472,7.987938
варка,6,84.70941191166666,UNCATEGORIZED,6.5056105,3.6346323
храп,11,90.46639803727273,UNCATEGORIZED,5.774463,5.9595027
остов,2,89.62860502000001,UNCATEGORIZED,4.165155,5.529856
уникум,5,88.27223640399998,UNCATEGORIZED,1.4865904,9.913673
бомж,8,88.1896741825,UNCATEGORIZED,1.5023609,9.686852
аватар,6,89.15162578,UNCATEGORIZED,1.5858984,8.704912
воспоминание,6,89.25100935333334,UNCATEGORIZED,8.703607,6.862871
откровение,6,93.53438091833334,UNCATEGORIZED,8.172463,6.785327
элек,2,91.49741944499999,UNCATEGORIZED,1.4477638,7.0901837
хват,3,91.01372932333334,UNCATEGORIZED,1.6730956,9.231582
непотребство,3,87.31676798333335,UNCATEGORIZED,8.649864,5.706649
перигелий,1,89.83766755,UNCATEGORIZED,5.9690013,4.2980475
запятая,27,89.91749855481478,UNCATEGORIZED,5.5270505,5.0346804
нерпа,6,86.62796193000001,UNCATEGORIZED,0.085266545,8.134909
таможня,4,91.03487429750001,UNCATEGORIZED,5.467595,7.8270335
каталог,4,89.92269366,UNCATEGORIZED,6.223989,7.323816
мельда,1,82.86974927,UNCATEGORIZED,1.4582248,7.0062284
секретарша,1,82.86974927,UNCATEGORIZED,2.5665128,8.055501
локатор,4,86.5819421125,UNCATEGORIZED,2.6656768,5.8414717
цезий,3,87.61058864,UNCATEGORIZED,4.934088,2.2949755
железяка,2,89.44738818,UNCATEGORIZED,2.86345,4.4944367
определение,11,89.34505539363637,UNCATEGORIZED,8.01181,6.8933945
оседлость,1,99.2471893,UNCATEGORIZED,9.059669,4.330505
обеспечение,6,94.40016360666665,UNCATEGORIZED,7.887469,6.6024218
мельник,1,95.17788071,UNCATEGORIZED,2.5096354,9.517073
партия,9,86.1961439611111,UNCATEGORIZED,5.7135262,7.944263
овод,5,86.814827296,UNCATEGORIZED,0.45695236,7.796851
бутоньерка,6,87.20247991000001,UNCATEGORIZED,4.80812,3.3117957
погром,4,92.46034927999999,UNCATEGORIZED,7.4139514,6.4568043
цокот,2,93.07463487499999,UNCATEGORIZED,5.6814218,5.933369
досуг,4,86.047149265,UNCATEGORIZED,8.512603,6.1944942
камамбер,4,92.74757454249999,UNCATEGORIZED,2.909244,1.7859297
половодье,3,91.91107511666667,UNCATEGORIZED,5.386099,5.167305
барий,1,95.07816756,UNCATEGORIZED,4.9091268,2.298561
листовка,2,93.106886965,UNCATEGORIZED,6.4355273,7.24905
лоцман,1,93.24743066,UNCATEGORIZED,3.0412362,9.046178
девиз,2,87.75503179500001,UNCATEGORIZED,6.1242685,6.328363
аорта,6,86.11164771166666,UNCATEGORIZED,5.2138104,3.311858
папайя,9,82.86763405111112,UNCATEGORIZED,2.1376002,1.613087
сверкание,2,94.137935795,UNCATEGORIZED,5.007031,4.6524467
милиционер,7,88.54239092857144,UNCATEGORIZED,3.0494194,9.205513
линька,3,93.94782126666666,UNCATEGORIZED,7.8680654,3.237988
жандарм,5,92.511138738,UNCATEGORIZED,3.085054,9.191495
свечение,7,93.98830380142856,UNCATEGORIZED,4.9172173,4.6617026
колючка,7,88.77809485571427,UNCATEGORIZED,2.676218,3.5851512
циновка,1,94.21682092,UNCATEGORIZED,3.0224617,3.9302552
хлорелла,2,94.00063365,UNCATEGORIZED,2.140245,2.6665812
аммонит,4,88.2367118575,UNCATEGORIZED,1.6395673,6.0516376
безразличие,2,88.13927484999999,UNCATEGORIZED,9.58369,6.108105
наст,5,91.65571315199999,UNCATEGORIZED,3.2608523,10.152146
арабеск,5,93.86495545,UNCATEGORIZED,6.036327,4.5401955
амнистия,4,90.49250161,UNCATEGORIZED,7.074665,5.467728
аппартамент,2,92.73829822,UNCATEGORIZED,4.537158,3.4347827
бескозырка,3,83.42458537666667,UNCATEGORIZED,1.8073815,3.3939178
чистотел,5,88.13527416400001,UNCATEGORIZED,1.8958114,1.8971697
торба,5,89.933992334,UNCATEGORIZED,2.7304988,4.05957
скерцо,2,93.61563086999999,UNCATEGORIZED,5.5770807,6.963047
розжиг,3,94.56049743999999,UNCATEGORIZED,6.5631595,3.162903
аномалия,6,88.00369241666665,UNCATEGORIZED,7.339743,3.7168891
абордаж,5,88.83996465800001,UNCATEGORIZED,3.060314,7.129801
диктор,1,89.06707533,UNCATEGORIZED,3.2533991,6.1995044
инкассация,2,84.7655932,UNCATEGORIZED,6.593206,3.276734
созыв,1,89.06707533,UNCATEGORIZED,6.0189376,7.9986067
мирра,3,87.31568667,UNCATEGORIZED,1.7561789,1.8903095
пыльник,1,96.90247908,UNCATEGORIZED,1.5772707,3.6994116
иммиграция,8,92.2241068875,UNCATEGORIZED,7.3949647,5.3017774
изобретательность,2,93.3435316,UNCATEGORIZED,9.789656,5.2974787
бронь,3,85.91576510333334,UNCATEGORIZED,1.9853561,4.0405574
диск,14,89.6975628242857,UNCATEGORIZED,3.2115514,5.5920715
тетива,3,88.26256344666666,UNCATEGORIZED,2.2743952,4.6154613
сода,6,85.899619315,UNCATEGORIZED,2.8681324,1.5229018
подсудность,2,82.66029574000001,UNCATEGORIZED,8.848308,5.2665296
петунья,5,87.54488115400001,UNCATEGORIZED,0.8212592,6.6546454
фрагментация,2,92.12660284,UNCATEGORIZED,7.3773017,4.5179033
адрон,1,89.16006065,UNCATEGORIZED,0.7412142,6.999644
норадреналин,1,89.16006065,UNCATEGORIZED,5.87599,2.4134405
фальцет,5,90.91794265799999,UNCATEGORIZED,5.508884,6.588148
фразеологизм,17,89.08822574588237,UNCATEGORIZED,6.5441937,4.793041
близнец,3,89.74687325000001,UNCATEGORIZED,1.8759544,8.718807
землечерпалка,1,80.37387017,UNCATEGORIZED,3.3677227,5.4064302
получатель,1,94.9402709,UNCATEGORIZED,3.5143366,9.556481
пемза,5,87.81289638799998,UNCATEGORIZED,4.1505685,2.8444297
негатив,5,90.12020353599999,UNCATEGORIZED,8.003077,5.674169
ротонда,6,87.14931837500001,UNCATEGORIZED,4.256094,6.0205913
рокот,4,92.10800159249999,UNCATEGORIZED,5.7015023,5.9179864
малахит,3,83.57068805,UNCATEGORIZED,4.2780037,1.4066819
бюстгалтер,3,93.08483497333333,UNCATEGORIZED,1.9417614,3.8161669
птичник,1,77.73232872,UNCATEGORIZED,3.8880687,6.772852
избушка,6,89.37173211666668,UNCATEGORIZED,4.228217,6.5012774
красавица,4,90.9260000775,UNCATEGORIZED,2.1426916,8.084042
скопидом,2,81.322096085,UNCATEGORIZED,1.1436226,9.279285
глеф,1,92.21349729,UNCATEGORIZED,2.1729493,4.6034408
ямка,1,89.40062052,UNCATEGORIZED,4.384458,4.997797
логистика,5,89.25413200199999,UNCATEGORIZED,6.710213,4.5913744
виртуальность,4,87.957716475,UNCATEGORIZED,2.7877378,6.5899625
вельбот,1,90.08194899,UNCATEGORIZED,2.9180954,6.8629375
суматоха,6,87.23061969166666,UNCATEGORIZED,6.8900847,6.0372896
провокация,10,90.814918086,UNCATEGORIZED,7.227511,5.9746137
требовательность,2,90.95746832,UNCATEGORIZED,9.769168,5.132896
мангал,7,87.07691235285714,UNCATEGORIZED,3.168363,4.6857543
шикс,2,77.64793406999999,UNCATEGORIZED,2.1413655,7.120855
феминизм,15,91.77027109666668,UNCATEGORIZED,8.094633,4.886409
эксгибиционизм,7,90.40236692285715,UNCATEGORIZED,8.198213,4.6470547
излучина,6,87.08811870833334,UNCATEGORIZED,4.463865,5.5161347
главенство,2,87.05831732,UNCATEGORIZED,8.668906,6.396695
безудержность,3,85.98958002,UNCATEGORIZED,9.296659,4.3940477
розмарин,5,84.633368308,UNCATEGORIZED,1.8864106,1.7054664
щедрость,5,88.97557476800002,UNCATEGORIZED,9.721593,5.5150023
обороноспособность,9,90.49298367444443,UNCATEGORIZED,8.994674,5.0819697
бородавка,8,91.03977724875,UNCATEGORIZED,4.8022513,4.2280655
мезон,4,89.21249208750001,UNCATEGORIZED,1.0372239,6.407689
супер,3,86.16788066333334,UNCATEGORIZED,1.625924,8.52784
броненосец,8,88.99802113375,UNCATEGORIZED,3.0561514,7.227156
матрос,14,89.26464959857142,UNCATEGORIZED,3.2112243,9.141064
безмолвие,2,95.083960445,UNCATEGORIZED,9.239477,5.90718
гонорар,1,95.90782776,UNCATEGORIZED,6.827555,7.8427258
промозглость,2,94.69728146,UNCATEGORIZED,5.418515,4.0832815
блеф,2,88.55064465000001,UNCATEGORIZED,7.7615814,5.8416715
сырник,6,88.39262680666667,UNCATEGORIZED,2.9924445,2.6659846
электромагнетизм,1,88.48780178,UNCATEGORIZED,5.655931,3.1725616
пошлость,3,92.64960269000001,UNCATEGORIZED,9.181407,5.083428
проигрыш,1,95.18490797,UNCATEGORIZED,7.0402694,7.349278
медалист,1,88.83858978,UNCATEGORIZED,2.3263512,8.394539
кузен,1,80.86325897,UNCATEGORIZED,2.5302806,8.522166
препона,1,80.86325897,UNCATEGORIZED,5.8546033,5.1636677
инсинуация,4,87.886594505,UNCATEGORIZED,6.9618225,5.620877
праведник,1,80.86325897,UNCATEGORIZED,1.9971423,9.782084
достаток,4,88.817190295,UNCATEGORIZED,9.074737,5.972176
коагуляция,6,89.04630042000001,UNCATEGORIZED,7.126013,4.179979
каземат,3,82.82909757666667,UNCATEGORIZED,3.9877474,6.3683047
клок,7,87.35765607285714,UNCATEGORIZED,2.737361,3.254256
шпон,3,87.03568435,UNCATEGORIZED,4.2181177,3.0213056
клюка,3,84.19497609666666,UNCATEGORIZED,3.0763922,4.400698
болванка,3,92.61121906,UNCATEGORIZED,2.6624227,4.916615
музыкант,4,82.98490672999999,UNCATEGORIZED,3.391921,9.7351675
правоведение,1,81.79255332,UNCATEGORIZED,6.760812,4.655324
травести,2,95.787997065,UNCATEGORIZED,3.3366044,9.792731
подача,3,92.13276303666667,UNCATEGORIZED,6.7630095,5.738265
школьница,1,84.78663304,UNCATEGORIZED,2.274589,8.367973
властолюбие,1,84.78663304,UNCATEGORIZED,9.320869,5.400854
развлечение,6,83.94634518333334,UNCATEGORIZED,8.436405,6.0666614
обличение,2,93.710837345,UNCATEGORIZED,8.604234,6.2106204
трансмиттер,1,96.01214037,UNCATEGORIZED,2.2469327,6.3364067
преступность,1,76.83192111,UNCATEGORIZED,8.276457,5.3102603
халатность,5,90.57203368200001,UNCATEGORIZED,9.343452,5.2702355
правозащитник,1,76.83192111,UNCATEGORIZED,2.8853278,10.16116
жетон,3,87.01753702,UNCATEGORIZED,4.0714426,5.038844
лимузин,6,85.21726260166666,UNCATEGORIZED,3.3708844,7.6521993
каберне,1,93.06653654,UNCATEGORIZED,3.3193746,1.5599631
гамма,17,89.35277723352941,UNCATEGORIZED,2.2008655,6.7384944
шкипер,3,91.27214955,UNCATEGORIZED,3.149554,9.059334
купон,1,90.11378346,UNCATEGORIZED,6.3836293,7.7089624
коровник,1,90.11378346,UNCATEGORIZED,3.852772,6.6994205
оголовье,2,94.61874018,UNCATEGORIZED,2.3161986,4.1298733
этаж,6,88.60707947333333,UNCATEGORIZED,3.9579933,6.230692
оригами,12,91.56175205,UNCATEGORIZED,6.2233944,4.571136
лепешка,6,84.45887291000001,UNCATEGORIZED,3.148821,2.4841695
опричник,5,85.004719698,UNCATEGORIZED,1.9158441,9.229563
колок,2,82.230469035,UNCATEGORIZED,3.9817846,5.605572
накопитель,2,89.20963416000001,UNCATEGORIZED,2.941388,5.805634
духовник,1,92.78713207,UNCATEGORIZED,2.4103992,9.532061
турник,5,88.44186862400001,UNCATEGORIZED,3.2824168,5.7597203
стрелка,15,89.941820386,UNCATEGORIZED,2.6086004,5.7698407
халабуд,1,82.89746997,UNCATEGORIZED,1.9608643,6.896599
комбикорм,1,82.89746997,UNCATEGORIZED,3.2429373,2.3829532
гностик,1,82.89746997,UNCATEGORIZED,1.6844236,10.079116
пестун,1,82.89746997,UNCATEGORIZED,1.397393,7.8668385
генофонд,1,93.88519108,UNCATEGORIZED,6.561054,3.898805
трофей,3,90.44087800333334,UNCATEGORIZED,6.0282717,6.7589173
экзальтация,4,93.718221385,UNCATEGORIZED,9.530095,4.7984114
повозка,5,89.032347298,UNCATEGORIZED,3.251548,7.859787
челядь,23,100.25035116869567,UNCATEGORIZED,5.2688894,8.439432
писанина,1,91.27003547,UNCATEGORIZED,6.6665053,5.643574
тотем,3,90.3246677,UNCATEGORIZED,7.85055,5.058859
изобилие,2,87.75968727,UNCATEGORIZED,8.960117,6.035874
гинеколог,8,91.6181889675,UNCATEGORIZED,2.7686315,10.344064
эндометриоз,2,88.9552044,UNCATEGORIZED,7.5730023,2.7267709
знамя,7,92.1222229957143,UNCATEGORIZED,1.4689864,4.4153624
твердь,3,94.55844777666668,UNCATEGORIZED,4.862484,5.1605077
латиница,2,91.44965418000001,UNCATEGORIZED,6.1904216,4.6590996
свояк,6,90.98345433166666,UNCATEGORIZED,2.281061,8.535307
ожидание,5,91.234252354,UNCATEGORIZED,9.347182,6.2472167
творожок,1,93.00985405,UNCATEGORIZED,3.0403273,1.9665259
обеднение,2,88.041488955,UNCATEGORIZED,8.254449,5.740848
компьютеризация,1,84.12116722,UNCATEGORIZED,7.386411,4.822258
формальность,3,89.45308339,UNCATEGORIZED,6.9706864,5.570131
нейтральность,1,93.9634695,UNCATEGORIZED,9.392188,4.675067
фант,1,94.25518035,UNCATEGORIZED,1.3040241,6.6140122
раскованность,2,94.62816800499999,UNCATEGORIZED,9.541333,4.9073815
дакини,1,92.45952879,UNCATEGORIZED,1.1191281,6.832327
принятие,4,93.76183657249999,UNCATEGORIZED,8.14014,6.708319
терроризм,3,89.52266378333333,UNCATEGORIZED,8.236661,5.2877555
гробница,7,92.94708018142857,UNCATEGORIZED,4.67174,6.089009
максимализм,7,91.1158478842857,UNCATEGORIZED,8.452238,4.8397655
эрудиция,11,88.32624727272727,UNCATEGORIZED,9.471195,5.2318063
стройность,1,88.0578903,UNCATEGORIZED,9.587963,4.855842
имитация,7,89.09181521000001,UNCATEGORIZED,7.127168,5.725156
россиянин,1,93.16963697,UNCATEGORIZED,2.0817864,9.877427
хлорка,4,92.2018583025,UNCATEGORIZED,4.482493,2.4171462
название,1,90.82386379,UNCATEGORIZED,6.7111435,6.4950657
полифония,3,91.93930032000002,UNCATEGORIZED,7.201514,4.5195208
чибис,3,94.45282786333333,UNCATEGORIZED,0.5276716,7.3006725
аплодисменты,8,91.9638858925,UNCATEGORIZED,5.9307165,6.434878
задвижка,4,92.1193760725,UNCATEGORIZED,3.6058476,4.756091
стык,2,91.126869075,UNCATEGORIZED,3.7446575,5.5983024
бусы,7,87.66505357857143,UNCATEGORIZED,3.2418628,3.553367
неприкосновенность,3,92.32921781,UNCATEGORIZED,9.181496,5.035159
перышко,1,94.2259656,UNCATEGORIZED,3.4513168,4.132503
фашист,4,89.5200673725,UNCATEGORIZED,1.8269393,9.776477
плюмбум,4,89.07349909,UNCATEGORIZED,0.96848834,7.0929585
метрополия,1,83.2521902,UNCATEGORIZED,5.29896,7.409405
поддон,2,86.431582565,UNCATEGORIZED,2.8522756,4.935447
крачка,3,83.48317927,UNCATEGORIZED,0.05299071,7.999032
кудряшка,3,90.99963036333334,UNCATEGORIZED,0.70572954,6.8414965
шероховатость,4,87.010776565,UNCATEGORIZED,9.388496,4.1245894
водевиль,3,89.47266935,UNCATEGORIZED,5.8060913,7.1100845
фрахт,3,92.24403728,UNCATEGORIZED,6.905084,7.372996
штифт,4,88.9680292725,UNCATEGORIZED,2.781974,5.175365
задумчивость,6,90.94274123500001,UNCATEGORIZED,9.810568,5.740031
кооперация,4,91.70311228,UNCATEGORIZED,7.5502644,5.0655065
сонм,1,85.49153337,UNCATEGORIZED,4.8430977,6.090492
пилинг,3,87.12269502,UNCATEGORIZED,6.353473,3.8307147
паутина,10,89.31627070699999,UNCATEGORIZED,3.76658,4.151714
землемер,2,88.15003663499999,UNCATEGORIZED,2.8056011,9.608075
подпруга,3,92.02687546333333,UNCATEGORIZED,2.4151564,3.8683043
фурия,2,88.616260105,UNCATEGORIZED,0.31029645,8.476664
фугас,1,83.15208116,UNCATEGORIZED,2.0536394,5.415748
фундук,2,88.19152352,UNCATEGORIZED,2.289772,1.5679349
серафим,13,94.18010560307695,UNCATEGORIZED,2.2695737,9.577187
цикламен,4,91.48582214999999,UNCATEGORIZED,1.7927942,2.0208092
каста,9,90.52125242,UNCATEGORIZED,5.596284,8.068601
ветчина,7,82.46474033000001,UNCATEGORIZED,2.941515,2.053163
дальнозоркость,4,93.9149402025,UNCATEGORIZED,8.139938,3.0840912
смог,15,92.26795447133333,UNCATEGORIZED,8.113615,7.663123
шурин,4,92.2790436575,UNCATEGORIZED,2.37575,8.616351
владелец,2,92.52621406,UNCATEGORIZED,3.2007873,9.550578
авторизация,4,91.66943341499999,UNCATEGORIZED,7.1063943,4.5223904
гугл,3,91.561015,UNCATEGORIZED,3.141545,6.3991036
пехота,4,86.95730150749999,UNCATEGORIZED,5.0350165,8.465649
регуляция,1,86.47846386,UNCATEGORIZED,7.4590244,4.3626885
спецодежда,1,86.47846386,UNCATEGORIZED,4.322792,3.683894
камарилья,1,84.05651161,UNCATEGORIZED,5.46527,8.109557
безвкусие,1,84.05651161,UNCATEGORIZED,8.385639,5.081847
скелетон,2,81.531453475,UNCATEGORIZED,1.4296772,7.318814
декомпрессия,1,88.76242927,UNCATEGORIZED,7.00503,4.2217603
издержка,1,88.76242927,UNCATEGORIZED,7.22791,7.2331066
кормление,2,92.37573483,UNCATEGORIZED,7.3104796,3.7445107
мумие,4,93.04586759,UNCATEGORIZED,4.056759,2.0020676
фок,5,90.24303976,UNCATEGORIZED,2.9664288,6.234747
обожание,6,94.35861177833334,UNCATEGORIZED,9.466509,6.191192
авторство,2,90.822431815,UNCATEGORIZED,8.38162,6.537902
гвалт,1,91.2623771,UNCATEGORIZED,6.1059446,6.055237
дюна,4,90.7949154625,UNCATEGORIZED,4.6421514,5.4303393
воздействие,1,93.31677441,UNCATEGORIZED,8.289377,6.7061396
вырождение,1,93.49885489,UNCATEGORIZED,8.110428,5.476526
космопорт,1,90.45349632,UNCATEGORIZED,3.9045742,7.0935974
проводка,4,87.5373509975,UNCATEGORIZED,6.000713,4.3495164
опция,3,92.05690438333333,UNCATEGORIZED,3.2943544,5.993957
исключительность,4,91.7131427,UNCATEGORIZED,9.219839,5.011416
мгла,10,87.112221748,UNCATEGORIZED,5.23435,4.6457705
штопка,1,94.65680437,UNCATEGORIZED,6.6135845,4.902744
окапи,4,91.5081482175,UNCATEGORIZED,0.30856103,8.519261
перископ,5,89.83224787600001,UNCATEGORIZED,2.942131,6.1701946
сонливость,7,92.34161285,UNCATEGORIZED,8.557798,3.55293
сказитель,1,95.43096642,UNCATEGORIZED,2.3246155,9.510437
жужжание,4,89.49024286000001,UNCATEGORIZED,5.7186427,5.8657846
первенство,1,84.23559593,UNCATEGORIZED,8.609623,6.5042453
судостроение,3,89.90198517666666,UNCATEGORIZED,6.371849,4.711902
спектроскопия,1,89.74298293,UNCATEGORIZED,6.788045,2.889121
сионист,1,86.45622983,UNCATEGORIZED,2.0639973,10.090346
продвижение,1,86.45622983,UNCATEGORIZED,7.8239527,6.770544
водонос,2,85.519703165,UNCATEGORIZED,1.4785216,8.634182
вывеска,2,86.48894131,UNCATEGORIZED,4.806527,6.242435
неизбежность,1,95.52418165,UNCATEGORIZED,9.190488,4.8080716
салон,4,82.800379125,UNCATEGORIZED,3.5538695,6.8825526
рейс,2,87.610420835,UNCATEGORIZED,5.539885,6.7680326
машинист,4,92.5839481375,UNCATEGORIZED,3.3146212,8.329239
думка,1,79.89428156,UNCATEGORIZED,-0.3555854,5.79575
га,3,85.47864662,UNCATEGORIZED,-0.025793478,6.112706
ролл,8,89.23276146625,UNCATEGORIZED,0.999135,6.7216763
педантичность,2,94.317051265,UNCATEGORIZED,9.847312,4.962123
демонстрация,10,90.37151351,UNCATEGORIZED,6.994657,6.1384344
лимит,4,93.34170900749999,UNCATEGORIZED,5.5005546,6.817751
бездарность,4,88.70325168000001,UNCATEGORIZED,9.352067,4.9860816
вирусология,2,91.477038875,UNCATEGORIZED,6.7955737,2.8074138
ветеринар,2,95.85050032000001,UNCATEGORIZED,2.9015431,9.893373
подлокотник,9,88.27825871555557,UNCATEGORIZED,3.128948,4.8300633
малинник,2,91.050563355,UNCATEGORIZED,2.2135892,2.49723
прострел,3,90.51392345333333,UNCATEGORIZED,8.005494,2.6902535
квазимодо,1,93.43203981,UNCATEGORIZED,1.5923814,9.065204
пластина,3,87.63518751333334,UNCATEGORIZED,3.4578395,4.4864626
пуп,6,88.47558935833332,UNCATEGORIZED,4.529537,3.6072087
василие,1,90.07941553,UNCATEGORIZED,1.3583667,6.9254627
шлепанец,2,90.617326085,UNCATEGORIZED,2.564861,3.762126
тромбоз,3,91.75750096666667,UNCATEGORIZED,7.6921716,2.8719766
напев,1,90.07941553,UNCATEGORIZED,5.752702,6.8717437
пьянство,1,92.48316008,UNCATEGORIZED,8.463851,5.6133604
медведица,3,80.15027516666667,UNCATEGORIZED,-0.030649146,8.50812
пролиферация,1,97.34290773,UNCATEGORIZED,6.4551415,3.0207841
террариум,5,96.831676764,UNCATEGORIZED,4.0954494,6.969787
оператор,6,90.882551235,UNCATEGORIZED,3.3429954,9.5585165
шапочка,2,87.50793809999999,UNCATEGORIZED,1.8442509,3.430407
кюлот,1,80.55501525,UNCATEGORIZED,1.9549078,3.3950648
трусость,8,92.22035066999999,UNCATEGORIZED,9.288101,5.526602
антропогенез,7,90.99148433428572,UNCATEGORIZED,6.8351026,3.386754
дефлектор,1,87.06498153,UNCATEGORIZED,2.5152984,5.916609
склера,2,88.76976035499999,UNCATEGORIZED,8.1171465,2.9078364
профориентация,3,91.43507510666666,UNCATEGORIZED,6.741194,3.1800914
подземка,2,91.308692545,UNCATEGORIZED,4.1349773,6.157144
мародер,6,90.37708080833333,UNCATEGORIZED,1.571712,9.64831
капелька,1,89.68826283,UNCATEGORIZED,4.330958,4.2721095
расставание,1,89.68826283,UNCATEGORIZED,7.881307,6.869672
перси,16,93.94106981624999,UNCATEGORIZED,0.01885515,6.972115
нумизматика,5,88.83134894,UNCATEGORIZED,6.743017,4.7062025
клипса,6,88.78326387499999,UNCATEGORIZED,3.378676,4.7617006
стикер,8,91.0870739525,UNCATEGORIZED,3.9698217,4.5056095
пантомима,6,92.67746699833334,UNCATEGORIZED,6.5039062,5.8696256
маскарад,6,89.90361972833334,UNCATEGORIZED,5.9752445,7.3599243
субкультура,4,87.6591451325,UNCATEGORIZED,7.5775476,4.759796
балык,2,83.95694212000001,UNCATEGORIZED,2.8995743,2.0394802
моська,3,89.55125708666667,UNCATEGORIZED,-0.075531505,8.66533
тон,9,86.60087037444445,UNCATEGORIZED,6.1547456,5.897681
каравелла,8,91.2684701375,UNCATEGORIZED,2.991858,6.835207
подснежник,3,91.84115480999999,UNCATEGORIZED,1.7059833,2.1623106
оперативность,3,92.93242260666666,UNCATEGORIZED,9.764986,5.1769447
егерь,5,89.12522504799999,UNCATEGORIZED,1.9850199,9.212042
мечтатель,2,90.724341195,UNCATEGORIZED,1.5442573,10.179533
армада,1,87.41108309,UNCATEGORIZED,4.7788544,8.340393
зайчатина,1,87.41108309,UNCATEGORIZED,2.8481047,2.033944
странствие,4,93.08863194,UNCATEGORIZED,7.9079986,6.647377
эвкалипт,12,86.6459032825,UNCATEGORIZED,1.8157849,1.7855847
слэнг,1,88.43824495,UNCATEGORIZED,1.4796215,6.856689
подлец,1,94.0416268,UNCATEGORIZED,1.0388446,9.761908
казеин,2,85.48952649,UNCATEGORIZED,5.233848,2.2260046
цепочка,10,89.120798317,UNCATEGORIZED,3.4432387,4.0047183
зародыш,2,85.04641634500001,UNCATEGORIZED,2.4598947,2.405486
соление,4,94.2004369825,UNCATEGORIZED,6.7242465,3.8601515
свинг,2,93.425017465,UNCATEGORIZED,5.0971456,6.907688
суглинок,2,83.84051235999999,UNCATEGORIZED,4.1045403,2.9132988
целлюлоза,3,82.37236900333333,UNCATEGORIZED,5.1900544,2.1266131
маскировка,3,86.91067803,UNCATEGORIZED,7.2375855,5.6378365
щетинка,1,83.82925333,UNCATEGORIZED,3.719085,4.080565
книксен,6,91.80516135166665,UNCATEGORIZED,5.5990863,6.1049333
миокард,6,84.40424645166667,UNCATEGORIZED,5.5241895,3.232997
хлев,7,87.57606608571427,UNCATEGORIZED,3.87571,6.7439747
служка,1,94.53984689,UNCATEGORIZED,2.389272,9.295238
эмби,1,94.53984689,UNCATEGORIZED,1.0097876,7.055218
катализ,2,90.56199954,UNCATEGORIZED,6.6848106,3.7323225
мурена,3,87.19177391333334,UNCATEGORIZED,0.23117255,7.5329
авансцена,4,85.69392480249999,UNCATEGORIZED,3.6302366,5.9103518
буравчик,3,90.28943893333333,UNCATEGORIZED,2.352716,5.141427
гемоглобин,10,83.78871374299999,UNCATEGORIZED,5.627773,2.332938
целлофан,7,92.41480836857144,UNCATEGORIZED,3.405159,3.215606
гармошка,3,88.92719136666666,UNCATEGORIZED,4.0353785,7.9600277
вещание,4,89.3891111475,UNCATEGORIZED,5.0904393,6.9790525
искус,2,85.183848795,UNCATEGORIZED,8.116056,5.374799
омбр,2,87.0804615,UNCATEGORIZED,0.7918248,6.8523164
урна,9,90.73912994777778,UNCATEGORIZED,3.2636342,4.4680877
переоценка,1,91.79111538,UNCATEGORIZED,7.548201,5.116167
кингстон,1,93.99672314,UNCATEGORIZED,2.2874298,6.7881875
предназначение,2,94.76100699,UNCATEGORIZED,8.359036,6.773611
любвеобильность,3,93.15617249,UNCATEGORIZED,9.462551,4.443005
резонер,1,93.99672314,UNCATEGORIZED,1.3599536,9.810664
кобра,9,91.22850372666667,UNCATEGORIZED,0.089907445,8.111939
потроха,4,85.75914641249999,UNCATEGORIZED,3.637853,2.33757
благоговение,3,85.64086391666667,UNCATEGORIZED,9.583143,6.26113
намек,3,94.69418711666667,UNCATEGORIZED,7.9897065,6.7233987
вовлечение,1,88.56083843,UNCATEGORIZED,8.26505,5.905699
подражание,2,92.36156972500001,UNCATEGORIZED,8.353045,6.2234373
жиринк,1,85.78340655,UNCATEGORIZED,4.9627204,3.7498453
кататония,5,86.441468254,UNCATEGORIZED,7.9508247,3.2948155
рык,10,86.67885596699999,UNCATEGORIZED,5.713859,5.931645
фибула,2,83.53961139,UNCATEGORIZED,3.0896475,3.9822838
универмаг,1,87.82444922,UNCATEGORIZED,4.144915,7.1420264
кровообращение,4,92.76823847,UNCATEGORIZED,7.8826375,3.8406863
рубрика,5,88.674480924,UNCATEGORIZED,6.236902,7.0301127
рекомендация,3,92.78624472666667,UNCATEGORIZED,7.042731,6.8573537
либерализм,9,91.20805559777777,UNCATEGORIZED,8.314662,4.884463
маслина,5,91.365022002,UNCATEGORIZED,1.9075302,1.687531
смоль,1,87.45287901,UNCATEGORIZED,3.0970948,3.2838929
маховик,6,90.99666789166666,UNCATEGORIZED,2.8312638,5.5316668
образина,1,88.18708596,UNCATEGORIZED,0.88550234,9.043382
брэнд,1,91.30489378,UNCATEGORIZED,0.16869657,6.871097
блудник,1,91.30489378,UNCATEGORIZED,1.3586141,9.630072
анестезия,5,88.44376846,UNCATEGORIZED,7.3018594,3.3736742
копание,2,93.38087092500001,UNCATEGORIZED,7.673017,5.3763967
домоуправление,1,91.32875642,UNCATEGORIZED,4.669936,7.3258843
документооборот,2,89.51408662,UNCATEGORIZED,7.586408,4.3631597
схватка,3,89.98479943666666,UNCATEGORIZED,6.99876,6.365008
клише,4,88.3259666225,UNCATEGORIZED,7.5988073,5.695434
кокотка,5,90.32000407800001,UNCATEGORIZED,2.1286738,7.526378
асимметрия,5,91.61370367800001,UNCATEGORIZED,8.138992,4.0577655
валик,7,88.09682139285714,UNCATEGORIZED,2.5808141,4.009936
абстрагирование,7,93.30302349285714,UNCATEGORIZED,7.973475,5.8591895
бедлам,1,94.46858558,UNCATEGORIZED,6.970935,6.288668
кладовка,2,91.492660645,UNCATEGORIZED,4.029067,6.3365207
реферат,1,89.36543823,UNCATEGORIZED,6.379814,7.073793
общественность,2,93.45111410999999,UNCATEGORIZED,5.486244,8.018649
белочка,3,82.2469161,UNCATEGORIZED,0.2523982,8.189986
созерцание,5,90.96622960999998,UNCATEGORIZED,8.452686,6.4540777
арба,2,90.464599625,UNCATEGORIZED,3.2716753,7.8075166
ехидна,13,88.85901980076923,UNCATEGORIZED,0.43746102,8.13678
волнорез,6,86.78715533333333,UNCATEGORIZED,3.9294167,6.399748
растрата,3,87.00484170333334,UNCATEGORIZED,7.577936,5.9839654
респиратор,5,85.31097586,UNCATEGORIZED,1.9343925,3.8861644
перебежчик,1,81.79250193,UNCATEGORIZED,1.6583718,9.904762
галлий,1,81.79250193,UNCATEGORIZED,4.940256,2.2768347
байстрюк,2,96.473731555,UNCATEGORIZED,1.0010272,9.088642
властность,1,95.54296101,UNCATEGORIZED,9.792627,5.1643844
барин,5,91.17168052600002,UNCATEGORIZED,2.6104982,8.846483
выкрик,1,96.02480744,UNCATEGORIZED,5.729807,6.05802
хулиганство,1,89.35175739,UNCATEGORIZED,8.418278,5.788605
законность,1,89.35175739,UNCATEGORIZED,9.233241,4.8619
альдебаран,3,91.82453974666667,UNCATEGORIZED,2.0897639,6.825628
нацизм,3,85.75883590333332,UNCATEGORIZED,8.15316,5.009737
коршун,3,90.75449303666666,UNCATEGORIZED,-0.16282746,8.085871
обществознание,4,82.936062025,UNCATEGORIZED,6.8369565,2.9775426
павка,1,95.63992445,UNCATEGORIZED,0.9090354,7.735349
песец,4,89.06027275000001,UNCATEGORIZED,0.0882934,8.354994
боров,3,90.86620739,UNCATEGORIZED,0.23799805,8.748689
морошка,22,91.21345226681818,UNCATEGORIZED,1.7436042,1.5092767
вскрытие,1,100.0382502,UNCATEGORIZED,7.2385178,7.1955986
собибора,1,84.78662148,UNCATEGORIZED,4.406951,2.5224679
настоящее,2,96.069939585,UNCATEGORIZED,8.17829,7.2609153
глобализация,8,91.4632319525,UNCATEGORIZED,7.4252887,4.969347
инициатива,1,91.73185162,UNCATEGORIZED,7.6258206,6.0856395
пшено,11,85.15828097,UNCATEGORIZED,2.618979,1.8065472
младенчество,2,96.40553445500001,UNCATEGORIZED,8.705699,5.594145
координата,6,90.77774551833333,UNCATEGORIZED,6.0953865,4.3336115
главное,1,95.84312562,UNCATEGORIZED,8.111669,7.5954204
берлина,1,92.40541394,UNCATEGORIZED,4.7111855,7.046254
собственник,4,89.471362915,UNCATEGORIZED,3.6551635,9.661382
чип,6,85.53995375,UNCATEGORIZED,2.8142228,6.0150905
альтруизм,9,88.07959071444445,UNCATEGORIZED,8.860691,5.1613994
железка,2,86.70029535,UNCATEGORIZED,2.9435554,4.5063343
зеро,2,89.09181357,UNCATEGORIZED,3.1708753,7.4473486
строительство,11,89.2786623818182,UNCATEGORIZED,7.2316103,6.3027973
пищаль,3,86.50923138,UNCATEGORIZED,1.9493204,4.788619
рукомойник,4,88.1080840525,UNCATEGORIZED,2.7572598,4.637655
разброс,3,90.44384411,UNCATEGORIZED,7.4937825,5.957835
окалина,3,90.71839639333332,UNCATEGORIZED,4.779229,3.603155
чан,4,83.53757241000001,UNCATEGORIZED,0.124817714,6.3087745
раздолбай,1,89.62845165,UNCATEGORIZED,0.862036,9.653068
диалект,8,92.28900752625,UNCATEGORIZED,6.158941,6.135223
инсайт,3,87.96156804666667,UNCATEGORIZED,7.649672,4.54205
гвоздика,10,88.01463130199998,UNCATEGORIZED,2.3750236,1.4416257
огнетушитель,12,89.86434157083333,UNCATEGORIZED,2.3944156,5.2105155
бухучет,3,92.90725469,UNCATEGORIZED,6.7035275,3.288646
макр,1,94.07292033,UNCATEGORIZED,1.2450554,7.1866837
выкройка,8,88.38681875750001,UNCATEGORIZED,4.0249977,4.1101065
кляссер,2,89.60027273,UNCATEGORIZED,2.5555186,5.311557
этика,6,90.26843982333334,UNCATEGORIZED,7.4138494,5.4069533
кастинг,2,90.240050965,UNCATEGORIZED,6.4945173,7.4205327
демпфер,2,94.301763255,UNCATEGORIZED,2.5461044,5.864654
висельник,4,89.9950544825,UNCATEGORIZED,1.0663015,9.740433
мультиварка,9,90.05273605000001,UNCATEGORIZED,6.4755354,4.6569886
сдвиг,1,90.99820762,UNCATEGORIZED,7.194189,6.2119064
пин,3,80.62305391666668,UNCATEGORIZED,0.262361,6.5440245
манера,5,91.870485352,UNCATEGORIZED,6.8626018,5.4769053
начес,1,87.27002414,UNCATEGORIZED,2.715976,3.2965424
джет,1,87.27002414,UNCATEGORIZED,0.43468037,7.0597143
ксилема,5,85.823162096,UNCATEGORIZED,1.3579624,6.742604
узда,3,89.28902240666667,UNCATEGORIZED,2.2323933,3.860826
милость,12,89.13324379,UNCATEGORIZED,9.338104,6.211823
бадминтон,12,89.08373437083334,UNCATEGORIZED,4.25848,8.287593
фура,7,90.04842105142858,UNCATEGORIZED,3.31408,7.803599
вылет,1,90.53502416,UNCATEGORIZED,5.620904,6.674939
сомик,1,90.53502416,UNCATEGORIZED,0.8778796,6.9576964
тора,4,92.57806993,UNCATEGORIZED,0.64981645,6.694726
нарта,2,88.135012375,UNCATEGORIZED,3.1214952,7.8036013
саксаул,1,87.29501621,UNCATEGORIZED,2.0665352,2.3091338
наперстянка,1,87.29501621,UNCATEGORIZED,1.8451654,2.1650186
уховертка,3,90.90866746333334,UNCATEGORIZED,4.6616735,3.3514688
вольнодумство,1,98.02335819,UNCATEGORIZED,8.789036,5.419367
добавление,2,97.03812078499999,UNCATEGORIZED,7.0314956,6.7750864
тамада,2,96.03965138000001,UNCATEGORIZED,2.8710575,8.783781
субъективизм,1,91.1992177,UNCATEGORIZED,8.338427,4.5743794
прок,4,93.209832185,UNCATEGORIZED,7.5657763,6.629052
детальность,1,91.1992177,UNCATEGORIZED,9.206599,4.3650966
окружение,5,87.62456675600001,UNCATEGORIZED,8.1695,6.8622665
хрусталь,46,94.48432595717394,UNCATEGORIZED,4.0940776,2.6744595
ватман,3,91.15778753333335,UNCATEGORIZED,3.0618207,4.1423235
находка,4,91.20319426,UNCATEGORIZED,7.1690335,6.4614577
завязка,1,91.31414344,UNCATEGORIZED,6.6870465,6.5366926
стеклоочиститель,1,91.31414344,UNCATEGORIZED,2.5714269,5.597436
взаимозаменяемость,2,89.33389543,UNCATEGORIZED,8.528774,4.38463
романтизм,8,87.1144740525,UNCATEGORIZED,8.137328,4.414669
пассионарий,3,87.94612279,UNCATEGORIZED,6.169406,2.9777474
выпадение,1,96.19032207,UNCATEGORIZED,8.000192,2.8446403
гонор,4,88.34848179,UNCATEGORIZED,9.439041,5.3040524
поклон,2,94.399458725,UNCATEGORIZED,5.727011,6.1002703
преодоление,3,93.94680948666667,UNCATEGORIZED,8.274944,6.4739347
эполет,3,89.04300182333333,UNCATEGORIZED,1.9045721,3.839508
цикада,4,90.58466615249999,UNCATEGORIZED,-0.0003278007,7.868937
афоризм,7,89.63957341142857,UNCATEGORIZED,6.5087266,6.552221
полимер,17,91.58105215470586,UNCATEGORIZED,4.723901,2.5981073
спекулянт,3,83.61292958666667,UNCATEGORIZED,1.9553407,9.891668
прокариот,2,86.65527095,UNCATEGORIZED,6.139856,2.8685277
муниципалитет,5,90.00128543400001,UNCATEGORIZED,5.386432,7.9521728
лапша,12,89.97923390583334,UNCATEGORIZED,2.8775668,1.8399884
траффик,1,93.86325381,UNCATEGORIZED,7.79892,4.571096
дриблинг,1,92.8763408,UNCATEGORIZED,4.9692397,6.4586797
рубикон,4,93.03304391249999,UNCATEGORIZED,4.1041956,5.639144
тромбоцит,2,95.0290443,UNCATEGORIZED,6.2957706,2.6447947
пудинг,9,87.99334030111112,UNCATEGORIZED,3.150582,1.9666684
дворянин,1,93.79721677,UNCATEGORIZED,2.2580724,9.630667
прямохождение,3,93.58034809333333,UNCATEGORIZED,8.293224,4.4603596
футурология,1,93.79721677,UNCATEGORIZED,6.9348545,4.572979
туба,3,91.84759656,UNCATEGORIZED,3.9887145,7.8543844
глинозем,2,95.077884945,UNCATEGORIZED,4.675303,2.189803
зорька,3,88.26614672333334,UNCATEGORIZED,0.19157487,8.096514
треф,4,92.27541032,UNCATEGORIZED,5.1636534,8.981326
бидж,1,83.06152992,UNCATEGORIZED,0.27778172,6.77858
атония,1,83.06152992,UNCATEGORIZED,7.930116,2.9222388
цапфа,1,83.06152992,UNCATEGORIZED,6.3056216,4.28629
завиток,7,94.68401385428571,UNCATEGORIZED,2.742242,3.3245337
экспозиция,12,92.34317737083335,UNCATEGORIZED,6.175998,6.8952656
катаклизм,7,90.12638339285715,UNCATEGORIZED,5.3820415,5.2179236
дервиш,3,95.17396275666665,UNCATEGORIZED,1.9024686,9.150088
стационар,4,90.72624408499999,UNCATEGORIZED,4.594756,7.1689634
таксист,1,89.16988491,UNCATEGORIZED,3.2790434,8.067782
упаковка,5,88.903705546,UNCATEGORIZED,3.4179513,4.047749
эвакуатор,4,87.893849775,UNCATEGORIZED,3.3280923,7.4032283
сластена,1,94.53919791,UNCATEGORIZED,1.0105335,9.706759
враждебность,3,93.64301124,UNCATEGORIZED,9.771933,5.840653
мозаика,16,89.25906583374999,UNCATEGORIZED,5.2957544,5.399161
бардачок,2,92.76607582,UNCATEGORIZED,2.5967643,4.7664356
форт,9,91.03510940333334,UNCATEGORIZED,4.3206434,6.6060147
приспособление,2,95.36493683500001,UNCATEGORIZED,7.694538,6.4164424
обследование,2,94.45156102499999,UNCATEGORIZED,7.304268,7.138805
логотип,3,89.37673637666667,UNCATEGORIZED,5.3176975,5.503645
ямочка,2,93.06230349,UNCATEGORIZED,4.667065,4.3640027
лузер,3,90.31458743,UNCATEGORIZED,1.1450651,9.802588
анатомичка,1,95.19697025,UNCATEGORIZED,3.554531,5.5811763
шпат,1,81.80594629,UNCATEGORIZED,4.2505136,2.3612897
кунак,1,81.80594629,UNCATEGORIZED,1.8283778,8.51541
комик,2,89.495082465,UNCATEGORIZED,3.2275229,9.890662
велотренажер,2,85.653715695,UNCATEGORIZED,3.4002018,6.32838
знать,1,93.25373183,UNCATEGORIZED,8.168104,7.6811676
округлость,1,93.25373183,UNCATEGORIZED,9.429451,4.2175255
применение,1,93.25373183,UNCATEGORIZED,8.06732,6.621514
гробовщик,3,86.00699949,UNCATEGORIZED,2.5839694,9.845428
туше,3,90.36919924,UNCATEGORIZED,2.9962225,2.0971165
квента,2,90.96931768,UNCATEGORIZED,0.8048496,6.4238477
столп,4,89.96275236,UNCATEGORIZED,3.9339714,5.3996296
последствие,4,91.3788231325,UNCATEGORIZED,7.91938,7.1689935
резак,6,89.91329638666666,UNCATEGORIZED,2.3218148,5.113802
ковчег,1,88.49047551,UNCATEGORIZED,4.642504,6.517128
порт,9,91.82308103777777,UNCATEGORIZED,4.290535,6.8712153
осциллятор,2,92.240828045,UNCATEGORIZED,2.6052742,5.7113724
хронометраж,4,92.98861741,UNCATEGORIZED,6.9083247,7.086498
маршал,2,91.41976835,UNCATEGORIZED,3.4489346,9.067926
властелин,9,91.77920172111111,UNCATEGORIZED,2.291555,9.022138
мочеиспускание,1,90.92847706,UNCATEGORIZED,7.969774,3.2161028
выпуклость,3,90.94560994666666,UNCATEGORIZED,9.410781,4.146402
мотивация,3,88.55113719,UNCATEGORIZED,7.44012,5.420606
импровизатор,1,89.49801992,UNCATEGORIZED,1.7657902,10.077489
диктатор,5,90.827154858,UNCATEGORIZED,2.3844087,9.037485
деградация,10,90.893479014,UNCATEGORIZED,7.647235,5.1010966
рутина,8,90.28249819999999,UNCATEGORIZED,7.022687,5.6313186
якудз,64,94.5285969984375,ABSTRACT,4.851492,8.529514
скриншот,1,90.71803326,UNCATEGORIZED,5.940543,4.8679013
кудесник,3,91.15321068666667,UNCATEGORIZED,2.0294933,9.143678
обелиск,3,94.68120904666667,UNCATEGORIZED,4.731508,6.1907005
пант,2,86.521367675,UNCATEGORIZED,1.1023793,7.0270395
душевность,1,93.99755793,UNCATEGORIZED,9.561011,5.1593924
резус,4,88.56817388750001,UNCATEGORIZED,6.0927134,3.5370095
джекпот,3,91.41139100999999,UNCATEGORIZED,6.326531,7.6215043
опт,1,89.87546462,UNCATEGORIZED,3.9615514,2.7735493
пагуба,2,93.762650025,UNCATEGORIZED,8.747107,5.30243
портал,6,92.96184696833332,UNCATEGORIZED,3.646376,5.8870406
запрет,4,92.87386651250002,UNCATEGORIZED,7.494594,6.871242
хаотичность,1,92.30564029,UNCATEGORIZED,9.295403,4.358534
радикал,3,91.65131628333334,UNCATEGORIZED,2.217819,10.239768
пульпа,6,85.75702027666667,UNCATEGORIZED,4.9685993,3.35595
сверхпроводимость,1,85.97332017,UNCATEGORIZED,6.972736,3.8265398
отребье,3,86.06545906999999,UNCATEGORIZED,5.4956284,8.535719
маскулинность,6,85.827825165,UNCATEGORIZED,8.646652,4.2663484
автономность,1,85.97332017,UNCATEGORIZED,8.980088,4.910698
бесполезность,4,92.486623835,UNCATEGORIZED,9.712466,4.4656944
проблематика,1,93.73041091,UNCATEGORIZED,7.2347164,4.9657164
переплетение,1,93.73041091,UNCATEGORIZED,5.193357,5.6023707
подшерсток,6,90.57286918666667,UNCATEGORIZED,3.9549124,3.439874
кардинал,6,91.80195364166667,UNCATEGORIZED,2.5736554,8.853981
противень,7,90.2144874357143,UNCATEGORIZED,3.1194253,1.8962995
теснота,3,93.33716045666667,UNCATEGORIZED,6.9953136,5.643181
бракосочетание,2,92.140660185,UNCATEGORIZED,7.5695043,7.2664795
агрессор,3,89.09056700333332,UNCATEGORIZED,1.5465295,9.655656
причитание,1,93.78674765,UNCATEGORIZED,5.86655,5.770905
подметка,2,90.764097525,UNCATEGORIZED,3.1702163,3.7841232
вывод,2,90.8384765,UNCATEGORIZED,7.8096795,7.2701745
подстилка,1,79.76850072,UNCATEGORIZED,3.0807655,3.917079
принципиальность,3,91.36732495,UNCATEGORIZED,9.748495,5.1847258
реставрация,6,90.34832043166666,UNCATEGORIZED,7.2799363,5.2624736
атавизм,5,85.472783224,UNCATEGORIZED,7.1670804,5.43195
лизоблюд,4,88.187095435,UNCATEGORIZED,1.3121291,9.478473
летаргия,6,86.9025864,UNCATEGORIZED,7.849349,3.5551784
колбаска,3,86.98775196666666,UNCATEGORIZED,2.9582515,2.1627824
волчок,3,91.08302652000002,UNCATEGORIZED,3.0361078,5.2822533
пристрелка,1,82.45419781,UNCATEGORIZED,6.8686113,5.2096004
центрифуга,7,86.00043827428571,UNCATEGORIZED,3.4491632,5.176145
назначение,3,94.06845071333333,UNCATEGORIZED,8.130471,6.9629354
мартен,1,82.53096254,UNCATEGORIZED,0.6714645,6.862132
пята,2,83.69740825,UNCATEGORIZED,4.5609384,5.057882
декольте,1,89.6489682,UNCATEGORIZED,1.7618445,3.4757893
братан,2,92.80223068000001,UNCATEGORIZED,1.8759886,8.568109
гумно,3,87.27955860000002,UNCATEGORIZED,3.9257252,6.6930027
примитив,1,93.66801455,UNCATEGORIZED,7.550075,5.6303644
стремление,24,92.62235246083333,UNCATEGORIZED,9.253351,6.095534
шлепок,14,91.30514653714286,UNCATEGORIZED,5.3422956,5.9679813
значок,6,90.48335623500002,UNCATEGORIZED,4.053937,4.8788567
оплот,3,92.61816556333333,UNCATEGORIZED,4.3101015,6.3919954
возражение,1,95.48302162,UNCATEGORIZED,8.079241,7.349212
механизм,18,89.85225257555557,UNCATEGORIZED,3.0512366,5.8110538
дебет,3,91.99049790333333,UNCATEGORIZED,6.9508348,7.5427804
чехол,8,86.42574298625001,UNCATEGORIZED,2.3882177,4.3026814
отторжение,19,86.13516294578947,UNCATEGORIZED,8.689101,6.234658
психотип,1,83.09280453,UNCATEGORIZED,6.766222,4.8251305
кутерьма,10,87.31049266299999,UNCATEGORIZED,6.7777424,6.0501375
диполь,2,92.38862921,UNCATEGORIZED,4.9054136,2.922834
сумятица,2,91.686835725,UNCATEGORIZED,6.9523296,5.964061
легион,5,87.81797370000001,UNCATEGORIZED,4.8916416,8.428044
реформация,1,90.98047932,UNCATEGORIZED,7.7336264,5.0834246
конденсат,6,90.42582014666668,UNCATEGORIZED,4.797804,2.400138
гололед,7,89.68436237428571,UNCATEGORIZED,5.4049225,4.586907
геккон,1,99.8292967,UNCATEGORIZED,0.75008774,7.928843
лапник,3,93.76837906333333,UNCATEGORIZED,2.593074,2.8339164
реноме,2,98.383308035,UNCATEGORIZED,8.449965,6.2550564
вояж,3,91.80233621333332,UNCATEGORIZED,5.868134,6.9674454
мастерская,1,88.48855654,UNCATEGORIZED,4.5745916,7.0298815
корчма,3,84.58328544666666,UNCATEGORIZED,4.3380527,6.645915
децибел,8,88.58977656625,UNCATEGORIZED,3.947946,4.986735
схима,4,90.30977043,UNCATEGORIZED,6.7086697,4.313452
отток,1,89.26968923,UNCATEGORIZED,7.689154,5.7994423
цевье,3,89.20197091666667,UNCATEGORIZED,2.0486877,5.09735
диэлектрик,1,80.50591369,UNCATEGORIZED,4.870078,2.8330507
эму,2,85.14261787000001,UNCATEGORIZED,-0.09902247,8.17855
гидрохлорид,5,86.70115574,UNCATEGORIZED,4.7793775,1.8898712
аккуратист,2,85.600497905,UNCATEGORIZED,1.1987522,9.906634
пустотность,1,81.27141641,UNCATEGORIZED,8.665186,4.558534
трефа,3,86.95359585,UNCATEGORIZED,4.0002227,3.9339662
лепка,2,89.700512745,UNCATEGORIZED,5.995077,4.3163853
баль,1,93.08502389,UNCATEGORIZED,0.6462712,6.982832
разгар,1,98.04058463,UNCATEGORIZED,7.345208,8.274522
антиквариат,9,90.4589866188889,UNCATEGORIZED,3.9143877,3.3492568
воздухоплаватель,2,95.63933163499999,UNCATEGORIZED,2.6293314,9.6677685
цинк,11,89.01481335545454,UNCATEGORIZED,4.838382,2.2206643
прохвост,2,91.693610995,UNCATEGORIZED,1.1937914,9.831215
кортикостероид,1,88.20876027,UNCATEGORIZED,6.0450873,2.4004781
презентация,8,92.24353623625001,UNCATEGORIZED,6.759961,6.508875
автоклав,5,87.810569552,UNCATEGORIZED,2.7205849,5.50903
офтальмология,5,90.335514044,UNCATEGORIZED,6.825249,2.8645163
омут,9,90.63001361555555,UNCATEGORIZED,4.8691163,5.282682
попона,3,88.23497565666666,UNCATEGORIZED,2.21953,3.7356594
стекловата,6,89.94676460333334,UNCATEGORIZED,4.335434,3.1511579
беспринципность,2,87.79899241000001,UNCATEGORIZED,9.365492,4.901572
браунинг,2,90.197218875,UNCATEGORIZED,1.7628437,5.0655575
керогаз,3,89.04035095666667,UNCATEGORIZED,1.9434325,6.4116125
проезд,2,88.72485249,UNCATEGORIZED,4.878929,6.5588074
коленопреклонение,1,86.93117054,UNCATEGORIZED,8.162032,5.4425397
восклицание,13,94.19768808461541,UNCATEGORIZED,5.94622,5.919389
суфизм,1,89.92101131,UNCATEGORIZED,7.690029,4.7128196
прощелыга,1,93.32090844,UNCATEGORIZED,1.2027181,9.6989
инка,2,86.33106573,UNCATEGORIZED,1.0095189,7.5307994
бубна,2,90.75586276,UNCATEGORIZED,5.439072,6.6700716
целка,1,85.7341217,UNCATEGORIZED,2.1236746,7.197438
верига,2,90.0438077,UNCATEGORIZED,0.85648274,6.68112
кушетка,5,89.971259758,UNCATEGORIZED,3.263614,4.601249
контрастность,1,84.45587068,UNCATEGORIZED,9.222976,4.398813
каверза,2,83.27856732000001,UNCATEGORIZED,6.509046,5.558475
криптография,7,87.9103291342857,UNCATEGORIZED,6.981803,4.482688
воззвание,2,89.30473835000001,UNCATEGORIZED,7.381231,7.563234
кенар,1,87.64973607,UNCATEGORIZED,0.5851235,7.6278806
секвенция,4,89.88245771500002,UNCATEGORIZED,6.5318475,3.2477016
филистимлянин,1,84.64937697,UNCATEGORIZED,1.1162788,8.148705
выверенность,1,84.64937697,UNCATEGORIZED,9.364133,4.3308377
эмиссия,1,84.64937697,UNCATEGORIZED,7.462811,5.016354
граммофон,2,88.73706841500001,UNCATEGORIZED,3.2179506,6.0608587
чревовещание,1,85.93964144,UNCATEGORIZED,5.516247,4.040737
арена,5,89.59331591,UNCATEGORIZED,4.227867,6.7349916
диагональ,6,87.63945550166666,UNCATEGORIZED,6.1481833,4.4768434
шпана,5,92.60021923,UNCATEGORIZED,5.402672,8.556091
дацан,1,81.41676315,UNCATEGORIZED,3.9902651,6.9221916
арматура,29,89.92717034482757,UNCATEGORIZED,3.7320921,3.8686142
исповедник,1,81.41676315,UNCATEGORIZED,2.3280795,9.74986
камлание,1,81.41676315,UNCATEGORIZED,8.201294,5.5342364
благовоние,5,87.752544058,UNCATEGORIZED,1.9933604,1.7253329
вакханалия,2,88.289605705,UNCATEGORIZED,6.8034062,6.0824556
тоталитаризм,3,82.33864376666666,UNCATEGORIZED,8.144628,4.916797
полузащитник,2,85.18430272,UNCATEGORIZED,3.6348255,8.838297
наледь,4,91.250913555,UNCATEGORIZED,5.1948514,4.4148498
шунт,4,88.2456424775,UNCATEGORIZED,2.6245966,5.8381534
кокарда,2,91.02698506,UNCATEGORIZED,1.9058238,3.5509202
канат,11,91.29773676090907,UNCATEGORIZED,2.523554,5.4445357
будуар,2,90.77051696,UNCATEGORIZED,3.9519596,6.56017
мзда,2,86.478892065,UNCATEGORIZED,8.720512,6.6612144
прачка,4,91.211917745,UNCATEGORIZED,2.2182252,7.779339
ниспровержение,1,82.95008647,UNCATEGORIZED,8.380186,6.0889115
перемет,1,82.95008647,UNCATEGORIZED,0.8764229,5.059534
меланома,2,86.09280304,UNCATEGORIZED,7.4991856,2.7789526
парка,1,92.06935453,UNCATEGORIZED,4.2889824,6.1224837
коптилка,1,92.54837509,UNCATEGORIZED,3.2306342,4.692701
вазон,3,92.16301123666666,UNCATEGORIZED,2.8198,4.9710736
лаконизм,1,82.16720365,UNCATEGORIZED,9.368252,4.504248
шматок,1,82.16720365,UNCATEGORIZED,2.8704712,2.752989
крестец,5,86.483497984,UNCATEGORIZED,4.302173,3.6601982
ботфорт,2,88.98440132,UNCATEGORIZED,2.4359617,3.4933565
ниппель,4,88.476706925,UNCATEGORIZED,2.7042406,5.4174366
архивариус,6,88.23804128166667,UNCATEGORIZED,2.9687586,9.471116
пессимизм,6,91.04282560833333,UNCATEGORIZED,8.596412,4.939077
океанариум,7,89.41698118857143,UNCATEGORIZED,4.1423044,7.063433
креационизм,5,88.699899108,UNCATEGORIZED,8.195768,4.5938973
промилле,1,91.40505298,UNCATEGORIZED,6.0993395,2.5321965
аутист,5,88.07052519,UNCATEGORIZED,1.2341007,9.738388
полон,1,91.40505298,UNCATEGORIZED,4.3835096,6.2198396
успение,6,86.91116318833333,UNCATEGORIZED,7.8431616,7.227086
чушка,3,89.80795303000001,UNCATEGORIZED,2.9465334,3.7235007
окулист,9,89.88202613333333,UNCATEGORIZED,2.7602303,10.385277
фокусировка,1,93.18927303,UNCATEGORIZED,7.089141,4.540185
лыжня,7,90.31849992285711,UNCATEGORIZED,4.4500456,5.5334826
солярис,2,91.82804609499999,UNCATEGORIZED,5.7498884,6.885488
лодчонка,1,92.48710269,UNCATEGORIZED,2.991958,6.819493
первенец,2,92.653581155,UNCATEGORIZED,2.2855842,8.625652
дудник,1,92.41200631,UNCATEGORIZED,1.8351151,1.799894
шизофреник,2,87.94794250000001,UNCATEGORIZED,1.2457448,9.960154
лингам,2,85.21751675,UNCATEGORIZED,4.6590967,3.8816833
ланжерон,3,88.09821879333333,UNCATEGORIZED,0.86211365,6.67996
бестселлер,1,88.3472896,UNCATEGORIZED,5.877146,6.974127
деепричастие,11,89.22520930454546,UNCATEGORIZED,6.1878366,5.318947
плейстоцен,2,93.30956961999999,UNCATEGORIZED,1.590464,6.289324
сколиоз,2,94.106546635,UNCATEGORIZED,7.928972,2.948855
упование,1,92.39487788,UNCATEGORIZED,9.117964,6.127159
готика,5,89.251209526,UNCATEGORIZED,7.940324,4.2882633
замещение,2,90.26482577,UNCATEGORIZED,8.059642,6.0030684
реституция,3,91.68373129999999,UNCATEGORIZED,6.5629067,3.3892198
колдовство,2,92.31995427000001,UNCATEGORIZED,8.148844,5.872284
раса,3,94.09530487,UNCATEGORIZED,5.8391314,7.615933
посредственность,3,89.45027707999999,UNCATEGORIZED,9.378036,4.8357053
домовина,1,95.54360087,UNCATEGORIZED,4.0599113,4.6219034
препарат,6,90.73555023833332,UNCATEGORIZED,4.4773088,1.928255
пегас,2,92.35832893,UNCATEGORIZED,0.50379455,8.413066
модернизация,4,85.8200792325,UNCATEGORIZED,7.4263215,5.3863807
бутафория,1,94.59121895,UNCATEGORIZED,6.4918942,5.6571145
сепсис,3,95.21658366999999,UNCATEGORIZED,7.7296414,2.599596
травля,7,90.87786852428569,UNCATEGORIZED,6.9036217,6.0751257
операнд,2,78.38419696,UNCATEGORIZED,6.0014205,4.079903
фонема,7,79.67673144285716,UNCATEGORIZED,6.8428597,4.594064
варп,3,90.70487642,UNCATEGORIZED,2.763109,6.5832887
мешанина,1,93.8356039,UNCATEGORIZED,6.765565,6.0009484
бахча,2,92.322157415,UNCATEGORIZED,4.0000825,5.9586124
пятнышко,1,93.61988306,UNCATEGORIZED,4.767146,4.6669064
глобула,1,91.07183008,UNCATEGORIZED,5.143675,3.1444697
служанка,1,91.64074471,UNCATEGORIZED,2.4283228,8.0415
образец,1,92.58340545,UNCATEGORIZED,6.6988163,6.705849
пустомеля,4,86.1847546875,UNCATEGORIZED,1.0542791,9.682814
погреб,2,90.55423151,UNCATEGORIZED,3.9026973,6.2856975
листик,6,87.38047918666666,UNCATEGORIZED,2.0341272,8.167643
гнет,4,91.774370795,UNCATEGORIZED,8.178996,5.9800005
чарльстон,2,88.13731643,UNCATEGORIZED,4.8553667,7.6101227
хрущ,3,81.21314744666667,UNCATEGORIZED,0.44612154,7.9181046
благотворительность,3,89.87270258000001,UNCATEGORIZED,9.331459,5.5117526
реструктуризация,7,92.35344504428572,UNCATEGORIZED,7.4630423,4.821007
теодолит,11,91.01128193727274,UNCATEGORIZED,2.4904606,5.5328526
самоотдача,1,89.1367522,UNCATEGORIZED,9.183899,5.009476
занавес,16,87.25776654375,UNCATEGORIZED,5.4847035,6.5227346
песто,2,87.212411495,UNCATEGORIZED,2.965878,1.7400169
антиквар,1,79.22308947,UNCATEGORIZED,2.6431515,9.843058
попкорн,9,87.21486374222224,UNCATEGORIZED,3.174628,1.9317306
взятка,5,89.442843952,UNCATEGORIZED,6.839151,7.3759
демагогия,10,87.06047442799999,UNCATEGORIZED,7.1508727,5.6515493
гестер,1,80.94909253,UNCATEGORIZED,0.61167943,6.6045547
пент,2,84.96490494,UNCATEGORIZED,1.0391723,6.935444
идентичность,7,92.59133288142857,UNCATEGORIZED,8.758474,5.1015415
чара,5,86.688383282,UNCATEGORIZED,0.28241777,6.275743
поверхность,9,90.20355708444444,UNCATEGORIZED,4.670378,4.9605455
вогонь,1,72.50097138,UNCATEGORIZED,-0.19941486,5.8719254
меридиан,14,90.70058875285714,UNCATEGORIZED,6.0399857,4.451105
влияние,6,91.14595581500002,UNCATEGORIZED,8.378131,6.706998
акробатика,3,91.98028304,UNCATEGORIZED,6.4584537,5.2738132
ханжа,1,90.50201963,UNCATEGORIZED,1.0708932,9.742213
гамадрил,3,88.41787546333335,UNCATEGORIZED,0.55497825,8.573029
балабол,4,81.2228255175,UNCATEGORIZED,0.95494556,9.230253
традиционализм,1,85.84419157,UNCATEGORIZED,8.06983,4.528635
брокколи,13,85.35186495153845,UNCATEGORIZED,2.4517782,1.3816278
вкусняшка,4,84.791864805,UNCATEGORIZED,4.345048,2.9990742
рулька,5,91.102277138,UNCATEGORIZED,0.8886862,6.6248703
описание,1,96.83173826,UNCATEGORIZED,7.665468,7.0817704
нектар,5,91.957707304,UNCATEGORIZED,3.7073145,1.8221987
оказия,6,90.70246093166666,UNCATEGORIZED,6.990564,5.937239
зверюга,1,86.43306379,UNCATEGORIZED,0.09722295,8.755573
ограда,6,90.61887067333333,UNCATEGORIZED,4.0707445,5.506993
адекватность,6,89.21007763833332,UNCATEGORIZED,9.197398,4.619483
аттракцион,10,90.85614459600001,UNCATEGORIZED,5.4461584,7.076892
обитель,6,85.97458830333333,UNCATEGORIZED,4.628236,6.4853067
кофеин,2,94.724131395,UNCATEGORIZED,4.6551833,1.808495
палантир,2,88.47313688,UNCATEGORIZED,2.2276971,5.9521112
бандерлог,2,94.465609975,UNCATEGORIZED,1.3386722,7.7092333
мексиканец,1,87.82924214,UNCATEGORIZED,1.6882045,9.095261
забытье,2,91.38395993500001,UNCATEGORIZED,9.041976,6.23926
кагал,1,88.29748149,UNCATEGORIZED,5.8245583,8.204008
обмылок,1,80.49417508,UNCATEGORIZED,2.711585,3.8255537
скромность,8,92.40030324874999,UNCATEGORIZED,9.768427,5.364531
митинг,9,93.40333773777779,UNCATEGORIZED,6.263236,7.844045
скипетр,2,85.18447029000001,UNCATEGORIZED,2.170465,4.268247
мизансцена,8,84.52870739000001,UNCATEGORIZED,6.4808216,5.828968
минея,1,84.60941692,UNCATEGORIZED,6.3164797,5.156509
подземелье,19,91.88076633263158,UNCATEGORIZED,4.3394423,6.2292433
коминтерн,2,91.33123792,UNCATEGORIZED,5.6324987,7.7516427
печенег,4,92.87279036250001,UNCATEGORIZED,1.4563556,8.734941
культиватор,2,88.57636887999999,UNCATEGORIZED,2.5329285,5.6564927
муза,6,87.46416584666667,UNCATEGORIZED,2.3089995,7.831977
шконка,4,83.84907191250001,UNCATEGORIZED,3.4171805,4.6170073
растворение,2,84.06451956999999,UNCATEGORIZED,8.179111,5.960693
метание,2,84.240449415,UNCATEGORIZED,6.592523,5.078087
мода,14,91.00997525142859,UNCATEGORIZED,7.222436,5.783824
зачатие,12,94.06401061083334,UNCATEGORIZED,8.139542,6.7400923
слом,3,89.85041486333334,UNCATEGORIZED,7.450941,5.5722437
столбняк,5,89.870060878,UNCATEGORIZED,8.04928,2.9522002
группировка,4,93.6264222075,UNCATEGORIZED,5.2615614,8.386074
ударник,2,94.66360312,UNCATEGORIZED,3.5896099,9.643328
мыльница,5,90.220823916,UNCATEGORIZED,3.0399642,4.0120707
одиссея,2,94.651665595,UNCATEGORIZED,6.426517,6.4259143
архангел,8,90.55047311125,UNCATEGORIZED,2.0515597,9.374297
шредер,5,92.030600518,UNCATEGORIZED,0.47811943,7.0277824
посох,5,87.385339036,UNCATEGORIZED,2.0536451,4.4519105
ловец,6,95.04003945166666,UNCATEGORIZED,1.7902004,9.562442
ингаляция,6,90.10166926,UNCATEGORIZED,6.438955,3.7023404
формация,3,92.54914131333334,UNCATEGORIZED,7.7979627,4.921765
пухлость,1,92.88090269,UNCATEGORIZED,9.349987,4.076776
купель,10,89.17478271999998,UNCATEGORIZED,3.975789,5.394944
дробность,1,94.65036823,UNCATEGORIZED,9.144626,4.276035
туляремия,12,99.19854820833332,UNCATEGORIZED,6.948797,2.5138686
ароматизатор,4,87.91332918500001,UNCATEGORIZED,4.4498715,2.2437108
эксперт,4,92.2196523025,UNCATEGORIZED,3.0948617,9.815601
реестр,5,93.205096888,UNCATEGORIZED,6.498006,7.371237
половина,2,95.67573014000001,UNCATEGORIZED,6.8983994,8.208825
аспарта,1,96.15994609,UNCATEGORIZED,4.757598,2.121222
тоннаж,1,96.15994609,UNCATEGORIZED,5.9995494,5.1034307
квашня,4,87.38046174,UNCATEGORIZED,3.0714586,4.264616
пропуск,4,88.40030501999999,UNCATEGORIZED,6.5082707,7.593565
кафетерий,2,93.43852229,UNCATEGORIZED,4.0759773,7.1262717
недостаточность,1,92.44342997,UNCATEGORIZED,7.8749623,2.9167852
неординарность,1,92.44342997,UNCATEGORIZED,9.4546795,4.5910187
строптивость,1,92.44342997,UNCATEGORIZED,9.522732,5.352015
субтропики,1,98.19820457,UNCATEGORIZED,4.3515306,3.6757183
серпентарий,1,89.02723086,UNCATEGORIZED,4.1379547,7.1079755
апломб,10,90.78747544500001,UNCATEGORIZED,9.385404,5.330691
перформанс,7,86.49933628,UNCATEGORIZED,6.049246,6.4826527
эпигон,1,82.36947314,UNCATEGORIZED,1.3918769,9.149805
гречиха,2,86.73599734,UNCATEGORIZED,2.4254458,1.952231
заимствование,3,86.6019686,UNCATEGORIZED,8.221609,6.070655
безнравственность,4,94.3382779325,UNCATEGORIZED,9.208966,5.0192127
ноша,2,87.62420605,UNCATEGORIZED,7.7798543,6.024389
алебарда,9,89.1890699988889,UNCATEGORIZED,2.1337674,4.593249
вагант,1,90.67559966,UNCATEGORIZED,0.76277286,6.8100224
миграция,4,90.306342305,UNCATEGORIZED,7.4950476,5.3185544
шлифовка,2,90.54195164000001,UNCATEGORIZED,6.2393265,4.073694
метрополитен,11,90.55050439181818,UNCATEGORIZED,4.8896656,7.232841
штирборт,1,87.11694999,UNCATEGORIZED,3.4839447,5.619067
проплешина,4,91.96596993499999,UNCATEGORIZED,4.35342,4.732503
гусыня,4,89.419574375,UNCATEGORIZED,0.20090288,7.737016
гламур,5,90.18848047200001,UNCATEGORIZED,7.9658628,5.253393
ободок,4,90.18507769,UNCATEGORIZED,2.7245464,4.041474
продюсер,5,91.02921298199999,UNCATEGORIZED,3.4434705,9.881861
мочевина,2,90.28673000500001,UNCATEGORIZED,5.1178937,2.220404
обморожение,2,90.28800043000001,UNCATEGORIZED,7.836802,3.4312139
переквалификация,1,87.13169575,UNCATEGORIZED,6.694926,3.1670468
майя,1,101.9545584,UNCATEGORIZED,1.3823392,7.8267255
старикашка,1,101.9545584,UNCATEGORIZED,1.5031573,9.085196
бюрократ,5,92.49048977,UNCATEGORIZED,1.6336526,10.09193
провиант,3,95.06222098333335,UNCATEGORIZED,3.3291476,2.6784039
охлаждение,5,94.11684577800001,UNCATEGORIZED,7.396066,3.9904275
грек,6,93.29281783,UNCATEGORIZED,1.7932776,8.987348
манускрипт,10,87.04093454300002,UNCATEGORIZED,6.059858,7.101905
доставка,5,90.86298274200001,UNCATEGORIZED,6.8310347,6.03475
гидрант,6,89.79547202333333,UNCATEGORIZED,2.5249174,5.2700233
синька,3,94.32554006333334,UNCATEGORIZED,3.862488,3.950306
скво,1,93.37312009,UNCATEGORIZED,4.064527,6.814738
просодия,2,88.58417477500001,UNCATEGORIZED,6.872513,3.4446065
кумарин,1,83.93149036,UNCATEGORIZED,0.8766414,7.1246195
шпала,8,87.04562966875,UNCATEGORIZED,3.6408339,4.5001082
развязность,2,78.817895425,UNCATEGORIZED,9.629517,4.878994
приземленность,2,84.691378095,UNCATEGORIZED,9.283098,4.462336
цитата,8,90.91199674375,UNCATEGORIZED,6.476653,6.614964
гиперчувствительность,2,88.607870265,UNCATEGORIZED,8.089806,3.0921152
музицирование,1,82.12569811,UNCATEGORIZED,6.397925,4.6811085
малярия,2,85.179211615,UNCATEGORIZED,7.9530787,2.4833608
многоженство,2,98.42628597,UNCATEGORIZED,8.101796,5.128558
ипохондрия,4,93.9804107825,UNCATEGORIZED,8.277552,3.3854346
народонаселение,1,97.19030596,UNCATEGORIZED,6.591263,4.763614
навет,4,90.84449141750001,UNCATEGORIZED,7.40677,5.980193
грамотность,3,90.16847049,UNCATEGORIZED,9.389706,5.1116233
запугивание,1,80.90444693,UNCATEGORIZED,8.285121,5.5693727
перераспределение,2,85.99416224500001,UNCATEGORIZED,8.047743,6.202902
учреждение,1,80.90444693,UNCATEGORIZED,5.712224,8.012584
обыденность,7,89.63280316285714,UNCATEGORIZED,9.259752,4.675593
загазованность,1,80.90444693,UNCATEGORIZED,8.673815,4.0255127
прибаутка,1,80.90444693,UNCATEGORIZED,5.215154,5.7804356
катехизис,8,91.05211698125001,UNCATEGORIZED,6.045746,7.049695
баск,2,91.737663345,UNCATEGORIZED,0.6925806,7.6500397
лачуга,2,90.85794338,UNCATEGORIZED,4.203426,6.4598856
эскимо,7,88.49134813,UNCATEGORIZED,3.1985104,2.1499364
икринка,2,92.22548277000001,UNCATEGORIZED,3.9069815,4.236688
залысина,1,96.47766737,UNCATEGORIZED,2.7997432,3.3169994
элеватор,3,86.79242318333336,UNCATEGORIZED,3.8992028,6.789574
распря,3,92.98929047,UNCATEGORIZED,7.116931,6.156173
дебаркадер,1,81.74082377,UNCATEGORIZED,3.5799007,6.723312
ризотто,3,89.69222046333334,UNCATEGORIZED,2.9870577,1.779156
объединение,1,93.82910297,UNCATEGORIZED,6.1141963,7.9370146
урина,5,84.18546174,UNCATEGORIZED,5.4865317,3.4702
фигушко,1,87.00204345,UNCATEGORIZED,1.7914449,7.687223
щепа,1,87.30791258,UNCATEGORIZED,3.7851999,3.3665767
простонародье,1,84.93508175,UNCATEGORIZED,5.6014752,8.336298
отравление,3,89.28100694333334,UNCATEGORIZED,7.746138,3.2555358
увеличение,1,91.38890274,UNCATEGORIZED,8.1345,6.397921
поляризация,4,91.58041472249998,UNCATEGORIZED,7.429208,4.5023904
поход,5,90.291309136,UNCATEGORIZED,5.624598,7.500412
каникулы,10,89.20880385699999,UNCATEGORIZED,7.2216334,8.138725
публикация,3,94.05177697333333,UNCATEGORIZED,6.276702,7.18593
задержание,1,98.62686628,UNCATEGORIZED,7.443715,7.206979
кифара,1,85.4061793,UNCATEGORIZED,3.9990053,7.8423767
водоснабжение,2,92.881598445,UNCATEGORIZED,3.9439695,5.319614
фантазер,2,92.930443535,UNCATEGORIZED,1.4222085,10.136926
фемиды,1,92.27787378,UNCATEGORIZED,0.97040695,8.416233
обозначение,1,94.19095394,UNCATEGORIZED,6.7969465,6.412296
непосредственность,2,88.52675309,UNCATEGORIZED,9.726849,5.078648
скок,1,95.37592351,UNCATEGORIZED,1.193536,7.5421624
гуманизация,1,95.37592351,UNCATEGORIZED,7.4086175,4.657155
хиромант,1,98.49406569,UNCATEGORIZED,2.5440779,9.855988
синхрон,2,98.148807835,UNCATEGORIZED,2.303238,5.9761577
косица,1,89.93305247,UNCATEGORIZED,2.4572425,3.4950821
замерзание,1,98.13323771,UNCATEGORIZED,7.4610715,3.855441
околица,4,86.17592945,UNCATEGORIZED,4.5500803,6.4737587
лаз,5,92.154978596,UNCATEGORIZED,4.0946116,5.7543793
соперничество,2,93.78666119,UNCATEGORIZED,7.688554,6.546268
узнавание,2,90.11097631,UNCATEGORIZED,9.097755,6.1897426
ламбре,1,86.07324391,UNCATEGORIZED,1.0202286,6.6895814
вивисекция,5,86.28175255400001,UNCATEGORIZED,6.9490314,4.2899776
герма,1,86.07324391,UNCATEGORIZED,1.1127827,6.811345
кавер,3,88.87446216666666,UNCATEGORIZED,1.1531975,7.282167
регрессия,5,91.9094939,UNCATEGORIZED,7.437074,4.3389153
футляр,7,88.93061854714286,UNCATEGORIZED,2.4598517,4.3927097
увертюра,11,89.6986015809091,UNCATEGORIZED,5.9828806,6.546348
дееспособность,1,88.22699048,UNCATEGORIZED,9.02188,4.746065
лоботомия,13,88.42767475846154,UNCATEGORIZED,6.718295,3.861518
гаджет,2,91.153270935,UNCATEGORIZED,0.9556206,8.220642
модерн,10,90.145512878,UNCATEGORIZED,7.8994365,4.3426566
летучка,2,92.668094975,UNCATEGORIZED,6.5367513,5.46019
соленость,1,95.19463883,UNCATEGORIZED,8.65497,3.9776285
спешка,3,86.78737502333333,UNCATEGORIZED,9.615578,5.141221
потоп,5,89.130934326,UNCATEGORIZED,5.332363,5.093786
селен,1,87.8236479,UNCATEGORIZED,4.909168,2.1838791
пороша,4,89.8389474525,UNCATEGORIZED,5.267204,4.440344
гувернантка,2,90.17391287,UNCATEGORIZED,2.3968294,7.98931
тампон,4,90.64952668250001,UNCATEGORIZED,2.6309874,3.972222
заготовка,1,85.98426587,UNCATEGORIZED,6.755904,4.89182
истязание,2,94.531121015,UNCATEGORIZED,8.509755,5.754851
вытяжка,8,92.613453805,UNCATEGORIZED,3.5077827,5.1295877
бортпроводница,1,69.88992038,UNCATEGORIZED,2.17012,7.6653924
охота,6,84.90517613333333,UNCATEGORIZED,6.647925,5.505183
лялька,2,96.72553318000001,UNCATEGORIZED,1.5547174,7.846158
конечность,5,91.725795782,UNCATEGORIZED,3.797601,3.8048108
наступление,2,90.98698669500001,UNCATEGORIZED,7.5392346,6.874485
перекресток,13,91.81157287538461,UNCATEGORIZED,4.331788,6.0761514
спазм,4,92.32049338,UNCATEGORIZED,8.055532,3.1473866
пиломатериал,1,79.59875357,UNCATEGORIZED,4.41023,3.2283628
даун,6,85.40042197333334,UNCATEGORIZED,0.5030045,7.0174913
обременение,2,87.187115095,UNCATEGORIZED,8.148281,5.6496806
горельеф,1,84.03724505,UNCATEGORIZED,5.099557,5.2955565
отписка,1,87.13208137,UNCATEGORIZED,6.577937,5.5739727
чаяние,1,96.39513209,UNCATEGORIZED,8.688269,6.325922
бязь,4,91.095950725,UNCATEGORIZED,4.0532575,3.272476
синьорит,1,82.70082181,UNCATEGORIZED,1.6102294,6.7279334
мыза,1,82.70082181,UNCATEGORIZED,4.304995,6.417677
обожествление,1,82.70082181,UNCATEGORIZED,8.313617,5.805492
бразда,1,94.3534937,UNCATEGORIZED,1.0816941,7.1925583
пешеход,8,91.46805935249999,UNCATEGORIZED,2.2194958,9.619584
оригинал,7,90.8223810257143,UNCATEGORIZED,6.299142,7.0981293
чифирь,1,95.27381447,UNCATEGORIZED,3.569179,1.5785415
искусствовед,1,91.01017514,UNCATEGORIZED,3.0101106,10.277267
идол,2,90.526589085,UNCATEGORIZED,4.743091,6.1337185
дизентерия,1,85.74104142,UNCATEGORIZED,7.9047813,2.4555278
жестянщик,2,89.182785475,UNCATEGORIZED,2.5244534,9.743582
эпигонство,1,88.72699895,UNCATEGORIZED,8.268591,5.0449815
шарикоподшипник,5,87.50771062999999,UNCATEGORIZED,4.713506,3.3605547
аббатиса,1,88.72699895,UNCATEGORIZED,2.1186,7.850328
кореш,1,84.75314434,UNCATEGORIZED,2.0078368,8.60943
манипулирование,1,84.75314434,UNCATEGORIZED,8.111722,5.486995
озимые,2,82.13865564,UNCATEGORIZED,2.4666455,1.980385
ремесленник,4,92.4261296675,UNCATEGORIZED,2.366791,9.739318
егоза,3,90.32997074333333,UNCATEGORIZED,1.7038217,7.926202
вертикаль,18,88.27755110611112,UNCATEGORIZED,6.860521,4.9943357
пустула,1,89.63374864,UNCATEGORIZED,7.5255923,2.608922
патефон,5,87.9468024,UNCATEGORIZED,3.2628667,6.0704613
чухонка,1,94.31973263,UNCATEGORIZED,2.1166496,7.190948
меню,4,92.91497314499999,UNCATEGORIZED,3.344135,1.8451828
эспандер,6,89.672569145,UNCATEGORIZED,2.4390898,5.1772227
сатанизм,2,90.867693555,UNCATEGORIZED,7.9584093,4.826709
согласие,4,84.877381285,UNCATEGORIZED,7.8465724,7.468918
безветрие,2,96.95977063000001,UNCATEGORIZED,5.47924,4.788193
интенция,1,91.98080767,UNCATEGORIZED,8.2032585,4.4734373
отправление,1,91.53990536,UNCATEGORIZED,6.887743,6.224214
мучитель,2,91.22208844,UNCATEGORIZED,1.4931363,9.685581
драп,1,90.04300303,UNCATEGORIZED,3.98324,3.085468
регион,4,90.5205512,UNCATEGORIZED,4.815545,6.8432283
сквер,5,89.920027802,UNCATEGORIZED,4.264682,6.070735
объявление,2,92.496897045,UNCATEGORIZED,7.511242,7.578657
проходимец,2,95.329362985,UNCATEGORIZED,1.5032738,9.8715515
участие,1,93.05008503,UNCATEGORIZED,7.860931,7.5021396
берданка,3,84.43525592333333,UNCATEGORIZED,2.2117045,4.5629497
папироса,7,88.31855371428571,UNCATEGORIZED,3.2665865,4.2315636
высокопревосходительство,1,92.01875247,UNCATEGORIZED,2.9858422,8.833631
китаец,8,92.5611927025,UNCATEGORIZED,1.6771916,9.044255
сонник,2,91.75815975,UNCATEGORIZED,5.707962,7.003158
экстравагантность,4,87.7121855475,UNCATEGORIZED,9.587574,4.589714
эпатаж,3,85.36840941999999,UNCATEGORIZED,8.037839,5.463443
вычурность,1,78.83794647,UNCATEGORIZED,9.492523,4.381984
декоратор,1,93.90075531,UNCATEGORIZED,2.9846811,10.100696
тряска,3,92.24714387333331,UNCATEGORIZED,6.827362,4.439308
излучение,5,90.438795128,UNCATEGORIZED,6.228626,3.731659
учет,2,89.45365022,UNCATEGORIZED,7.0150914,7.1870375
филадельфия,2,79.69028948,UNCATEGORIZED,3.9145367,7.231161
зуботычина,1,84.26432995,UNCATEGORIZED,5.1039505,3.6121905
подножка,3,96.65935393333332,UNCATEGORIZED,3.5607526,4.0952964
бармалей,5,87.64943715400001,UNCATEGORIZED,1.3556223,8.754779
прореха,5,91.51174531000001,UNCATEGORIZED,4.4996343,5.022707
взгорье,1,94.11371864,UNCATEGORIZED,4.3410764,5.7833934
полдень,4,90.71264989750001,UNCATEGORIZED,7.3179474,8.189489
тотошка,1,87.10197832,UNCATEGORIZED,0.3451748,8.625252
белогвардеец,1,87.10197832,UNCATEGORIZED,1.890693,9.874359
крошево,1,86.09460708,UNCATEGORIZED,4.3186245,3.5523303
серенада,5,89.20735558999999,UNCATEGORIZED,5.921234,6.599174
рыцарство,5,91.22423087799999,UNCATEGORIZED,5.713127,8.231762
колониализм,1,91.19124903,UNCATEGORIZED,8.106042,4.9184537
электрокар,2,77.62120227,UNCATEGORIZED,3.2512293,7.4365134
преисподняя,5,86.977893314,UNCATEGORIZED,4.5729756,6.004594
дисгармония,4,88.337064,UNCATEGORIZED,8.582204,4.834485
указание,2,91.48888621500001,UNCATEGORIZED,7.78782,7.5947237
встреча,7,89.2008729957143,UNCATEGORIZED,7.404361,6.9333444
контур,7,91.69382882857143,UNCATEGORIZED,5.044891,4.9878235
зала,5,88.501769514,UNCATEGORIZED,4.0133924,6.3193474
наковальня,8,88.89386731625001,UNCATEGORIZED,3.1373901,5.2245965
блевотина,7,88.54573758285714,UNCATEGORIZED,5.102779,3.7512193
бленда,1,86.31377532,UNCATEGORIZED,0.73968923,6.586245
маджонг,2,83.19985961500001,UNCATEGORIZED,4.2833967,8.309619
гражданин,2,89.254602985,UNCATEGORIZED,3.1315184,9.51364
меркантильность,6,85.93627428500001,UNCATEGORIZED,9.577594,4.7813487
твердыня,2,92.92385202,UNCATEGORIZED,4.4556804,6.2644744
пиктограмма,5,87.66159676999999,UNCATEGORIZED,5.862302,4.7812715
вскармливание,5,94.003000204,UNCATEGORIZED,7.452204,3.5430994
серебренник,1,96.07605833,UNCATEGORIZED,4.1875086,4.474145
подрядчик,11,92.05724288,UNCATEGORIZED,3.6566904,9.687923
цензура,4,93.875312705,UNCATEGORIZED,5.575728,7.9227552
арест,1,90.29042049,UNCATEGORIZED,7.4357963,7.3440604
гиперактивность,4,88.762244945,UNCATEGORIZED,8.520479,3.586519
сколопендра,7,89.34395579714284,UNCATEGORIZED,0.33354297,8.090784
жоржет,1,88.98399018,UNCATEGORIZED,1.1919045,6.6123753
репутация,3,92.85560506333333,UNCATEGORIZED,8.47235,6.342753
популярность,3,83.76214720666667,UNCATEGORIZED,8.646014,6.414764
заика,8,92.5602054825,UNCATEGORIZED,0.86695313,8.071279
мусоропровод,2,84.68053564,UNCATEGORIZED,3.1038167,4.870985
экспертиза,6,90.43474558000001,UNCATEGORIZED,7.112887,7.1266437
агнозия,6,92.92832815666667,UNCATEGORIZED,7.9900465,3.3546548
граница,11,88.80332207000001,UNCATEGORIZED,4.810532,5.599869
съезд,2,91.10802318,UNCATEGORIZED,6.0327473,8.0187435
кожух,3,90.17209468666665,UNCATEGORIZED,2.5316565,4.7368536
поворот,5,90.945647974,UNCATEGORIZED,5.4718285,6.3280582
син,3,83.93539197,UNCATEGORIZED,7.972172,3.0263712
бум,5,88.548606314,UNCATEGORIZED,5.273202,5.8441925
стенка,2,90.40023219,UNCATEGORIZED,3.7449887,4.727583
оживленность,1,90.68008752,UNCATEGORIZED,9.70542,4.6992917
поездка,4,73.0491418275,UNCATEGORIZED,7.18297,6.7059717
ипотека,9,86.87900855444444,UNCATEGORIZED,6.841598,7.353242
передвижник,3,95.27446578666667,UNCATEGORIZED,7.969915,4.266446
крепление,3,93.92711428,UNCATEGORIZED,2.8729732,5.347983
оккультизм,11,86.46921504363637,UNCATEGORIZED,7.567374,4.7051806
подъезд,13,89.30339575230771,UNCATEGORIZED,3.9065697,6.276755
кондоминиум,2,94.343295635,UNCATEGORIZED,3.9752223,6.9791856
честолюбие,2,91.141115335,UNCATEGORIZED,9.335381,5.5997305
предрассудок,3,89.88371140666668,UNCATEGORIZED,7.68088,5.53764
блиндаж,6,90.43543226666668,UNCATEGORIZED,4.025962,6.291463
жерло,8,92.02220403875,UNCATEGORIZED,4.334994,5.1984673
курилка,4,91.85835665,UNCATEGORIZED,4.2741218,6.5009437
батман,2,93.045113885,UNCATEGORIZED,5.256816,5.81865
сталевар,3,90.63233545333334,UNCATEGORIZED,2.5137293,9.801748
сенокос,5,84.73128023199999,UNCATEGORIZED,5.5961256,5.1693435
нумерология,2,87.06440280000001,UNCATEGORIZED,6.961251,4.603517
гуманитарий,1,96.88533198,UNCATEGORIZED,1.8433394,10.210511
бляшка,4,90.254172025,UNCATEGORIZED,3.406185,4.3631577
напряжение,6,92.11952227,UNCATEGORIZED,9.425086,6.252225
булимия,5,86.108418892,UNCATEGORIZED,8.061682,3.0903108
папаха,1,90.93912341,UNCATEGORIZED,1.7502843,3.4326212
итерация,2,89.331394415,UNCATEGORIZED,6.3279657,3.4647422
копра,1,92.23389689,UNCATEGORIZED,2.9997249,1.8028263
нитроглицерин,8,90.468629395,UNCATEGORIZED,4.6633506,1.8013194
несуразица,2,91.55317525,UNCATEGORIZED,6.6861033,5.664709
лоток,6,85.832294565,UNCATEGORIZED,2.8337257,4.7143445
золотник,1,89.33476336,UNCATEGORIZED,4.3567863,4.3362675
молодец,5,88.46890927,UNCATEGORIZED,2.051836,8.350112
пуща,2,95.999064755,UNCATEGORIZED,4.487442,5.616236
крушитель,1,91.57490988,UNCATEGORIZED,1.1948406,7.497079
аудиенция,5,91.705528658,UNCATEGORIZED,7.057823,6.7397075
изобретатель,2,93.82210681500001,UNCATEGORIZED,2.923261,10.123587
сентиментальность,9,88.90148203777778,UNCATEGORIZED,9.688558,5.1454415
забой,5,90.45733795000001,UNCATEGORIZED,4.237562,6.8113832
дудочка,2,90.39267575,UNCATEGORIZED,3.9785616,7.9075766
жизнеописание,1,95.9971234,UNCATEGORIZED,6.544857,6.990186
молочница,2,80.16134169,UNCATEGORIZED,2.049746,7.4188576
брас,2,89.617950095,UNCATEGORIZED,0.6301737,6.9199753
гостинец,1,89.05852417,UNCATEGORIZED,2.8888187,3.31934
уха,30,86.69769684666667,UNCATEGORIZED,4.029094,3.7373066
хронотоп,3,89.96762512333333,UNCATEGORIZED,7.63664,4.263449
копатель,2,91.037548695,UNCATEGORIZED,1.0175804,7.6330185
изъязвление,1,89.35464625,UNCATEGORIZED,7.874315,2.8134215
тупик,12,91.8159078025,UNCATEGORIZED,4.651888,5.9049044
врачеватель,2,81.891346755,UNCATEGORIZED,2.5376391,9.694481
парамедик,2,76.210099695,UNCATEGORIZED,1.4120784,7.2209635
мадригал,2,79.84611311,UNCATEGORIZED,1.2456877,6.609311
доклад,3,89.99912867,UNCATEGORIZED,6.802907,7.3720627
утроба,10,90.824732124,UNCATEGORIZED,4.4708486,5.215573
захватчик,1,88.95420487,UNCATEGORIZED,1.4877888,9.416066
ряска,2,91.733123235,UNCATEGORIZED,2.213324,2.6535137
ничтожность,2,93.64184754499999,UNCATEGORIZED,9.673796,4.4526525
царица,1,84.72507549,UNCATEGORIZED,2.3208504,8.167367
язычок,1,84.72507549,UNCATEGORIZED,4.414076,4.5712423
останки,2,89.58788862,UNCATEGORIZED,4.292732,5.5974393
фальшивка,2,90.323478505,UNCATEGORIZED,7.171382,5.9047008
вседозволенность,3,84.39087726000001,UNCATEGORIZED,9.398958,4.9445043
прапорщик,3,88.60280097333334,UNCATEGORIZED,3.3287046,9.09758
настоятель,1,97.98320161,UNCATEGORIZED,2.3949318,9.472875
автоматизация,10,91.51823683799998,UNCATEGORIZED,7.452273,4.8255954
ликбез,3,93.02088091333333,UNCATEGORIZED,6.397489,7.0512486
отпрыск,3,94.05395449333332,UNCATEGORIZED,2.400434,8.665242
карантин,7,91.16560661999999,UNCATEGORIZED,7.122125,6.754373
гипертония,2,92.38383078,UNCATEGORIZED,7.9247546,2.8039591
метроном,11,87.33755008181816,UNCATEGORIZED,2.6424775,5.9244604
жилетка,1,91.17319298,UNCATEGORIZED,1.8179061,3.3808331
г,22,66.4605371,UNCATEGORIZED,6.622026,8.280193
д,27,59.77073115851852,UNCATEGORIZED,6.5471077,8.303566
гололедица,4,88.2463424475,UNCATEGORIZED,5.396251,4.5193334
самомнение,1,91.7999537,UNCATEGORIZED,9.284134,5.4951363
отрицательность,1,100.1243325,UNCATEGORIZED,8.918304,4.5747433
извержение,8,92.32337534875,UNCATEGORIZED,5.2548547,5.083114
причиндал,1,97.69584887,UNCATEGORIZED,2.386069,5.7391114
скоморох,8,89.36374892125,UNCATEGORIZED,1.9401214,9.394807
судно,9,90.50959207,UNCATEGORIZED,3.122938,6.8415933
киса,13,67.07206639692308,UNCATEGORIZED,0.9322888,8.127951
скиталец,2,90.26004503499999,UNCATEGORIZED,1.6393377,9.544768
актерство,1,91.57783141,UNCATEGORIZED,8.545276,5.350904
упорядоченность,1,91.57783141,UNCATEGORIZED,9.046768,4.498813
простак,3,92.09517863333333,UNCATEGORIZED,0.71789724,9.786069
отступление,3,92.59866414666665,UNCATEGORIZED,7.6890383,6.782623
грехопадение,3,73.90422599666667,UNCATEGORIZED,8.3546,6.680545
дальновидность,2,88.67201546000001,UNCATEGORIZED,9.844717,5.207427
скакун,2,95.08955065,UNCATEGORIZED,0.4020806,8.89646
впечатление,10,89.849236794,UNCATEGORIZED,8.364652,7.262664
манометр,3,91.90276994333334,UNCATEGORIZED,2.6266904,5.713256
карабас,1,86.64456303,UNCATEGORIZED,0.7342319,7.3641167
машиностроение,7,89.73541632142857,UNCATEGORIZED,6.4325724,4.763056
лик,13,89.92162844615385,UNCATEGORIZED,4.818563,4.9808645
леди,1,94.70177049,UNCATEGORIZED,2.666765,8.355037
кантри,4,91.700413255,UNCATEGORIZED,4.9735837,7.5333624
альба,2,91.29633842999999,UNCATEGORIZED,2.4305513,8.100992
следствие,1,90.75410809,UNCATEGORIZED,7.754846,7.2770414
родня,4,79.08197630250001,UNCATEGORIZED,2.5501626,8.225486
бекон,3,89.88145398333332,UNCATEGORIZED,3.0201228,2.0164213
тушение,1,91.58188948,UNCATEGORIZED,3.2107387,1.8108642
курник,1,94.98602389,UNCATEGORIZED,3.1474636,2.3774276
японка,2,95.452148045,UNCATEGORIZED,2.2116675,7.535452
имярек,1,94.98602389,UNCATEGORIZED,2.4241571,9.368299
разнузданность,1,97.32058721,UNCATEGORIZED,9.423129,4.8847475
зарянка,2,88.95948043,UNCATEGORIZED,0.59200525,7.4484487
секьюрити,1,94.8526448,UNCATEGORIZED,3.0842822,8.964681
стоимость,3,95.52760344333335,UNCATEGORIZED,7.037168,7.424383
важность,3,90.81453227000002,UNCATEGORIZED,9.171877,4.9503465
низовье,1,90.95991473,UNCATEGORIZED,4.63337,5.9641066
тряпочка,2,92.757178885,UNCATEGORIZED,3.1432145,3.8427448
воздухоочиститель,1,93.41554318,UNCATEGORIZED,2.6861804,5.4946046
охапка,2,91.949153895,UNCATEGORIZED,3.166252,4.145367
ляпсус,1,96.57791965,UNCATEGORIZED,1.1513612,9.2173815
неф,2,87.151133115,UNCATEGORIZED,4.1607623,5.91624
бихевиоризм,17,90.70003458588236,UNCATEGORIZED,7.920744,4.411707
деяние,1,89.40030488,UNCATEGORIZED,8.483025,6.25692
каморка,3,87.84329108333334,UNCATEGORIZED,3.989574,6.3596954
уникальность,5,89.057702712,UNCATEGORIZED,9.105052,4.9504104
замах,2,94.7284314,UNCATEGORIZED,5.382621,6.2378583
удлинитель,5,91.824007762,UNCATEGORIZED,2.7058094,5.4127264
крупка,1,86.67629355,UNCATEGORIZED,5.1807647,4.417414
кордон,2,91.87268269,UNCATEGORIZED,4.3317833,5.8313375
глушь,1,90.26640059,UNCATEGORIZED,4.9136586,5.252191
птичка,6,85.92975698333335,UNCATEGORIZED,-0.13656119,7.9098644
ограбление,2,92.73197797,UNCATEGORIZED,8.312664,6.244502
кожзаменитель,1,91.20584981,UNCATEGORIZED,3.7598193,3.576716
нищеброд,1,91.20584981,UNCATEGORIZED,1.1602306,8.81479
фригидность,4,87.667937185,UNCATEGORIZED,8.047348,3.3317397
бура,2,86.53902338500001,UNCATEGORIZED,2.363469,5.0925994
ион,4,87.4276038475,UNCATEGORIZED,0.42615435,7.0256357
моховик,1,90.65020084,UNCATEGORIZED,1.4791809,6.048757
автодром,2,92.534040245,UNCATEGORIZED,3.9903922,6.6213117
псалтирь,1,96.08039603,UNCATEGORIZED,6.197344,7.013795
анафора,9,89.43335866555555,UNCATEGORIZED,7.0962524,5.025964
кавун,1,86.86633311,UNCATEGORIZED,1.3849849,6.5440507
послание,1,92.57700491,UNCATEGORIZED,7.5068507,7.523382
стрелок,2,95.29272229,UNCATEGORIZED,2.070009,9.279523
арт,4,92.39835650750001,UNCATEGORIZED,1.621909,8.580125
энтомология,5,89.749090078,UNCATEGORIZED,6.8006983,2.808297
астигматизм,6,89.25836343666667,UNCATEGORIZED,8.128804,3.1082947
клизма,9,89.11963013555557,UNCATEGORIZED,6.286118,3.6663768
спин,10,91.400515497,UNCATEGORIZED,5.8249664,2.9497874
кок,6,89.30469365333333,UNCATEGORIZED,3.0576098,8.877263
кавалькада,6,89.988510405,UNCATEGORIZED,5.2171264,8.47251
упущение,1,93.11960043,UNCATEGORIZED,7.9840865,6.29465
падишах,1,94.849463,UNCATEGORIZED,2.185408,9.048492
колосс,5,89.798007762,UNCATEGORIZED,4.624127,6.2397647
садоводство,8,99.92387611625,UNCATEGORIZED,6.4344053,4.528183
обивка,3,87.41783572666667,UNCATEGORIZED,3.9978645,3.9371855
двоеверие,1,94.30264511,UNCATEGORIZED,8.198436,5.099577
запчасть,1,80.69303988,UNCATEGORIZED,3.9700758,4.7432733
электродвигатель,1,91.27877942,UNCATEGORIZED,2.9373538,5.5912724
герцогиня,1,88.80139302,UNCATEGORIZED,2.5419323,8.223184
лотерея,9,91.66380698555555,UNCATEGORIZED,6.637008,6.02042
диссидент,3,87.69725869333335,UNCATEGORIZED,2.0512412,10.134582
горнило,9,98.48688851222222,UNCATEGORIZED,7.921653,5.182002
узурпатор,6,92.738201505,UNCATEGORIZED,1.7367997,9.385918
отклонение,1,90.37877954,UNCATEGORIZED,8.125758,5.8734646
милитаризм,3,87.82304775,UNCATEGORIZED,8.175075,4.9432073
кадка,2,83.914727915,UNCATEGORIZED,3.1577098,4.3081794
фабула,6,86.10296556166666,UNCATEGORIZED,6.8079114,6.1613345
хроник,3,93.80938364666667,UNCATEGORIZED,6.346315,7.1708217
сор,4,85.0692452925,UNCATEGORIZED,3.9911687,3.299953
киска,4,68.3041701075,UNCATEGORIZED,0.95278597,8.133635
нация,5,91.08882578400001,UNCATEGORIZED,5.7415185,7.721057
независимость,3,83.50295586,UNCATEGORIZED,9.01085,5.1462717
иноверец,1,80.21619347,UNCATEGORIZED,1.4986316,9.468842
конвекция,2,88.03961894,UNCATEGORIZED,7.1201572,3.9786403
лагман,2,84.804557535,UNCATEGORIZED,3.081563,2.0633004
цезарь,2,87.24507974,UNCATEGORIZED,2.3951108,8.890453
бекас,1,93.0048031,UNCATEGORIZED,0.036907166,7.862286
добропорядочность,1,88.0358431,UNCATEGORIZED,9.509746,4.77728
взрывчатка,3,86.32043729666667,UNCATEGORIZED,2.031816,5.400923
хостел,1,93.74014014,UNCATEGORIZED,4.0680447,6.9939275
крах,9,94.59003652444443,UNCATEGORIZED,7.8742967,6.373189
прыткость,1,96.07412058,UNCATEGORIZED,9.514231,4.482317
навес,1,96.31843416,UNCATEGORIZED,3.8345847,6.112413
утверждение,2,91.86546559,UNCATEGORIZED,8.17215,7.1761203
ольха,6,88.18060726166665,UNCATEGORIZED,1.7043031,2.0015507
аддикция,5,85.597061088,UNCATEGORIZED,7.055171,3.3950186
гидростанция,2,93.509951825,UNCATEGORIZED,3.9904356,5.70663
гепатит,1,91.75148995,UNCATEGORIZED,7.850786,2.6055362
шарлатан,2,93.259169695,UNCATEGORIZED,1.4150202,9.886606
перевозчик,1,93.15390612,UNCATEGORIZED,2.8680255,9.062125
приток,2,87.159883075,UNCATEGORIZED,5.14828,5.571522
рентгенолог,1,90.95974063,UNCATEGORIZED,2.7556934,10.380005
рыбка,6,75.02273319000001,UNCATEGORIZED,0.42764047,5.2659125
клубочек,1,66.60654153,UNCATEGORIZED,2.5622053,4.104037
миро,3,91.48654179333333,UNCATEGORIZED,0.50614136,6.7312174
сервиз,5,80.41726582999999,UNCATEGORIZED,3.0584533,4.097973
спонтанность,1,92.05801149,UNCATEGORIZED,9.357748,4.825211
лье,13,96.0642344546154,UNCATEGORIZED,4.5344706,4.3983026
герундий,2,84.555092065,UNCATEGORIZED,1.4273347,6.7915635
кальдера,4,88.43460193,UNCATEGORIZED,0.90937394,6.3751993
ревизионизм,1,84.56474987,UNCATEGORIZED,8.151218,4.597796
саженец,3,85.90546296000001,UNCATEGORIZED,2.276858,2.553134
финтифлюшка,8,88.75717992624999,UNCATEGORIZED,4.1965117,4.781578
помещик,3,91.01083282666667,UNCATEGORIZED,2.4301493,9.540567
шайка,3,89.50161576333333,UNCATEGORIZED,5.3934283,8.463295
дюйм,2,92.39664802,UNCATEGORIZED,4.5715375,4.334246
компаньон,3,85.10012874666666,UNCATEGORIZED,2.7816267,8.936791
таверна,7,90.91149879571428,UNCATEGORIZED,4.3323936,6.8102813
концерт,17,88.38801467058823,UNCATEGORIZED,5.785003,7.463407
сутяга,1,95.00800678,UNCATEGORIZED,1.3860165,9.644325
пантера,5,84.973260886,UNCATEGORIZED,-0.0064018704,8.479068
скелет,12,81.11427500916666,UNCATEGORIZED,4.1218753,5.394451
пассат,5,87.065765648,UNCATEGORIZED,5.1618004,4.8847218
эмаль,6,86.35538272500001,UNCATEGORIZED,4.7317715,3.5578465
кремация,10,91.52977194299999,UNCATEGORIZED,7.2369246,6.7842917
физиогномика,4,90.23180710499999,UNCATEGORIZED,6.900945,4.622264
метеоролог,3,87.73627588666666,UNCATEGORIZED,2.8800132,10.291309
дубрава,4,89.32176327250002,UNCATEGORIZED,4.520484,5.559581
шофер,7,83.61100855857141,UNCATEGORIZED,3.2722635,8.028824
эстет,2,89.09385792,UNCATEGORIZED,1.6641785,10.106457
кочка,7,89.40310742857142,UNCATEGORIZED,4.069433,4.8119016
воровство,5,91.73291702199998,UNCATEGORIZED,8.402835,5.72888
балда,2,85.892655975,UNCATEGORIZED,0.66082036,9.679722
фотограф,3,89.96365341333335,UNCATEGORIZED,3.3793285,9.734925
замысел,6,93.03577132833334,UNCATEGORIZED,7.0387836,7.0189686
допрос,2,94.291082725,UNCATEGORIZED,7.1960692,7.4062285
элегантность,4,93.772482575,UNCATEGORIZED,9.685368,4.9291134
ружье,17,85.40952208058825,UNCATEGORIZED,1.7697504,4.9393067
обвал,1,98.16622993,UNCATEGORIZED,5.249724,5.24134
фашизм,10,88.612429718,UNCATEGORIZED,8.165244,5.0306635
палеолит,2,89.48206304499999,UNCATEGORIZED,1.5425243,6.241613
стюард,1,92.21331549,UNCATEGORIZED,3.0234916,8.767315
лезгинка,5,85.691396488,UNCATEGORIZED,4.901229,7.4584656
тунеядец,3,85.60220982333333,UNCATEGORIZED,1.0149584,9.721785
фасоль,4,92.4297881125,UNCATEGORIZED,2.5290828,1.5532291
шкив,2,87.701210875,UNCATEGORIZED,2.8775218,5.2281933
лубок,5,89.126455032,UNCATEGORIZED,2.769258,3.5342822
бондарь,1,83.52920035,UNCATEGORIZED,1.0438775,7.9828186
разгром,3,90.12937313666667,UNCATEGORIZED,7.749083,6.580281
шалун,3,91.60826839333333,UNCATEGORIZED,1.0660033,9.855078
кидой,1,93.87504943,UNCATEGORIZED,1.0798744,7.1813416
мастер,11,91.90295197181818,UNCATEGORIZED,2.589532,9.405808
хореография,7,91.88493682571428,UNCATEGORIZED,6.40252,5.4293747
куратор,7,92.30768167714284,UNCATEGORIZED,3.2096536,9.399442
какофония,6,87.18652937666667,UNCATEGORIZED,6.621184,6.06403
воспроизводство,2,95.44891111499999,UNCATEGORIZED,8.177249,6.0751457
закоулок,1,96.98614134,UNCATEGORIZED,3.997618,5.928673
телепортер,3,87.53900369333333,UNCATEGORIZED,2.3399684,6.321907
лерка,1,86.87610877,UNCATEGORIZED,0.95861715,7.579636
друза,2,92.39454221,UNCATEGORIZED,0.9274704,6.228623
джемпер,3,89.18026432666666,UNCATEGORIZED,1.5298077,3.6325552
стержень,5,88.64555712399999,UNCATEGORIZED,2.575936,5.0048356
чиновник,3,90.82617486,UNCATEGORIZED,3.361515,9.326239
филе,5,87.46075396400002,UNCATEGORIZED,2.8058891,1.619942
понтифик,4,91.1571749775,UNCATEGORIZED,2.2999392,8.8476715
арьергард,9,91.38351189111111,UNCATEGORIZED,4.855035,8.446991
толчок,4,90.8913243,UNCATEGORIZED,5.4430757,6.0644965
букашка,11,92.47494149818182,UNCATEGORIZED,0.54506814,8.265087
рудник,2,93.28848604000001,UNCATEGORIZED,4.5217247,6.7781825
вывих,5,92.28138243000001,UNCATEGORIZED,7.7669497,3.2091982
дискета,2,88.76912061499999,UNCATEGORIZED,3.6196654,4.530253
журчание,2,91.97117642,UNCATEGORIZED,5.755002,5.8367777
помол,1,94.34159661,UNCATEGORIZED,3.424048,2.8700943
гарнитура,2,89.45171976,UNCATEGORIZED,5.8956614,6.7949524
усердие,4,89.4131653525,UNCATEGORIZED,9.76347,5.5485353
второгодник,1,85.95331963,UNCATEGORIZED,1.2955875,9.35104
биос,1,92.50347164,UNCATEGORIZED,6.5143065,4.400253
кювет,3,91.49819854666667,UNCATEGORIZED,4.2579293,5.60013
числитель,2,92.260835195,UNCATEGORIZED,5.9126954,4.1381598
садовод,2,92.86991969,UNCATEGORIZED,2.272531,9.914952
кукс,2,87.34306799,UNCATEGORIZED,1.1363657,7.2281294
шпаклевка,3,87.14725984666666,UNCATEGORIZED,4.2649274,3.1198704
повод,2,97.52178333,UNCATEGORIZED,8.0490265,7.240487
осмысленность,4,89.27335689499999,UNCATEGORIZED,9.207187,4.5514455
инвалидность,2,87.53740992,UNCATEGORIZED,8.034492,3.5717366
шашлык,11,88.08024929909092,UNCATEGORIZED,3.0499227,1.9768546
прокат,2,94.411655865,UNCATEGORIZED,6.661037,7.106537
демонизм,1,93.16795303,UNCATEGORIZED,8.060285,4.5857925
саморазвитие,1,81.8257289,UNCATEGORIZED,8.319533,5.351382
обездоленность,1,81.8257289,UNCATEGORIZED,6.8329725,3.4043589
солодка,2,92.42537134,UNCATEGORIZED,1.8825527,1.765985
мутант,6,88.80071674999999,UNCATEGORIZED,1.094568,8.736819
многомерность,1,93.08273949,UNCATEGORIZED,9.316793,4.3031225
соитие,2,93.44726133,UNCATEGORIZED,7.997111,4.913081
овуляция,13,90.47999737384615,UNCATEGORIZED,7.63802,3.429625
аскарида,4,90.3590849875,UNCATEGORIZED,6.759679,2.577395
плезиозавр,3,83.72238121,UNCATEGORIZED,1.2717905,7.6083913
ильмень,1,76.54404157,UNCATEGORIZED,4.5003357,5.9172893
ограничение,3,91.57187671666667,UNCATEGORIZED,8.123181,6.320423
невоздержанность,1,90.45234744,UNCATEGORIZED,9.436621,4.849335
элемент,8,84.5228371525,UNCATEGORIZED,7.5201783,6.6872387
ликер,2,92.46023302,UNCATEGORIZED,3.5164716,1.5983737
течь,1,82.42921088,UNCATEGORIZED,4.9777493,4.0290213
кофеварка,8,84.59304634624999,UNCATEGORIZED,3.185762,5.1417856
полисахарид,1,93.86866733,UNCATEGORIZED,6.058255,2.611049
лото,3,89.68660203333333,UNCATEGORIZED,4.29637,8.304141
рант,4,83.16457511,UNCATEGORIZED,0.4805544,6.6165347
непалец,1,91.99600023,UNCATEGORIZED,5.2921863,3.254373
замполит,1,91.85905095,UNCATEGORIZED,3.3977993,9.101129
барашек,2,85.602206845,UNCATEGORIZED,0.035728715,8.647091
диво,3,91.82625645333333,UNCATEGORIZED,8.117839,7.4807496
жестикуляция,5,88.373063508,UNCATEGORIZED,6.7526097,5.3199806
радиоактивность,3,89.34853799333332,UNCATEGORIZED,6.7298803,3.8577402
португалец,2,88.29982311500001,UNCATEGORIZED,1.6261412,9.084034
нейрохирург,4,92.8085518225,UNCATEGORIZED,2.8188858,10.299053
арманьяк,2,86.641467205,UNCATEGORIZED,3.5150664,1.5993046
шлях,2,88.84607385000001,UNCATEGORIZED,4.173957,5.888152
абстиненция,4,81.95723723249999,UNCATEGORIZED,8.045394,3.4010172
вырубка,3,86.35934095,UNCATEGORIZED,4.7292614,5.430889
паводок,8,92.25536308125001,UNCATEGORIZED,5.3792496,5.1318374
отпечаток,3,88.54970628333335,UNCATEGORIZED,4.9600186,4.7801723
маляр,6,90.65016409666664,UNCATEGORIZED,2.555173,9.882049
потепление,2,87.296946545,UNCATEGORIZED,7.469906,3.9836295
зимовье,1,83.66213578,UNCATEGORIZED,4.5551105,6.7876134
темпера,6,84.81363422833334,UNCATEGORIZED,3.8411233,3.2602594
президиум,4,92.6710200375,UNCATEGORIZED,6.0795774,8.061318
экстаз,4,89.2308263175,UNCATEGORIZED,9.368631,6.200208
года,1,80.91188445,UNCATEGORIZED,7.088517,8.31068
кочан,4,88.1047479225,UNCATEGORIZED,2.4159744,1.3725995
эмансипация,20,89.85054716,UNCATEGORIZED,8.044797,4.860318
триединство,2,89.474043755,UNCATEGORIZED,8.168477,4.8265023
фрактал,6,87.98907230166667,UNCATEGORIZED,7.146611,4.149049
пролог,2,92.86786671,UNCATEGORIZED,6.3851833,6.8214226
стерня,2,84.06089889500001,UNCATEGORIZED,3.0672822,3.4609745
пальпация,3,84.12562298666667,UNCATEGORIZED,6.8934565,3.5584412
ареал,5,94.74863712,UNCATEGORIZED,4.978323,6.729176
ноктюрн,9,88.46583166777776,UNCATEGORIZED,5.4179487,7.116237
конка,1,96.38102915,UNCATEGORIZED,3.5340223,7.577329
реторта,1,84.51214141,UNCATEGORIZED,3.4308646,4.324745
черпак,7,92.37860190714285,UNCATEGORIZED,2.682943,4.3757515
пропойца,1,89.24141844,UNCATEGORIZED,1.1854187,9.727738
термена,1,89.24141844,UNCATEGORIZED,1.2645005,7.1737323
дрофа,1,91.11733849,UNCATEGORIZED,0.030351367,7.7504745
виагра,1,88.60098715,UNCATEGORIZED,4.5556016,1.951151
изящество,7,91.73582679428571,UNCATEGORIZED,9.691286,5.023955
реал,2,94.607202875,UNCATEGORIZED,3.8237789,8.593527
контузия,3,87.89837542,UNCATEGORIZED,7.9153433,3.3342888
писсуар,4,87.23696053500001,UNCATEGORIZED,2.9173112,4.940205
перс,5,92.48220271,UNCATEGORIZED,1.7081847,9.041367
гашиш,2,86.16329646,UNCATEGORIZED,4.2892265,1.8199178
полк,4,91.88583030499998,UNCATEGORIZED,4.882033,8.397266
подношение,2,91.35399680500001,UNCATEGORIZED,7.879536,6.9792223
блузка,5,88.330017202,UNCATEGORIZED,1.8559445,3.345527
тупак,1,77.96224847,UNCATEGORIZED,0.91629225,7.407935
стрингер,1,77.96224847,UNCATEGORIZED,0.5160506,6.9724793
питекантроп,13,85.90843317769233,UNCATEGORIZED,0.61967117,8.767081
выволочка,1,90.60105249,UNCATEGORIZED,6.329307,5.2216578
состязание,2,89.664234075,UNCATEGORIZED,7.0588527,7.0371323
практика,10,90.74111626999999,UNCATEGORIZED,7.2987733,5.878094
трихомонада,1,89.07394452,UNCATEGORIZED,6.8301554,2.5515978
бластер,10,90.95220521799999,UNCATEGORIZED,1.8307983,5.105164
куш,4,90.1727646575,UNCATEGORIZED,6.6109934,7.768072
ведьмак,3,86.50440056333332,UNCATEGORIZED,1.7348318,8.911048
купа,2,82.392953565,UNCATEGORIZED,4.5288625,5.5962358
фургон,3,77.74234082666668,UNCATEGORIZED,3.3505251,7.533782
кисуля,3,57.67020372333334,UNCATEGORIZED,1.0651838,7.1121917
кошака,1,59.6023422,UNCATEGORIZED,1.736462,6.5997047
кардиограмма,3,91.07329358,UNCATEGORIZED,7.24313,3.3167157
поясница,2,76.31862619,UNCATEGORIZED,4.073663,3.8095188
голеностоп,6,90.09200223166665,UNCATEGORIZED,3.006084,4.012951
иерей,1,83.85559473,UNCATEGORIZED,2.4191854,9.511608
размежевание,1,85.96492924,UNCATEGORIZED,8.266456,5.861901
оммаж,6,84.32318848666667,UNCATEGORIZED,2.781555,8.457512
пасть,4,87.65717839749999,UNCATEGORIZED,3.9055598,3.9290833
гость,11,87.63337334636364,UNCATEGORIZED,2.371483,8.829835
дихлофос,2,88.39908581,UNCATEGORIZED,1.8037454,7.120919
косметичка,8,87.202223,UNCATEGORIZED,2.8764148,3.9694502
гончар,3,90.85599074333334,UNCATEGORIZED,2.5445962,9.758137
толстовка,7,86.67191904285714,UNCATEGORIZED,1.7423174,3.3346016
уверенность,3,94.32919297666666,UNCATEGORIZED,9.815082,5.5108457
подвижник,1,89.79403139,UNCATEGORIZED,2.2157013,9.64301
бас,9,86.1893780788889,UNCATEGORIZED,5.472907,6.6511383
плевра,2,85.632092535,UNCATEGORIZED,5.428193,3.2214246
антиох,1,82.26592782,UNCATEGORIZED,2.1606286,8.999306
штиблета,1,82.26592782,UNCATEGORIZED,2.4520793,3.4636786
кузовок,1,82.26592782,UNCATEGORIZED,2.5822015,4.499717
арахис,5,90.67866999200001,UNCATEGORIZED,2.3817463,1.692405
викто,1,87.26489594,UNCATEGORIZED,0.961758,6.4804053
алов,3,88.97016802,UNCATEGORIZED,0.9505931,6.880435
терабайт,7,95.90634358857142,UNCATEGORIZED,3.9695904,4.8539457
шлакоблок,7,92.97911645428572,UNCATEGORIZED,4.3521237,3.12266
дарвинизм,2,90.38745592500001,UNCATEGORIZED,8.208865,4.5796523
мосс,1,94.74910808,UNCATEGORIZED,0.16293252,6.967775
аргонавт,1,84.40495602,UNCATEGORIZED,1.0794815,7.9024115
сомелье,12,89.46765940750002,UNCATEGORIZED,2.791675,9.163606
кегель,11,92.74558347454546,UNCATEGORIZED,0.9175998,6.929794
патент,2,89.55628257999999,UNCATEGORIZED,6.710878,7.456829
интерьер,4,84.32949241499999,UNCATEGORIZED,5.0790133,5.3727317
сакэ,2,91.50226337000001,UNCATEGORIZED,3.6199417,1.6964881
арлекин,8,87.8112636125,UNCATEGORIZED,2.1109374,9.228704
заложник,2,92.70711212500001,UNCATEGORIZED,1.7153987,9.825552
взаимность,2,92.25446185,UNCATEGORIZED,9.623577,5.2898817
изложение,1,94.18837359,UNCATEGORIZED,7.6442485,7.0045233
никуд,1,94.18837359,UNCATEGORIZED,1.5422007,7.2390485
бомбоубежище,3,90.82243835333334,UNCATEGORIZED,4.1550565,6.472182
рой,7,88.77945566142857,UNCATEGORIZED,-0.06946636,6.967648
нойя,1,82.62336704,UNCATEGORIZED,0.564457,6.9853196
военный,4,84.169113275,UNCATEGORIZED,3.729622,8.988131
кокаин,5,87.23784491800002,UNCATEGORIZED,4.3964005,1.7607503
кипарис,11,91.30264170818181,UNCATEGORIZED,1.6671107,2.0574422
справочник,3,91.70202127,UNCATEGORIZED,6.075398,7.268255
неделя,9,85.75630715666665,UNCATEGORIZED,7.2208467,8.193156
покупка,6,85.62346785,UNCATEGORIZED,7.100597,6.8249946
ас,4,90.47967572249999,UNCATEGORIZED,0.15306574,6.5622587
автократ,1,79.23095217,UNCATEGORIZED,2.3632703,6.527948
волопас,2,80.41512713,UNCATEGORIZED,1.8398411,7.1383142
инкунабула,2,85.957282185,UNCATEGORIZED,1.4071708,7.6056843
булочная,4,85.1275839,UNCATEGORIZED,4.3015647,6.80809
хрона,1,99.9233171,UNCATEGORIZED,1.1191932,6.353185
котурн,1,99.9233171,UNCATEGORIZED,2.423701,5.4316063
литий,11,85.72194725181818,UNCATEGORIZED,4.9274526,2.2876823
молочай,1,75.33940392,UNCATEGORIZED,1.9451827,1.9902263
неясыть,1,75.33940392,UNCATEGORIZED,1.7568502,8.674437
фанаберия,4,85.0780332375,UNCATEGORIZED,4.686486,5.2043433
волшба,1,75.33940392,UNCATEGORIZED,7.6829543,5.646716
индус,3,83.83332823333332,UNCATEGORIZED,1.6764596,9.110746
сердолик,3,87.24177422666666,UNCATEGORIZED,4.267921,1.362121
центурион,1,96.54936765,UNCATEGORIZED,2.224248,8.771184
окрас,3,90.14102916999998,UNCATEGORIZED,4.005392,3.485689
прищепка,12,88.87613663333332,UNCATEGORIZED,3.4871678,4.6043034
субаренда,1,91.42590583,UNCATEGORIZED,4.063682,9.474953
пояс,8,92.94078142250001,UNCATEGORIZED,1.8282095,3.8840985
пневматика,2,87.45644015,UNCATEGORIZED,6.057113,4.40635
экономия,2,87.97374189,UNCATEGORIZED,7.6796274,6.2447715
таксидермист,1,86.3848614,UNCATEGORIZED,1.2865317,8.285134
стоматит,2,90.989090855,UNCATEGORIZED,7.8367753,2.5975516
домострой,7,88.18121189428571,UNCATEGORIZED,0.79740363,6.951051
вариатор,3,86.55660064666667,UNCATEGORIZED,1.9677875,6.328858
зритель,5,85.619354754,UNCATEGORIZED,3.4751887,9.740726
зал,6,83.16268284833335,UNCATEGORIZED,4.050204,6.3700137
караоке,14,89.98965129428571,UNCATEGORIZED,4.727759,7.6444006
мастерство,3,91.83125731333332,UNCATEGORIZED,8.909518,6.223502
дифирамб,2,86.71184821,UNCATEGORIZED,6.247774,6.6206965
тельняшка,1,91.87605942,UNCATEGORIZED,1.7243648,3.4005437
осмос,8,89.01510876,UNCATEGORIZED,7.05994,4.0828876
некрополь,5,87.295361144,UNCATEGORIZED,4.536298,6.598911
измельчение,1,91.91762198,UNCATEGORIZED,6.9820495,4.1573544
солидарность,2,88.23032058999999,UNCATEGORIZED,9.406012,5.577273
тянучка,1,85.09741838,UNCATEGORIZED,1.9680078,6.422464
зеленушка,2,93.16747212,UNCATEGORIZED,1.3634298,7.077468
эндокринолог,1,89.66452083,UNCATEGORIZED,2.7400606,10.4242735
казан,7,89.92674035000002,UNCATEGORIZED,2.7782397,4.04333
типография,3,89.11458822000002,UNCATEGORIZED,5.4298353,7.4897056
инжектор,8,88.3110616075,UNCATEGORIZED,2.5705726,5.3611975
людоедство,1,89.0952112,UNCATEGORIZED,8.187896,5.111088
медитация,16,90.1586329575,UNCATEGORIZED,6.8668704,4.987045
изюминка,3,87.10932286333333,UNCATEGORIZED,7.5053024,5.917175
парфянин,1,83.33016878,UNCATEGORIZED,1.690231,8.786053
крой,3,88.91903301999999,UNCATEGORIZED,0.53701055,6.855376
травинка,2,90.476021245,UNCATEGORIZED,3.810187,4.283559
бессмыслица,2,81.718713975,UNCATEGORIZED,7.2358637,5.6587486
тусклость,2,78.28347704000001,UNCATEGORIZED,9.265745,4.224178
телогрейка,6,88.18108570666668,UNCATEGORIZED,1.7010353,3.3229437
упокоение,2,86.23366536500001,UNCATEGORIZED,9.091372,6.1428504
репликатор,1,82.83827688,UNCATEGORIZED,2.4574156,5.493719
триангуляция,13,89.14996977384615,UNCATEGORIZED,6.655531,3.1495342
гримаса,4,90.43496904,UNCATEGORIZED,4.585645,4.2160373
губернатор,2,90.257555515,UNCATEGORIZED,3.5479064,9.214723
яшма,7,89.41054323857142,UNCATEGORIZED,4.275308,1.3590393
гидравлика,5,89.53205547,UNCATEGORIZED,6.2230954,4.4586015
кряж,2,86.37221296,UNCATEGORIZED,4.4468184,5.636123
критика,10,91.630703748,UNCATEGORIZED,6.907407,5.94169
дзюдоист,1,95.30858832,UNCATEGORIZED,6.8942327,3.2280838
испытание,2,91.35521709,UNCATEGORIZED,7.419281,7.144863
коллегия,3,91.96876797,UNCATEGORIZED,5.7920685,7.901249
пассажир,3,67.50370502333332,UNCATEGORIZED,3.2110732,8.330743
евгеника,6,88.49480813833333,UNCATEGORIZED,6.951776,4.4492135
чих,11,89.98569588090909,UNCATEGORIZED,5.814612,5.992604
вражда,5,92.67301529,UNCATEGORIZED,7.372962,6.295632
унция,4,90.5752519525,UNCATEGORIZED,4.309695,4.3551645
объективность,4,90.63234630500001,UNCATEGORIZED,9.234671,4.781495
меркантилизм,3,88.47719013,UNCATEGORIZED,7.94753,4.44776
рюмочная,2,88.39091832,UNCATEGORIZED,3.4858458,5.695113
арендодатель,2,88.39091832,UNCATEGORIZED,3.7358046,9.663485
ага,16,91.3696112225,UNCATEGORIZED,8.052816,7.8228292
кассиопея,8,85.51220366749999,UNCATEGORIZED,1.9944538,6.960396
обжалование,1,90.09535823,UNCATEGORIZED,7.067534,7.3101673
лад,3,85.20163877333333,UNCATEGORIZED,6.4737277,5.9957385
приближение,2,78.49469225,UNCATEGORIZED,8.252104,7.020927
артроз,1,94.4056684,UNCATEGORIZED,7.9511333,2.695592
грааль,3,87.01463921666665,UNCATEGORIZED,4.6264296,6.5171466
печенька,3,94.25294989666666,UNCATEGORIZED,4.1878347,3.0426612
вихрь,19,89.01178424473684,UNCATEGORIZED,5.1833673,5.1441927
дебильность,1,90.89473354,UNCATEGORIZED,7.633841,3.2350729
вилла,6,90.40230877666669,UNCATEGORIZED,4.1788135,6.569476
тетрадка,4,86.9158871375,UNCATEGORIZED,5.8773584,7.049256
гомофоб,2,93.210730625,UNCATEGORIZED,1.486867,9.77765
чистка,4,89.41863319000001,UNCATEGORIZED,6.7387877,4.8708982
нитрат,3,91.88610421999999,UNCATEGORIZED,4.7582855,2.1172876
шиза,1,88.03015666,UNCATEGORIZED,6.6618986,5.6200047
отдышка,1,94.66033565,UNCATEGORIZED,8.017226,3.018919
этюд,13,91.23130924538461,UNCATEGORIZED,5.587648,5.900429
эзотерика,4,92.00858915,UNCATEGORIZED,7.051004,4.7185225
возглас,2,91.111325525,UNCATEGORIZED,5.773936,5.9693074
ордер,3,91.79221131666668,UNCATEGORIZED,7.069949,7.4977794
передник,2,84.85358819999999,UNCATEGORIZED,1.7068436,3.6622732
сентябрь,9,81.62985968888889,UNCATEGORIZED,7.190671,8.713548
ущерб,1,96.11807205,UNCATEGORIZED,7.96454,7.289095
калмык,1,88.64432036,UNCATEGORIZED,1.5602621,8.7182255
поползень,2,85.134278,UNCATEGORIZED,0.45851728,7.7693796
амазонка,2,86.14940756,UNCATEGORIZED,1.9716455,7.9549007
гарсон,5,90.619346534,UNCATEGORIZED,2.913595,8.610492
связка,5,88.366622534,UNCATEGORIZED,3.2276618,4.140649
тримаран,1,83.24079288,UNCATEGORIZED,2.9523067,6.7604027
брюзга,4,84.98307175000001,UNCATEGORIZED,0.9881505,9.687554
скорлупа,3,82.59878804333334,UNCATEGORIZED,4.0457945,3.4095652
умозаключение,3,90.99223624000001,UNCATEGORIZED,7.960969,5.9934587
пава,1,83.50983755,UNCATEGORIZED,0.9130565,7.674349
тинейджер,1,83.50983755,UNCATEGORIZED,1.2576619,8.715609
фермер,5,85.069111076,UNCATEGORIZED,2.5603876,9.348959
герцог,5,93.03162180400003,UNCATEGORIZED,2.7588873,8.586422
литр,5,90.53209355200002,UNCATEGORIZED,4.268542,4.2148576
месье,1,86.94480667,UNCATEGORIZED,2.6426878,8.276553
поломойка,1,97.82796364,UNCATEGORIZED,2.1574216,7.3234577
взыскание,3,89.01646861666666,UNCATEGORIZED,7.532454,7.344246
сварщик,3,90.30194531666666,UNCATEGORIZED,2.5602353,9.802246
вычисление,5,87.681521758,UNCATEGORIZED,8.007354,6.2112784
гидра,5,87.35362701,UNCATEGORIZED,0.21799712,8.277147
проросток,1,86.43740109,UNCATEGORIZED,2.406865,1.7440724
фа,7,81.11694954714287,UNCATEGORIZED,0.08606623,6.1855664
кроманьонец,4,86.33512431,UNCATEGORIZED,0.6556126,8.829713
мазут,12,87.18264862416667,UNCATEGORIZED,4.2270412,2.4501386
мизер,2,88.73515383,UNCATEGORIZED,4.35897,8.295673
казнокрадство,1,92.38840344,UNCATEGORIZED,8.361774,5.2802877
кровоток,1,92.38840344,UNCATEGORIZED,7.8210373,3.8901582
запределье,1,92.38840344,UNCATEGORIZED,2.4751031,6.7336445
дегустация,7,93.77608656285715,UNCATEGORIZED,6.8384843,5.222179
геолог,2,93.3425373,UNCATEGORIZED,2.9056363,10.318847
криз,1,91.35797366,UNCATEGORIZED,7.833159,2.9989538
светлость,1,79.73471014,UNCATEGORIZED,2.8016613,8.499142
светлица,1,79.73471014,UNCATEGORIZED,3.8481681,5.97867
маслобойка,2,81.632485325,UNCATEGORIZED,3.4474998,5.7474203
мушкетер,6,92.05178950166668,UNCATEGORIZED,2.2789538,9.188004
ювенал,1,81.52110193,UNCATEGORIZED,2.4180539,9.302692
палата,4,86.40938462,UNCATEGORIZED,5.5243244,7.727827
просвира,10,89.43488417799999,UNCATEGORIZED,3.7805936,2.7570653
лейкоцитоз,3,86.27960992333334,UNCATEGORIZED,7.7121596,2.867767
мульча,2,78.29224701000001,UNCATEGORIZED,1.2245903,6.57868
квартеронка,1,72.60582186,UNCATEGORIZED,1.9394026,7.1794367
беркана,2,82.78324661,UNCATEGORIZED,1.0461043,6.6042166
антигерой,1,72.60582186,UNCATEGORIZED,2.256976,9.314816
венчик,6,82.40818207666666,UNCATEGORIZED,2.9304006,3.248261
сидо,1,83.0972429,UNCATEGORIZED,0.8724096,6.6006317
кром,4,84.9553141275,UNCATEGORIZED,0.20947427,6.486602
фрикасе,1,83.0972429,UNCATEGORIZED,3.1155925,1.9065379
луб,2,79.95447573999999,UNCATEGORIZED,1.2623174,6.3414373
мансарда,1,85.0864595,UNCATEGORIZED,3.9732673,6.280597
лоханка,1,94.76359308,UNCATEGORIZED,3.010376,4.6665845
приступ,9,92.47449634888888,UNCATEGORIZED,8.040323,3.199208
кормчий,2,93.527340445,UNCATEGORIZED,2.9597914,9.015885
лосина,6,89.53989551166667,UNCATEGORIZED,2.3697987,3.541489
левша,5,94.221334778,UNCATEGORIZED,1.5379274,9.354968
триколор,2,88.30311914,UNCATEGORIZED,1.4416792,4.3897448
целина,2,88.493970385,UNCATEGORIZED,4.6004314,5.3815446
гидрокарбонат,1,94.39749991,UNCATEGORIZED,5.7439313,2.6171632
золотоискатель,2,96.107376555,UNCATEGORIZED,2.2023728,9.523868
гвоздодер,4,90.50132420749999,UNCATEGORIZED,2.2967877,4.929105
стряпчий,1,91.0404857,UNCATEGORIZED,2.8797774,9.629763
пикша,5,91.889976916,UNCATEGORIZED,0.23328513,5.1479645
барс,2,71.152765515,UNCATEGORIZED,0.0466146,8.491623
насильник,2,83.01620806,UNCATEGORIZED,1.4284989,9.739433
маньяк,15,90.14426626266668,UNCATEGORIZED,1.2978863,9.80931
оладья,6,91.709954305,UNCATEGORIZED,3.265076,3.6367855
фальсификация,2,85.10752805999999,UNCATEGORIZED,7.5102673,5.8400426
наркоторговец,2,87.380976885,UNCATEGORIZED,1.5617278,9.632994
мойва,2,76.167357065,UNCATEGORIZED,3.1866941,2.7945206
кофемолка,2,91.60373136,UNCATEGORIZED,3.2325375,5.1611447
резеда,2,93.354946755,UNCATEGORIZED,1.6807674,2.1615448
подход,1,95.98887633,UNCATEGORIZED,7.624228,7.045662
печник,2,91.862700615,UNCATEGORIZED,2.5457401,9.828612
раздел,1,72.87613291,UNCATEGORIZED,6.395081,7.170627
автолюбитель,1,81.51773169,UNCATEGORIZED,2.043996,9.8773
бренность,2,86.062318055,UNCATEGORIZED,9.670035,4.306902
стыдливость,1,81.51773169,UNCATEGORIZED,9.816961,5.386663
аморфность,6,85.21304766499999,UNCATEGORIZED,9.198442,4.2989287
кхмер,1,94.11231906,UNCATEGORIZED,1.1921295,6.926351
бридж,1,84.45942278,UNCATEGORIZED,4.304023,8.312838
циста,1,93.25956913,UNCATEGORIZED,6.695925,2.5848637
компромисс,4,90.69871971749998,UNCATEGORIZED,7.750939,6.3741107
вызов,9,92.2245898488889,UNCATEGORIZED,7.5661654,7.1852765
беспилотник,1,94.61317701,UNCATEGORIZED,3.1234226,7.1286945
вредитель,1,73.22114235,UNCATEGORIZED,0.5017681,8.619232
диз,1,91.25483876,UNCATEGORIZED,0.5256705,6.844048
кораблестроение,6,87.21334820333333,UNCATEGORIZED,6.49694,4.614339
рококо,3,84.66392462666666,UNCATEGORIZED,7.904059,4.323194
аптечка,2,88.653493715,UNCATEGORIZED,3.1352668,4.1112843
венг,2,85.46780839499999,UNCATEGORIZED,1.4966233,8.261424
аджика,2,86.25771275,UNCATEGORIZED,2.6139405,1.4946623
приоритетность,1,86.52789266,UNCATEGORIZED,9.059109,4.3926244
планер,2,78.95614703499999,UNCATEGORIZED,3.0372381,6.9916024
возвращение,5,93.44075055799999,UNCATEGORIZED,8.074339,6.911323
градостроитель,1,92.05540881,UNCATEGORIZED,5.3771334,3.2652614
елей,2,92.446302245,UNCATEGORIZED,4.447203,5.3803043
барбер,4,87.45936570999999,UNCATEGORIZED,0.30428773,6.965539
цитология,2,86.77217440999999,UNCATEGORIZED,6.8252954,2.8123512
эрудит,5,89.901177566,UNCATEGORIZED,1.804424,10.141651
брынза,2,94.776108365,UNCATEGORIZED,2.9091969,1.6713669
заимка,1,86.45100297,UNCATEGORIZED,4.3295307,6.477495
фря,3,90.10261107000001,UNCATEGORIZED,1.9945499,7.5073895
предательство,7,93.31560618,UNCATEGORIZED,8.78789,5.9604373
расстегай,4,91.14260163,UNCATEGORIZED,1.4757324,6.2874346
крупье,6,90.91261212166665,UNCATEGORIZED,4.2805014,8.159291
передовик,1,85.7784925,UNCATEGORIZED,2.5689392,9.739936
линк,1,93.7709838,UNCATEGORIZED,0.16287553,6.8617167
молочник,2,77.93796836,UNCATEGORIZED,3.1174412,4.242262
сосуществование,3,89.4534335,UNCATEGORIZED,8.360716,6.2261987
цинга,9,89.1410414988889,UNCATEGORIZED,7.937681,2.5211546
престиж,5,94.207812016,UNCATEGORIZED,8.531499,6.3139415
каратист,1,81.31835303,UNCATEGORIZED,2.652068,9.44362
пеллагра,1,81.31835303,UNCATEGORIZED,7.9237742,2.6596336
экивок,3,89.83540316,UNCATEGORIZED,1.7872627,6.8012533
голуба,5,88.38252583799999,UNCATEGORIZED,1.664825,8.0754795
камелот,1,91.55470624,UNCATEGORIZED,4.364988,6.8282437
живодер,4,87.51270059,UNCATEGORIZED,1.075903,9.576036
тюря,15,88.70443142799998,UNCATEGORIZED,0.72862333,7.897408
хиджаб,1,88.84080246,UNCATEGORIZED,1.9831309,3.742552
мессия,4,91.71168902250001,UNCATEGORIZED,2.1450806,9.518963
веление,1,93.3694133,UNCATEGORIZED,8.359785,6.8001523
коина,1,88.86743704,UNCATEGORIZED,1.1426044,7.069968
квок,2,86.43718978999999,UNCATEGORIZED,0.7875024,7.0604773
альпинист,7,89.18344360000002,UNCATEGORIZED,2.5942554,9.391432
импотенция,3,87.99121621666667,UNCATEGORIZED,8.017135,3.3149302
мещанка,1,87.5407727,UNCATEGORIZED,2.14819,7.4810915
тривиальность,6,90.14713607499999,UNCATEGORIZED,9.384656,4.4651217
аристократичность,1,87.12097141,UNCATEGORIZED,9.630422,4.5493307
тризна,2,87.73014518,UNCATEGORIZED,6.981526,6.6367483
торжество,5,85.47555379,UNCATEGORIZED,9.443383,6.370877
июль,9,63.20222198555555,UNCATEGORIZED,7.1875334,8.731452
самец,5,88.737547636,UNCATEGORIZED,0.13321568,8.596068
балбес,4,87.45676875749999,UNCATEGORIZED,0.85541004,9.705022
форсаж,3,91.4970977,UNCATEGORIZED,3.0772457,5.7625237
якут,4,87.5166439175,UNCATEGORIZED,1.5740722,8.76077
себорея,3,87.89153761666667,UNCATEGORIZED,7.8195825,2.6234324
берилл,1,87.05742375,UNCATEGORIZED,4.2379317,1.3589773
з,9,61.79418008555555,UNCATEGORIZED,-0.245018,5.906484
л,30,62.85812277099999,UNCATEGORIZED,6.5931005,8.282528
м,26,61.5801738126923,UNCATEGORIZED,6.526337,8.2617445
т,22,55.88921549636363,UNCATEGORIZED,6.549357,8.308145
баллон,3,84.38492123000002,UNCATEGORIZED,2.80512,5.1484113
сетчатка,2,95.202765185,UNCATEGORIZED,4.6159167,3.6191654
бурление,2,86.53451016,UNCATEGORIZED,7.6690445,4.6160626
мастит,2,91.916656125,UNCATEGORIZED,7.686441,2.685216
выемка,5,91.849778206,UNCATEGORIZED,4.458803,5.207582
барбитурат,7,89.12798325285713,UNCATEGORIZED,6.828182,3.11755
проповедь,3,84.20787401,UNCATEGORIZED,7.4841824,6.9858627
бургер,7,88.08297048714287,UNCATEGORIZED,3.0330946,2.1982548
брод,4,88.7817071,UNCATEGORIZED,4.362187,5.749794
поручень,5,87.63110725600002,UNCATEGORIZED,3.6293974,5.505788
берцы,4,89.2412441575,UNCATEGORIZED,1.7698941,3.5006077
ворот,4,90.21703196,UNCATEGORIZED,4.192486,5.969671
бистро,3,77.13564955333334,UNCATEGORIZED,4.0720134,7.171037
паранджа,2,92.720158525,UNCATEGORIZED,5.7881083,4.154748
суахили,2,83.723199885,UNCATEGORIZED,6.0621834,6.195599
ларец,6,88.81927629833335,UNCATEGORIZED,2.8192325,4.473955
мусоровоз,3,86.40932692000001,UNCATEGORIZED,3.3079438,7.3762918
поппа,1,87.3045029,UNCATEGORIZED,1.0830151,6.7179737
галька,7,87.80147505571428,UNCATEGORIZED,3.873037,3.211936
увалень,2,84.63396140500001,UNCATEGORIZED,0.8204375,9.711891
дубликат,2,89.91648928000001,UNCATEGORIZED,6.301766,7.1466775
инфекция,6,93.20341916166666,UNCATEGORIZED,7.7238936,2.7928405
конфитюр,3,84.23947140666667,UNCATEGORIZED,3.3004084,1.9692066
каппа,4,91.13218977750002,UNCATEGORIZED,2.1028893,6.7513247
фреза,13,90.39799150923078,UNCATEGORIZED,3.5984225,4.0591345
голосование,7,92.68633882857141,UNCATEGORIZED,6.2836804,7.955482
жених,1,92.77571944,UNCATEGORIZED,2.4813957,8.644472
окситоцин,5,89.553961108,UNCATEGORIZED,5.8389626,2.372355
уточка,2,80.015153615,UNCATEGORIZED,-0.014807703,7.730656
ликантроп,1,82.91787344,UNCATEGORIZED,1.161115,8.051675
красноперка,1,82.91787344,UNCATEGORIZED,0.23468852,5.1064343
транспозиция,2,82.55130564999999,UNCATEGORIZED,6.6697164,3.327199
психопат,2,91.46633883,UNCATEGORIZED,1.2430698,9.824798
сочувствие,2,88.230997,UNCATEGORIZED,9.550717,6.207205
корало,4,91.87372358500001,UNCATEGORIZED,0.26611203,6.6451006
хрюшка,3,83.38502677666666,UNCATEGORIZED,0.6611918,7.5402994
космонавтика,4,89.16302696500001,UNCATEGORIZED,6.622772,4.569386
балагур,1,85.74992339,UNCATEGORIZED,1.2844037,10.025135
дефицит,8,90.83499228125001,UNCATEGORIZED,7.8404813,6.034974
невралгия,1,90.63297287,UNCATEGORIZED,8.109393,2.7808142
толокно,7,88.51936144,UNCATEGORIZED,2.8350077,1.8940736
корвалол,6,88.60006673666668,UNCATEGORIZED,4.6156073,1.7767727
тление,1,94.9792187,UNCATEGORIZED,7.6098843,4.341093
буколика,1,95.26783991,UNCATEGORIZED,6.259562,6.202469
выпад,2,92.609253395,UNCATEGORIZED,5.411907,6.1809363
цирроз,3,92.32303035333332,UNCATEGORIZED,7.8670425,2.7845793
этажерка,3,88.37587510333333,UNCATEGORIZED,3.1777601,4.647508
преосвященство,3,89.20334599333334,UNCATEGORIZED,2.7478316,8.813498
осуществление,4,87.4554720325,UNCATEGORIZED,8.021045,6.632477
создание,5,88.27202433800001,UNCATEGORIZED,7.846127,6.6666813
лекарь,3,92.38491198000001,UNCATEGORIZED,2.5444918,9.678915
довод,2,97.90755069,UNCATEGORIZED,7.962941,7.218765
насыщение,2,96.272316565,UNCATEGORIZED,8.477099,5.6756234
ампутация,3,92.55810075333333,UNCATEGORIZED,7.3115973,3.3181424
обжора,3,93.14169929333333,UNCATEGORIZED,1.0420382,9.776684
круговерть,6,91.50178507999999,UNCATEGORIZED,5.3540497,5.568488
полутень,1,74.97163466,UNCATEGORIZED,5.223936,4.009691
челеста,1,90.79662166,UNCATEGORIZED,0.88803333,6.5517488
эпопея,3,87.01944272666667,UNCATEGORIZED,6.5220785,6.5947194
пейджер,3,87.14334831000001,UNCATEGORIZED,2.9856658,6.2742944
камаз,6,90.49553372500002,UNCATEGORIZED,3.3194888,7.537913
забег,3,87.80679955000001,UNCATEGORIZED,5.4646635,6.8309765
центровка,1,88.36177392,UNCATEGORIZED,6.565836,4.3902173
обязанность,2,91.75017568499999,UNCATEGORIZED,7.76642,7.0222344
человечество,5,90.784182706,UNCATEGORIZED,6.2020764,7.800535
панты,2,90.39793625,UNCATEGORIZED,2.148243,2.4732037
белые,1,78.40544419,UNCATEGORIZED,1.8523452,3.4951196
оранж,2,83.49847350499999,UNCATEGORIZED,1.6105727,6.412842
желт,1,78.40544419,UNCATEGORIZED,4.520448,2.8756955
зеел,1,78.40544419,UNCATEGORIZED,0.6401767,6.7264175
паства,42,99.88553162738096,UNCATEGORIZED,5.1975656,7.8486753
майдан,1,90.497883,UNCATEGORIZED,4.077843,6.2708373
лиман,3,91.20042896,UNCATEGORIZED,4.5745683,5.9602356
амплуа,1,87.66559908,UNCATEGORIZED,3.5134423,9.730341
фарисей,2,92.444533945,UNCATEGORIZED,2.0418222,9.64269
гюрза,3,95.26417810666668,UNCATEGORIZED,0.21323837,7.7456236
съемка,1,92.60970413,UNCATEGORIZED,6.6722183,5.8703303
специальность,3,93.50474298666666,UNCATEGORIZED,8.182162,6.240512
тусовка,8,90.607816375,UNCATEGORIZED,5.7318096,8.006627
драматизация,1,93.34454818,UNCATEGORIZED,6.8283577,3.408228
стратиграфия,1,100.7877022,UNCATEGORIZED,6.800468,2.887922
фурункул,8,88.47083201875,UNCATEGORIZED,5.1917315,3.5918727
оптимизация,1,88.1373078,UNCATEGORIZED,7.4625845,4.821902
разгерметизация,2,89.655345385,UNCATEGORIZED,7.079467,4.5931187
опоздание,5,90.10644186,UNCATEGORIZED,7.966465,6.5328584
латунь,5,80.299521108,UNCATEGORIZED,4.4065247,2.6927886
месиво,4,91.8072926175,UNCATEGORIZED,4.5316286,3.8718705
компенсатор,1,91.45788073,UNCATEGORIZED,2.4822192,5.59226
тютелька,1,91.45788073,UNCATEGORIZED,6.297638,6.378572
нужность,1,92.4396523,UNCATEGORIZED,9.338717,4.610987
горячка,1,92.4396523,UNCATEGORIZED,8.259727,3.0681715
терем,6,91.57240316666667,UNCATEGORIZED,4.1668234,6.4501557
фаланга,10,89.44183226300001,UNCATEGORIZED,5.1759744,8.543801
двойственность,4,88.16761746499999,UNCATEGORIZED,8.830539,4.590318
флуда,2,83.85792265500001,UNCATEGORIZED,0.99711126,6.9355173
гемофилия,1,76.66554542,UNCATEGORIZED,7.8310213,2.8422656
пантон,1,76.66554542,UNCATEGORIZED,1.3002222,7.687395
самаритянин,2,96.22693747,UNCATEGORIZED,1.707609,9.5648575
мазанка,1,91.98060553,UNCATEGORIZED,4.188873,6.344308
сотня,5,86.967075498,UNCATEGORIZED,5.6734567,8.503519
трекер,1,95.19151419,UNCATEGORIZED,1.786712,6.613671
намордник,6,86.615821285,UNCATEGORIZED,2.1019516,4.049696
брахман,1,82.10126396,UNCATEGORIZED,2.1824331,9.195976
толщина,1,91.32150494,UNCATEGORIZED,5.787595,4.9201417
балетмейстер,2,85.978581785,UNCATEGORIZED,3.381785,9.742437
дрожки,2,86.447494925,UNCATEGORIZED,3.2232113,7.78343
васк,1,96.1622315,UNCATEGORIZED,1.227104,7.8897157
аспект,2,93.609102545,UNCATEGORIZED,7.6081567,6.737197
имение,2,85.28685953499999,UNCATEGORIZED,6.9557457,7.6895866
кад,1,76.46318432,UNCATEGORIZED,0.76155436,6.546613
дендрарий,2,77.84715445,UNCATEGORIZED,4.058338,7.0452166
ама,1,76.46318432,UNCATEGORIZED,0.48320878,6.5520444
кастор,2,83.03823913,UNCATEGORIZED,1.2518587,8.120073
салай,1,76.46318432,UNCATEGORIZED,0.9048314,6.7058992
флакончик,1,89.23298271,UNCATEGORIZED,2.8082414,3.9496224
замашка,1,89.23298271,UNCATEGORIZED,8.902763,4.812301
навуходоносор,1,89.56581441,UNCATEGORIZED,2.1923118,9.000963
интервью,9,92.94176159444444,UNCATEGORIZED,5.512524,7.3795815
непогода,2,87.538659535,UNCATEGORIZED,5.378375,4.691653
уборка,8,88.42949135,UNCATEGORIZED,6.6980987,4.8419724
хапуга,2,91.57984292,UNCATEGORIZED,1.2163618,9.679498
буровая,2,89.186457845,UNCATEGORIZED,4.0247836,5.990168
мандраж,4,86.4119993,UNCATEGORIZED,8.2029085,3.5010788
должность,1,88.69259167,UNCATEGORIZED,7.1451592,7.4840918
вай,1,90.70804136,UNCATEGORIZED,0.04523756,6.4432464
мерц,1,90.70804136,UNCATEGORIZED,0.9701728,7.0021887
винч,1,90.70804136,UNCATEGORIZED,0.88679695,6.888468
жох,1,94.12113508,UNCATEGORIZED,1.041586,9.008421
приговор,3,94.55435316333335,UNCATEGORIZED,7.6432266,7.446317
фистула,4,84.638205085,UNCATEGORIZED,5.58044,3.4180524
вульгарность,2,88.94064592000001,UNCATEGORIZED,9.434566,4.713592
экспонат,3,85.16402826666668,UNCATEGORIZED,6.187565,6.6848855
панелька,3,88.21256582333335,UNCATEGORIZED,3.6406608,4.532067
экзотика,3,87.65832181333333,UNCATEGORIZED,6.736375,5.533353
денщик,1,77.3052269,UNCATEGORIZED,3.0534647,8.947816
корзиночка,1,95.13269101,UNCATEGORIZED,3.2462323,4.364795
преференция,1,91.28667521,UNCATEGORIZED,6.138675,3.3894343
аним,1,82.70557268,UNCATEGORIZED,8.227995,4.6498084
низина,5,88.87494201199999,UNCATEGORIZED,4.510272,5.536788
умиротворенность,1,80.58126835,UNCATEGORIZED,9.641924,5.458583
лазурь,8,88.09524298875,UNCATEGORIZED,5.1676273,4.531188
пут,1,85.45276559,UNCATEGORIZED,2.691215,4.3410378
пупырь,1,85.45276559,UNCATEGORIZED,1.0666596,7.2985134
слай,1,85.45276559,UNCATEGORIZED,0.37179554,6.8651586
аксакал,3,83.92813112666666,UNCATEGORIZED,1.5648303,8.892978
истр,1,93.19382751,UNCATEGORIZED,4.0606146,5.796866
упряжь,1,98.72444059,UNCATEGORIZED,2.2890372,3.899737
эпиграмма,4,95.99857166999999,UNCATEGORIZED,6.4050813,6.396254
душмана,1,82.05827541,UNCATEGORIZED,1.0491277,6.296451
неточность,1,83.30619359,UNCATEGORIZED,7.698328,6.1391635
тропка,1,89.04198778,UNCATEGORIZED,4.5486526,5.526149
условность,4,92.65280617,UNCATEGORIZED,9.268744,4.5789604
чуйка,4,87.7368197625,UNCATEGORIZED,4.7466283,4.413987
циркуляр,3,92.92202308333333,UNCATEGORIZED,6.6040125,7.445102
испарина,4,84.56305170499999,UNCATEGORIZED,5.144052,4.0316567
атлант,4,84.3704955675,UNCATEGORIZED,1.2573292,8.194089
бездорожье,1,87.69711799,UNCATEGORIZED,5.424711,4.622565
совокупление,4,86.74291978,UNCATEGORIZED,8.075567,4.8432283
ставрида,3,89.01958786666667,UNCATEGORIZED,0.3376194,5.2441244
паноптикум,4,82.7396642925,UNCATEGORIZED,4.228787,7.0556154
сплав,5,92.149261212,UNCATEGORIZED,4.4604554,2.4423437
пятиэтажка,2,91.84898394999999,UNCATEGORIZED,4.288283,6.2890053
выработка,1,93.28249002,UNCATEGORIZED,7.6827574,6.089535
пяльцы,4,86.1468653275,UNCATEGORIZED,3.5878937,3.776445
парламентаризм,1,85.13544289,UNCATEGORIZED,8.185634,4.887875
облучок,3,84.28272749333333,UNCATEGORIZED,3.1545205,7.9653363
королевство,6,90.49563965333333,UNCATEGORIZED,5.4005833,7.9588833
агрономия,1,82.81408392,UNCATEGORIZED,6.817618,2.8194323
богема,5,88.469550586,UNCATEGORIZED,5.555549,8.220628
фенек,1,89.97374338,UNCATEGORIZED,0.5857538,6.8988037
надзиратель,1,89.97374338,UNCATEGORIZED,2.92828,9.186932
овеществление,1,82.43089856,UNCATEGORIZED,7.442835,4.7738204
подстава,3,87.78245993333333,UNCATEGORIZED,7.1328235,6.0864487
смерд,1,82.43089856,UNCATEGORIZED,1.9476473,9.5763645
гинекология,1,92.92813949,UNCATEGORIZED,6.9331284,4.2770653
розарий,4,87.2992668925,UNCATEGORIZED,4.2350025,6.043778
загрязнение,4,74.84967015999999,UNCATEGORIZED,7.4936347,3.907155
симулятор,3,88.95762022333334,UNCATEGORIZED,2.805854,6.3562527
таксон,1,88.00201269,UNCATEGORIZED,0.94726455,6.7385178
додекаэдр,7,91.94874363142857,UNCATEGORIZED,5.2505927,4.564058
степенность,2,88.232505525,UNCATEGORIZED,9.621422,4.6940136
букле,1,82.72834135,UNCATEGORIZED,4.2018824,3.0849504
номад,1,82.72834135,UNCATEGORIZED,1.5103166,7.599775
ненужность,1,86.21804768,UNCATEGORIZED,9.638634,4.42924
бихевиорист,4,95.402306825,UNCATEGORIZED,6.2590647,3.0989811
нотариус,6,89.26610272166666,UNCATEGORIZED,3.2298124,9.597646
уголек,2,85.70226207,UNCATEGORIZED,3.6076,4.6375856
аранжировка,1,90.44853028,UNCATEGORIZED,6.13169,5.3793163
постриг,1,96.83996275,UNCATEGORIZED,2.3108985,9.580086
мизантропия,3,90.61766418999999,UNCATEGORIZED,8.842436,4.2147694
иеромонах,4,93.21374336,UNCATEGORIZED,2.3268054,9.579598
сохнут,2,90.886350645,UNCATEGORIZED,2.3126154,3.151928
кальмар,9,88.27643961,UNCATEGORIZED,0.13466607,8.260386
учительница,3,93.30040992666666,UNCATEGORIZED,2.4352422,8.227958
облава,3,94.60983256333333,UNCATEGORIZED,6.8143744,6.253256
кадавр,5,88.606053128,UNCATEGORIZED,1.2362914,8.191745
шомпол,9,84.60022066333333,UNCATEGORIZED,2.1260905,5.102161
рефлексология,1,90.30493286,UNCATEGORIZED,6.7895436,2.9204571
балахон,1,89.23337688,UNCATEGORIZED,1.6657658,3.6193712
макинтош,3,90.81654751666667,UNCATEGORIZED,1.6123134,3.6843207
тенор,5,90.47874356199999,UNCATEGORIZED,5.393818,6.8410707
артикул,6,93.52681497333333,UNCATEGORIZED,1.9027323,6.7849994
мушка,2,68.2553882,UNCATEGORIZED,4.066444,4.7742915
тактичность,2,92.71533825,UNCATEGORIZED,9.834011,5.224322
тоннель,5,88.399115604,UNCATEGORIZED,4.382468,5.8986955
нивель,1,92.96067136,UNCATEGORIZED,0.86456597,6.580828
просмотр,3,89.42913830999998,UNCATEGORIZED,7.186377,7.182608
витязь,4,93.4871686225,UNCATEGORIZED,1.7877418,9.138153
полуось,1,93.30556351,UNCATEGORIZED,5.805589,4.3028593
выступление,3,87.13881164000001,UNCATEGORIZED,6.28284,7.7911096
рессора,2,89.237094665,UNCATEGORIZED,3.6627035,4.2308702
раскраска,4,88.9840472925,UNCATEGORIZED,2.392118,3.431118
дежурство,2,91.87854770999999,UNCATEGORIZED,7.3026443,7.8312783
бастурм,4,88.544318175,UNCATEGORIZED,2.903681,2.2467196
аналитика,7,88.39114844428572,UNCATEGORIZED,7.90335,4.6576962
красотища,1,90.38319196,UNCATEGORIZED,6.1745167,5.305059
черепашка,1,90.38319196,UNCATEGORIZED,0.5726013,7.2995076
подпрыгивание,1,90.38319196,UNCATEGORIZED,5.769797,3.4121637
хронология,2,92.89438118000001,UNCATEGORIZED,6.8859663,5.093674
синклит,1,92.91053535,UNCATEGORIZED,5.8066826,8.170988
сыпь,6,90.37271056499999,UNCATEGORIZED,7.9081087,2.65175
атлетика,3,90.36594724999999,UNCATEGORIZED,6.281899,5.067253
ньютон,3,90.3388063,UNCATEGORIZED,2.9237077,10.196277
чеченец,1,87.10647018,UNCATEGORIZED,1.558916,8.88702
буквоед,3,83.71405264333333,UNCATEGORIZED,1.1230934,9.317636
тарантул,8,83.86093727375,UNCATEGORIZED,0.46702862,8.134571
ввод,3,90.32749401666666,UNCATEGORIZED,6.312989,6.470929
молодежь,4,93.424974025,UNCATEGORIZED,5.4497123,8.113094
афазия,3,87.99568525000001,UNCATEGORIZED,8.1325655,3.3325286
петуния,2,95.69203755500001,UNCATEGORIZED,0.7823938,6.4837055
алыча,3,90.08363765333333,UNCATEGORIZED,1.9242213,1.5933021
земледелец,2,95.30729393499999,UNCATEGORIZED,2.307118,9.695545
эсперанто,4,88.3314396775,UNCATEGORIZED,6.084227,6.21597
изолятор,1,85.96494844,UNCATEGORIZED,4.4498434,7.0003557
эскалация,6,83.27183731166667,UNCATEGORIZED,7.4191937,4.7056055
конспирация,1,92.38747015,UNCATEGORIZED,7.7413197,5.529915
бандура,2,92.92887067999999,UNCATEGORIZED,2.826666,4.5700474
фонарик,8,86.44984874875,UNCATEGORIZED,2.9975379,5.248188
уборщица,2,84.00020106,UNCATEGORIZED,2.3730628,7.9836087
гоплит,2,90.258240985,UNCATEGORIZED,1.9024332,8.296483
аккомпанемент,11,92.53250448727273,UNCATEGORIZED,5.491963,6.9515805
мастерок,4,88.7724974875,UNCATEGORIZED,2.3251014,4.8252873
чага,3,88.72221040666666,UNCATEGORIZED,3.8420498,5.496702
перекличка,1,90.55353132,UNCATEGORIZED,6.6608596,5.880682
торнадо,9,88.11342784000001,UNCATEGORIZED,5.141087,4.965183
скрупулезность,4,89.6853323125,UNCATEGORIZED,9.847824,4.9348397
свинка,3,89.4479384,UNCATEGORIZED,7.8711686,2.3822112
суждение,2,95.34531803,UNCATEGORIZED,8.189101,7.0746717
морализаторство,1,90.35581489,UNCATEGORIZED,8.489189,5.250366
безмятежность,14,90.67127905214286,UNCATEGORIZED,9.653546,5.40198
трирема,1,93.48532311,UNCATEGORIZED,2.9537904,6.787878
лакомство,8,89.92143239,UNCATEGORIZED,3.3432193,1.9035532
созвучие,3,87.01244457,UNCATEGORIZED,8.269852,6.0188646
созависимость,5,89.003091048,UNCATEGORIZED,7.462458,3.699086
атака,8,92.20647033624999,UNCATEGORIZED,7.15373,6.4283776
бурда,4,93.1454375625,UNCATEGORIZED,5.028941,3.988396
народность,2,89.99218834999999,UNCATEGORIZED,8.48873,5.257853
гаргулей,2,90.38667195,UNCATEGORIZED,0.88227016,6.5252423
струя,4,83.205495655,UNCATEGORIZED,4.915372,4.4741125
груда,2,90.884609025,UNCATEGORIZED,3.7918782,4.8866353
подельник,1,94.13856348,UNCATEGORIZED,2.1943953,8.685918
психотерапия,3,84.41599714666667,UNCATEGORIZED,7.256837,4.342471
самосохранение,2,88.730323575,UNCATEGORIZED,8.416075,5.524038
оркестрант,1,89.80341904,UNCATEGORIZED,5.9924927,3.6580026
акрополь,7,91.32197419857143,UNCATEGORIZED,4.4246554,6.60575
закулисье,2,87.47387847499999,UNCATEGORIZED,7.934071,4.8217587
засранец,3,84.87602463,UNCATEGORIZED,0.7862987,9.528724
засоня,2,79.74025984,UNCATEGORIZED,0.8614231,9.452799
покрытие,3,91.17956931333333,UNCATEGORIZED,3.8455367,3.6068203
фавн,6,90.02020049833332,UNCATEGORIZED,0.8998101,8.2851
абстрактность,7,93.10766795571428,UNCATEGORIZED,9.207001,4.3557386
вуайеризм,1,83.76830456,UNCATEGORIZED,8.131514,4.606759
тоник,9,89.13420419444445,UNCATEGORIZED,3.5888584,1.7596617
инвариант,9,89.0985956411111,UNCATEGORIZED,6.627193,3.9598083
солипсизм,6,87.857424435,UNCATEGORIZED,8.140274,4.5184045
шен,1,81.97604496,UNCATEGORIZED,0.08217541,6.4080515
румб,3,86.67355139,UNCATEGORIZED,2.8629017,6.148958
вязкость,9,90.71834315444444,UNCATEGORIZED,8.821145,4.100505
лаконичность,5,87.726031156,UNCATEGORIZED,9.508627,4.510394
искренность,24,94.30471743208334,UNCATEGORIZED,9.635536,5.1791525
лант,1,87.53418952,UNCATEGORIZED,0.53368104,6.9751706
сплайн,1,87.53418952,UNCATEGORIZED,5.4943852,4.501629
пошлина,3,89.99548272333332,UNCATEGORIZED,6.8674874,7.556746
пикколо,12,89.09593366166666,UNCATEGORIZED,1.6083661,7.2750387
стружка,4,88.26547987750001,UNCATEGORIZED,3.660321,3.3997135
занимательность,1,81.41986536,UNCATEGORIZED,9.441553,4.389946
многоточие,3,87.01012414000002,UNCATEGORIZED,5.6120605,5.068962
горбуша,1,88.79581073,UNCATEGORIZED,0.2894785,5.1272793
пустобрех,1,93.1231214,UNCATEGORIZED,1.0846148,9.382866
набросок,2,93.45654401,UNCATEGORIZED,5.719531,5.878414
утес,9,91.30336614555557,UNCATEGORIZED,4.398161,5.6277213
рецессия,1,90.40238278,UNCATEGORIZED,7.598442,5.074276
драматизм,2,91.581837355,UNCATEGORIZED,9.012343,4.925926
саморазрушение,5,88.12233654,UNCATEGORIZED,8.321742,5.494697
опенок,6,65.97837094666666,UNCATEGORIZED,1.4874493,6.079244
голиаф,1,82.22389507,UNCATEGORIZED,1.1350319,8.226295
веда,3,88.40755562666668,UNCATEGORIZED,-0.3568662,5.803327
амортизация,2,85.164072975,UNCATEGORIZED,6.965322,7.423063
медальон,1,90.81653567,UNCATEGORIZED,3.0529792,3.7531943
карат,19,94.67611918736843,UNCATEGORIZED,4.2562547,1.4521422
эфемерность,2,87.311784355,UNCATEGORIZED,9.6609335,4.3232236
мытарство,3,87.80322544333335,UNCATEGORIZED,8.597969,5.3694925
ведунья,1,90.19394703,UNCATEGORIZED,2.0648782,8.035902
реверанс,5,87.29606966000001,UNCATEGORIZED,5.6299396,6.152169
киндер,1,90.19394703,UNCATEGORIZED,1.095519,6.7978954
нейромедиатор,27,100.99384530037038,UNCATEGORIZED,6.0300484,2.429235
гладиатор,4,89.7654565775,UNCATEGORIZED,2.1213074,8.84697
ужесточение,1,95.43604224,UNCATEGORIZED,8.208678,6.283399
извинение,2,93.038186615,UNCATEGORIZED,8.213774,7.1772304
шухер,4,87.3890726275,UNCATEGORIZED,6.9797173,6.3275514
асана,1,83.90108316,UNCATEGORIZED,6.5219893,5.013522
ледостав,1,83.90108316,UNCATEGORIZED,5.5027432,5.09078
скованность,1,89.98946581,UNCATEGORIZED,9.887626,5.7081103
кучер,3,93.39810842666667,UNCATEGORIZED,3.2138283,8.104102
робототехника,5,88.19331226599999,UNCATEGORIZED,6.783711,4.4961066
викторина,7,90.06582347285715,UNCATEGORIZED,0.7134121,6.6227655
ква,1,87.02189792,UNCATEGORIZED,0.3352183,7.8006525
вес,7,86.98318416428572,UNCATEGORIZED,7.7210336,6.0072355
антоновка,2,84.9675025,UNCATEGORIZED,1.9227903,1.5747631
галун,1,81.61356655,UNCATEGORIZED,2.189507,3.9651315
обормот,5,93.529253836,UNCATEGORIZED,0.85548955,9.571701
таллер,2,94.06413536,UNCATEGORIZED,1.1796569,7.013392
новатор,3,92.34136438666667,UNCATEGORIZED,2.2367227,10.127532
колдобина,2,85.843066645,UNCATEGORIZED,4.1327777,4.8600974
пикет,3,91.40746957333334,UNCATEGORIZED,4.313402,8.299902
секста,1,86.89478316,UNCATEGORIZED,0.9652489,6.2419715
нечеткость,1,84.04173365,UNCATEGORIZED,9.296327,4.3597455
барбарис,8,90.80910502,UNCATEGORIZED,1.8169447,1.7147568
бомбардировка,3,89.17896990333334,UNCATEGORIZED,7.07949,6.2595115
облигация,8,90.3991271825,UNCATEGORIZED,4.2466693,4.5473742
лидерство,1,90.11493103,UNCATEGORIZED,8.639444,6.485867
альтернативность,1,97.81373596,UNCATEGORIZED,6.773767,3.3354988
бессмертие,4,88.5910640775,UNCATEGORIZED,8.894957,6.3554144
мерка,5,90.38587630399999,UNCATEGORIZED,1.2255671,6.262253
молодица,1,94.49876952,UNCATEGORIZED,1.9938388,7.6848974
макияж,9,89.50574708,UNCATEGORIZED,3.6944416,3.1261013
старец,3,91.46837406000002,UNCATEGORIZED,2.2769804,9.60604
хлопушка,6,90.52592358166667,UNCATEGORIZED,3.342417,4.9992366
иммигрант,1,89.06916365,UNCATEGORIZED,1.7618291,9.571996
хулиган,4,88.79770609,UNCATEGORIZED,1.2574282,9.739223
превосходство,3,88.73390132666668,UNCATEGORIZED,8.582323,6.5575905
телефонистка,1,101.1464534,UNCATEGORIZED,2.6932852,7.814421
кольраби,4,88.00396552999999,UNCATEGORIZED,2.4602704,1.3443292
венец,5,91.09340276200001,UNCATEGORIZED,2.193778,3.9415898
разборчивость,1,89.84659649,UNCATEGORIZED,9.6065645,4.8380756
грибоед,1,84.05579672,UNCATEGORIZED,3.0417008,9.619387
секреция,1,88.39452974,UNCATEGORIZED,6.2159243,2.4512045
пенька,2,86.267760345,UNCATEGORIZED,4.1548696,2.606896
эклипса,3,82.99263329333333,UNCATEGORIZED,1.258319,6.865941
авиатор,2,90.26643356,UNCATEGORIZED,2.6957948,9.684755
веяние,1,84.93900291,UNCATEGORIZED,7.6398168,5.4225035
одурь,1,84.93900291,UNCATEGORIZED,8.516002,3.588238
роллер,1,89.49399423,UNCATEGORIZED,3.13232,7.3935986
шезлонг,8,82.080464295,UNCATEGORIZED,2.8179271,4.6182537
курточка,2,86.04905015,UNCATEGORIZED,1.7613688,3.3727055
отряд,1,92.47689423,UNCATEGORIZED,4.9047427,8.385914
ткемали,1,83.68353045,UNCATEGORIZED,2.5514839,1.4926435
трагичность,1,83.68353045,UNCATEGORIZED,9.639141,4.3921933
облысение,4,87.77283008250001,UNCATEGORIZED,7.9905577,2.8765695
тропик,12,86.84804271666665,UNCATEGORIZED,6.0676317,4.2543287
земство,2,93.400766345,UNCATEGORIZED,5.6652336,8.139887
принадлежность,3,96.39490055666666,UNCATEGORIZED,8.460785,6.154795
саспенс,1,95.5102383,UNCATEGORIZED,6.231483,6.044193
киш,2,92.79689680999999,UNCATEGORIZED,0.3840481,6.7908535
случайность,2,94.60087369499999,UNCATEGORIZED,8.178021,6.093782
побег,10,85.765549135,UNCATEGORIZED,8.161398,6.4923496
насест,2,93.567550725,UNCATEGORIZED,3.794122,6.713807
морозостойкость,2,96.12725803000001,UNCATEGORIZED,8.704434,4.1789503
авеню,3,97.44433780666667,UNCATEGORIZED,4.272787,6.1810474
зверек,1,101.450912,UNCATEGORIZED,0.19236892,8.42609
формалин,2,88.46185212500001,UNCATEGORIZED,4.6633344,2.1706185
шлейф,11,90.26987285636363,UNCATEGORIZED,2.3166976,3.7094026
ламбада,11,93.49919245181817,UNCATEGORIZED,4.8056393,7.6164846
устройство,7,90.85428148571428,UNCATEGORIZED,3.0954971,5.8745923
диарея,9,84.57972512555556,UNCATEGORIZED,8.000022,2.9000764
проводник,5,84.582753926,UNCATEGORIZED,2.77154,8.932158
уста,9,94.58182173,UNCATEGORIZED,6.7754803,6.463078
коленка,5,89.19331532999999,UNCATEGORIZED,3.7933671,3.83923
противогаз,3,84.18774383333334,UNCATEGORIZED,1.8604417,3.9269092
примадонна,3,84.06379741666667,UNCATEGORIZED,2.2952538,7.7472906
ласс,1,97.57631965,UNCATEGORIZED,0.9127864,6.8916726
натиск,1,97.86886071,UNCATEGORIZED,7.8461947,6.594512
зев,1,93.39492642,UNCATEGORIZED,4.3256545,5.422966
буйабес,1,96.91893188,UNCATEGORIZED,3.0684357,2.1785553
тухлятина,1,94.96942216,UNCATEGORIZED,5.4686213,4.7060757
массажист,1,90.07928577,UNCATEGORIZED,2.8378751,10.032899
кич,3,87.08988379333334,UNCATEGORIZED,0.67931676,6.974892
буча,3,90.17354539333333,UNCATEGORIZED,6.873951,6.0338163
харч,8,90.75275178999999,UNCATEGORIZED,3.4283326,2.5249693
трилогия,3,90.52821960666667,UNCATEGORIZED,6.3877115,6.6550283
мрия,2,94.99266852,UNCATEGORIZED,4.943798,4.2086687
археоптерикс,5,89.98052769,UNCATEGORIZED,1.2714955,7.586405
перегонка,1,94.42684599,UNCATEGORIZED,6.955305,4.2997036
музыковед,1,94.42684599,UNCATEGORIZED,3.0666485,10.196222
полоний,4,91.66494789250001,UNCATEGORIZED,4.910283,2.2469928
ефрейтор,1,88.50953071,UNCATEGORIZED,3.269817,9.09429
судимость,1,86.94764793,UNCATEGORIZED,8.330762,4.9525943
крестоносец,7,89.12158680714286,UNCATEGORIZED,1.9181012,8.971515
ретроград,3,87.92333298333334,UNCATEGORIZED,1.5200819,9.939386
узбек,9,89.23955556777778,UNCATEGORIZED,1.5541681,8.825075
цеппелин,1,97.56378272,UNCATEGORIZED,3.0167944,7.1494718
мамба,1,88.40301776,UNCATEGORIZED,0.19573678,7.9976215
святки,2,97.51835176,UNCATEGORIZED,7.2450733,8.023441
тамбурин,3,88.36037003666668,UNCATEGORIZED,3.9442134,7.7077255
графиня,1,90.50320496,UNCATEGORIZED,2.5476377,8.269366
дефект,3,87.91832671666667,UNCATEGORIZED,7.2171025,6.237573
султан,3,94.53414373333334,UNCATEGORIZED,2.103705,9.07118
размах,4,92.08164900749999,UNCATEGORIZED,7.8379865,5.760671
притворство,2,92.92478635,UNCATEGORIZED,8.632406,5.5395193
локализация,1,90.77769571,UNCATEGORIZED,7.672988,3.5656626
велогонка,1,90.77769571,UNCATEGORIZED,5.5375915,7.209193
марсоход,2,87.02108903,UNCATEGORIZED,2.5411158,6.56783
хор,14,87.41011687071429,UNCATEGORIZED,5.6672187,6.9105244
лейтенант,8,94.48416912500001,UNCATEGORIZED,3.4591122,9.08969
контролер,2,91.58575562499999,UNCATEGORIZED,3.0343487,9.052553
алабай,5,81.69263283000001,UNCATEGORIZED,1.1904292,7.790108
буржуазия,3,87.68066431666666,UNCATEGORIZED,5.6190763,8.148205
чудовище,9,90.30271278444444,UNCATEGORIZED,0.7412279,8.661095
валентинка,4,88.33856384,UNCATEGORIZED,1.8710213,7.4778056
неоклассицизм,1,95.46463972,UNCATEGORIZED,7.993281,4.3520865
козелка,3,83.36273786333332,UNCATEGORIZED,1.2465259,7.155997
гастроном,5,87.531293002,UNCATEGORIZED,4.1180573,7.1365023
неспешность,1,79.55075322,UNCATEGORIZED,9.425647,4.549423
опалубка,4,87.2088557425,UNCATEGORIZED,4.123755,4.2252073
протоиерей,2,90.914548795,UNCATEGORIZED,2.353574,9.588801
кукиш,6,90.82746274333334,UNCATEGORIZED,3.1620543,2.9789977
асцендент,4,88.35396808,UNCATEGORIZED,6.280006,4.6565905
полотнище,1,89.4606904,UNCATEGORIZED,1.5009307,4.4059486
градостроительство,9,92.39470684444444,UNCATEGORIZED,6.565681,4.658846
буженина,3,91.36143449333333,UNCATEGORIZED,2.9054499,2.0043485
верп,1,87.3408659,UNCATEGORIZED,1.6243265,6.6446743
пиастр,2,89.26152938,UNCATEGORIZED,4.210306,4.445197
дестабилизация,1,87.3408659,UNCATEGORIZED,7.4922113,4.867091
зипун,1,84.24653609,UNCATEGORIZED,1.6021514,3.6241834
фонограмма,1,89.41409807,UNCATEGORIZED,6.2526507,5.990986
тубус,6,93.32198199333334,UNCATEGORIZED,2.4656825,4.619774
разбег,5,86.41470977399999,UNCATEGORIZED,5.510728,6.4675016
выставка,5,90.055569978,UNCATEGORIZED,5.886083,7.127843
минотавр,2,83.17570075,UNCATEGORIZED,0.8010339,8.531563
кокетка,1,81.52708801,UNCATEGORIZED,2.0216827,7.8009505
банша,2,79.375955825,UNCATEGORIZED,0.5226465,6.915719
неуверенность,1,91.58701904,UNCATEGORIZED,9.825996,5.829596
тизер,1,99.9921875,UNCATEGORIZED,1.0878309,6.8440776
ариозо,1,80.36406129,UNCATEGORIZED,6.322098,3.702953
топонимика,1,89.04591317,UNCATEGORIZED,6.8309803,4.7333245
герпес,18,97.64456899944445,UNCATEGORIZED,7.640545,2.4381459
купальщица,1,89.04591317,UNCATEGORIZED,1.9323819,7.3621397
опричнина,2,85.049967095,UNCATEGORIZED,7.2877507,5.0464606
дворняга,7,65.48267034142857,UNCATEGORIZED,-0.18130285,8.795806
пустоцвет,2,82.40265658,UNCATEGORIZED,1.0280254,9.550982
декомпозиция,1,88.08625591,UNCATEGORIZED,6.7819276,3.3858519
танат,1,88.08625591,UNCATEGORIZED,0.9469081,7.4318614
личность,14,88.7357498442857,UNCATEGORIZED,8.189776,5.661482
рислинг,1,77.22482364,UNCATEGORIZED,3.2698078,1.5792962
бутафор,1,77.22482364,UNCATEGORIZED,1.6626699,7.196651
белена,2,85.99752368,UNCATEGORIZED,1.9413092,2.0022762
лосиха,2,87.70980388,UNCATEGORIZED,0.026063168,8.320678
материализм,5,81.083253418,UNCATEGORIZED,8.243325,4.6379123
плева,1,86.92800976,UNCATEGORIZED,5.239537,3.4530332
депеша,2,91.85921916,UNCATEGORIZED,6.4901586,7.2629404
золовка,2,89.870646905,UNCATEGORIZED,2.245362,7.9999657
плотина,4,89.38894021,UNCATEGORIZED,4.0892754,5.5809145
везикула,2,87.41779894999999,UNCATEGORIZED,7.4371395,2.5281086
обертон,2,92.12633991,UNCATEGORIZED,2.0914705,6.8812103
питбуля,3,83.64261643333333,UNCATEGORIZED,-0.18894345,8.784336
болонка,2,75.76888646,UNCATEGORIZED,-0.18152972,8.795036
овчарка,8,70.16111932000001,UNCATEGORIZED,-0.24570821,8.803868
колли,5,63.437202114,UNCATEGORIZED,-0.27811056,8.819842
держатель,1,92.40346844,UNCATEGORIZED,3.6539354,9.467028
браток,1,92.40346844,UNCATEGORIZED,1.8430265,8.517849
вендор,1,83.44922257,UNCATEGORIZED,1.1398158,6.923267
явь,9,93.12401648222222,UNCATEGORIZED,7.8421025,6.0472965
ярил,2,91.71752469,UNCATEGORIZED,1.0827539,7.3996673
клонирование,2,89.970295335,UNCATEGORIZED,7.0735455,4.1726956
бесенок,1,89.81571153,UNCATEGORIZED,0.81446874,8.922788
дуболом,1,89.81571153,UNCATEGORIZED,1.1485106,9.213987
вожделение,6,90.96697261833333,UNCATEGORIZED,9.444794,5.9655275
идеал,7,88.51799482571428,UNCATEGORIZED,7.776453,6.7432866
ялик,2,90.393797355,UNCATEGORIZED,3.0032594,6.909432
табор,2,89.403702125,UNCATEGORIZED,4.4090176,7.1561
шкатулочка,1,69.39878478,UNCATEGORIZED,3.2174115,4.300945
рюмочка,1,69.39878478,UNCATEGORIZED,3.457518,4.2241035
лопаточка,1,69.39878478,UNCATEGORIZED,3.2431736,4.4781785
лодочка,1,69.39878478,UNCATEGORIZED,2.9901352,6.7923727
розочка,2,81.45997648,UNCATEGORIZED,1.4152977,2.4527206
торрент,1,91.02071594,UNCATEGORIZED,1.1758304,7.073772
кон,3,92.05227672333335,UNCATEGORIZED,0.0345259,6.2615514
долгота,6,90.43858958999999,UNCATEGORIZED,5.946737,4.8773584
наследственность,2,90.654930975,UNCATEGORIZED,8.617243,4.13997
производитель,2,90.209929065,UNCATEGORIZED,3.479955,9.707676
придаток,1,88.21359672,UNCATEGORIZED,6.189078,5.5932517
нарезка,2,75.88364215,UNCATEGORIZED,3.1391697,2.104609
гегемония,6,88.86332779333333,UNCATEGORIZED,7.4818025,5.8030457
промах,2,92.89166112000001,UNCATEGORIZED,7.5993233,6.3159804
дост,1,91.82442659,UNCATEGORIZED,1.9642149,8.94964
тропарь,10,95.431057099,UNCATEGORIZED,5.9343486,6.9925323
новина,1,91.82442659,UNCATEGORIZED,4.1484733,5.2979393
псарня,1,59.85993281,UNCATEGORIZED,4.2237797,6.382422
носилки,3,92.16799067,UNCATEGORIZED,3.4763596,7.7637725
механизация,2,89.504900005,UNCATEGORIZED,7.3585677,4.8497715
приведение,6,89.86895039833333,UNCATEGORIZED,8.154867,6.459268
блендер,3,83.36875929333333,UNCATEGORIZED,2.9924824,5.1718636
кала,1,94.9843061,UNCATEGORIZED,5.378092,3.3472178
лайка,3,75.55661860333333,UNCATEGORIZED,-0.22039808,8.768423
депортация,4,88.7873141075,UNCATEGORIZED,7.432668,5.3509703
валериана,1,90.88214375,UNCATEGORIZED,1.8001581,1.7974253
сорт,3,92.37710542999999,UNCATEGORIZED,2.3661757,2.0328064
перевес,7,98.56896398285714,UNCATEGORIZED,8.445538,6.8361726
отклик,2,88.56403651,UNCATEGORIZED,6.7473316,6.3657074
собачка,6,61.96783662666667,UNCATEGORIZED,-0.14270784,8.776708
нейлон,5,88.264213326,UNCATEGORIZED,4.1235514,2.9604676
поллитра,1,98.85061696,UNCATEGORIZED,4.060035,4.198744
самор,1,98.85061696,UNCATEGORIZED,1.1172774,6.551018
пангей,1,94.08208468,UNCATEGORIZED,3.359818,5.769393
плюха,1,94.08208468,UNCATEGORIZED,5.758398,5.0473695
бель,1,87.91740585,UNCATEGORIZED,0.2646566,6.478788
тафта,1,87.91740585,UNCATEGORIZED,4.050095,3.2492545
рол,2,89.03305141499999,UNCATEGORIZED,0.46037444,6.9239564
турна,1,87.91740585,UNCATEGORIZED,1.0238416,6.2627883
руина,3,96.06697359333333,UNCATEGORIZED,4.512425,6.219922
пафос,4,93.99526305,UNCATEGORIZED,8.941515,5.146378
каторга,5,90.833094296,UNCATEGORIZED,4.571094,6.510417
коловорот,9,85.13994362777778,UNCATEGORIZED,2.296109,4.980179
изгнание,3,92.06758991666668,UNCATEGORIZED,8.088637,6.5577283
горка,6,87.94375435833332,UNCATEGORIZED,3.5762177,4.7108197
пасюк,1,87.64562797,UNCATEGORIZED,0.8182234,7.544472
мицубиси,1,87.97056609,UNCATEGORIZED,3.4097977,7.723008
люлька,8,92.5275167025,UNCATEGORIZED,3.2807539,4.643211
жесткость,4,95.261829185,UNCATEGORIZED,9.83865,5.122505
разлучница,1,97.29730903,UNCATEGORIZED,1.8412561,7.740324
жульен,6,92.53369501333334,UNCATEGORIZED,0.83878374,7.1325226
дуло,3,90.94265516,UNCATEGORIZED,1.8993467,5.0562725
мускат,4,87.3088864325,UNCATEGORIZED,3.2128692,1.4564176
сибаритство,1,95.52012697,UNCATEGORIZED,8.444153,5.1547103
толпа,5,92.90395453,UNCATEGORIZED,5.3962903,8.327478
пенициллин,7,87.9141264057143,UNCATEGORIZED,4.632354,1.7976656
крестины,4,92.9732568375,UNCATEGORIZED,7.3032084,7.678125
опилка,5,89.99144682000001,UNCATEGORIZED,2.5270717,4.797218
словоупотребление,1,88.46370898,UNCATEGORIZED,7.2651367,4.8675222
продажа,2,89.34621153,UNCATEGORIZED,7.002184,6.6871586
субъектность,3,88.83214246,UNCATEGORIZED,9.016814,4.6156893
пеленг,1,93.78700172,UNCATEGORIZED,5.1889257,6.022388
харчо,2,90.71966495000001,UNCATEGORIZED,3.063036,1.9830323
тетралогия,1,89.19760191,UNCATEGORIZED,6.5288467,4.32626
американец,3,95.75480478333333,UNCATEGORIZED,1.7116815,9.163996
морзянка,2,91.24874721,UNCATEGORIZED,3.985003,7.712869
тяжеловоз,1,91.85309433,UNCATEGORIZED,0.63341516,8.660186
билетер,1,91.85309433,UNCATEGORIZED,2.81707,8.609298
фабиол,1,98.09787215,UNCATEGORIZED,0.47052154,6.6014943
хроника,4,91.0349247375,UNCATEGORIZED,6.414462,7.1357374
зимник,1,99.04556946,UNCATEGORIZED,4.10598,5.788426
поволока,2,92.973337405,UNCATEGORIZED,5.1758304,4.0327945
форель,4,92.834330385,UNCATEGORIZED,0.30324593,5.156293
истребитель,40,95.237072937,UNCATEGORIZED,3.1200922,7.3640575
преобразование,3,82.43678585666667,UNCATEGORIZED,8.13525,6.43838
маразматик,1,89.23956794,UNCATEGORIZED,1.0178533,9.661767
трупоед,2,102.5572296,UNCATEGORIZED,1.2199891,8.019575
экспрессионизм,7,93.29796261142857,UNCATEGORIZED,8.010151,4.284908
рейл,1,83.54896204,UNCATEGORIZED,0.74062026,7.0891137
максим,1,90.19963484,UNCATEGORIZED,2.2228372,8.465592
десяток,3,85.86150259666668,UNCATEGORIZED,5.998216,8.468413
бездуховность,1,99.07898456,UNCATEGORIZED,9.33609,4.8862157
аккомодация,5,82.19295954,UNCATEGORIZED,7.2098093,4.354798
горсть,4,95.15985355,UNCATEGORIZED,2.6763685,3.5744348
исчезновение,3,93.29359415666666,UNCATEGORIZED,8.083264,6.646893
пародонтоз,3,93.49857321999998,UNCATEGORIZED,7.7691984,2.5616856
килобайт,4,97.4237386975,UNCATEGORIZED,4.056539,4.8348346
написание,2,96.58356814,UNCATEGORIZED,7.7756386,6.8789577
рефлексия,6,85.886658705,UNCATEGORIZED,8.55608,4.830457
стая,8,87.55579190375,UNCATEGORIZED,5.3098984,8.53586
соляр,3,95.82169466666666,UNCATEGORIZED,4.2314854,2.4709394
молдаванин,6,93.96877007333335,UNCATEGORIZED,1.5196142,8.721317
первопричина,1,93.66136013,UNCATEGORIZED,7.061841,5.6326118
зеркальность,2,91.58311982000001,UNCATEGORIZED,9.0807295,4.260056
заголовок,2,93.99219718500001,UNCATEGORIZED,6.2151337,6.9986353
чашелистик,1,83.16741164,UNCATEGORIZED,3.9105299,2.7992425
спиннер,9,91.63744569222223,UNCATEGORIZED,1.17337,6.7224636
компромат,5,94.022955588,UNCATEGORIZED,8.082305,5.72792
лимонник,1,94.58413845,UNCATEGORIZED,1.914154,1.728784
артикль,4,89.49466632250001,UNCATEGORIZED,6.187682,5.4014173
прокламация,3,87.79221266,UNCATEGORIZED,6.49096,7.2825336
штрипка,3,94.09395432999999,UNCATEGORIZED,1.8203744,3.4278464
залежь,4,90.881725035,UNCATEGORIZED,4.6667194,5.4324
гармоника,2,85.47441272,UNCATEGORIZED,4.020722,7.954684
угловатость,1,82.35804297,UNCATEGORIZED,9.519647,4.3045096
лошадка,3,90.08286713666666,UNCATEGORIZED,0.23591456,8.929427
тетр,3,96.34049922000001,UNCATEGORIZED,6.2175536,7.4597254
плюш,5,89.762728258,UNCATEGORIZED,4.0185947,3.1018312
меланин,2,89.72862406,UNCATEGORIZED,5.5127125,2.4102604
лямка,5,90.305307258,UNCATEGORIZED,3.0354035,3.8385732
отсчет,4,93.61462557750001,UNCATEGORIZED,5.7806892,6.6821117
ария,5,92.63508585999999,UNCATEGORIZED,0.096081026,6.543358
контрперенос,2,87.348478,UNCATEGORIZED,7.890424,4.5906096
акциденция,1,86.16403562,UNCATEGORIZED,7.8660393,4.8495283
интермедия,1,82.46321291,UNCATEGORIZED,6.191283,6.2680993
возмужание,1,91.33572477,UNCATEGORIZED,8.61195,5.4045715
обязательство,3,89.63336213000001,UNCATEGORIZED,7.569349,7.579815
кирза,2,86.16697916000001,UNCATEGORIZED,3.559245,4.1270623
заумь,4,89.9858361675,UNCATEGORIZED,6.618422,5.633984
лицей,2,94.65791393500001,UNCATEGORIZED,5.077452,7.443453
угон,2,88.21106663,UNCATEGORIZED,8.274339,5.98916
укор,5,89.704662864,UNCATEGORIZED,9.188176,6.305681
возмущение,7,90.92629571857142,UNCATEGORIZED,9.560318,6.3322377
стеклодув,3,92.82923011333332,UNCATEGORIZED,2.485363,9.824856
разговорник,1,89.33293758,UNCATEGORIZED,6.0702486,7.1652827
ватага,2,89.95767007500001,UNCATEGORIZED,5.3159747,8.534808
волынка,5,89.11230304,UNCATEGORIZED,3.9900079,7.905623
противовес,1,92.14053483,UNCATEGORIZED,8.214241,6.6837935
линкор,2,94.55356348000001,UNCATEGORIZED,3.097206,7.280867
пересуд,1,90.25636347,UNCATEGORIZED,6.4452434,3.2557561
маслобойня,1,89.57981151,UNCATEGORIZED,3.5033362,5.7272706
лодырь,6,89.49617957499999,UNCATEGORIZED,0.94676816,9.788567
платочек,1,84.34191989,UNCATEGORIZED,2.0445461,3.7959096
сиквел,2,89.261170435,UNCATEGORIZED,6.7071342,5.6039124
пробег,1,88.75425533,UNCATEGORIZED,5.483385,6.671376
чека,2,90.03144118,UNCATEGORIZED,6.361497,7.64803
авторитарность,2,90.42013873,UNCATEGORIZED,9.111915,4.477343
софт,1,95.57561275,UNCATEGORIZED,3.1335306,6.387175
шнобель,2,91.19494971,UNCATEGORIZED,0.85694134,8.641725
отсвет,3,91.50345382333334,UNCATEGORIZED,4.6579337,4.6917105
стервозность,1,85.47256956,UNCATEGORIZED,9.48238,4.5825186
хрестоматия,7,90.22405984142858,UNCATEGORIZED,6.9470224,5.083582
бри,1,90.47453918,UNCATEGORIZED,2.9234223,1.778881
язычник,2,90.30738718,UNCATEGORIZED,1.8067636,9.778407
удел,5,93.50633141200001,UNCATEGORIZED,8.409745,6.7763834
композитор,7,84.99818382285716,UNCATEGORIZED,3.4254858,9.855261
адъютант,9,89.44029831333334,UNCATEGORIZED,3.2540278,9.021368
зодчество,2,88.76422364,UNCATEGORIZED,6.431001,4.778211
персонал,2,88.67563340000001,UNCATEGORIZED,4.6875257,8.288795
слепень,3,87.03942784333333,UNCATEGORIZED,0.33723837,7.9121447
кривляние,1,87.17383083,UNCATEGORIZED,8.58164,5.3767505
маршрутизация,1,85.84459743,UNCATEGORIZED,6.68212,3.4806676
сборка,2,88.956992195,UNCATEGORIZED,6.9081535,5.273452
недосып,3,92.75650681333333,UNCATEGORIZED,8.384632,3.6958556
шкот,2,83.67975791500001,UNCATEGORIZED,2.8027494,6.1495814
материаловедение,1,88.36702492,UNCATEGORIZED,6.7344704,2.8062701
слюнтяй,3,87.64981995666666,UNCATEGORIZED,0.86071444,9.614636
общежитие,5,90.949101378,UNCATEGORIZED,4.569741,7.0203032
краковяк,4,88.5281999675,UNCATEGORIZED,4.8082376,7.553097
образованность,2,92.84277797499999,UNCATEGORIZED,9.408882,5.142902
дельта,5,92.516331438,UNCATEGORIZED,2.1274588,6.73874
алеф,1,79.50865492,UNCATEGORIZED,2.0232055,6.661519
инициатор,3,90.57236100333334,UNCATEGORIZED,3.0836985,9.872449
рутений,2,79.53536709,UNCATEGORIZED,6.7540298,3.522364
рождаемость,2,91.245450185,UNCATEGORIZED,8.565563,4.7897897
сакура,5,92.18182887600001,UNCATEGORIZED,1.5370965,2.2494228
вегетарианец,2,91.119377145,UNCATEGORIZED,1.5794114,10.050836
ошеломление,2,86.54528020500001,UNCATEGORIZED,9.677056,6.1278076
блаженство,7,79.05872896857143,UNCATEGORIZED,9.3271055,6.1376233
суть,9,88.2323567388889,UNCATEGORIZED,7.974789,6.4345293
двоечник,2,90.70931704,UNCATEGORIZED,1.3757886,9.4661875
партнер,7,85.32803466285715,UNCATEGORIZED,3.0170112,9.143943
вместилище,6,90.92744739833334,UNCATEGORIZED,4.6759105,6.408583
ларингит,3,83.58790342333334,UNCATEGORIZED,7.817213,2.4681518
узелок,3,94.11972764000001,UNCATEGORIZED,2.464601,4.0120544
тушенка,1,88.78115425,UNCATEGORIZED,2.9082506,2.0414906
протяженность,2,93.21416957,UNCATEGORIZED,6.043711,5.022947
застава,1,95.23688878,UNCATEGORIZED,4.5930753,6.882745
манифест,6,94.939697115,UNCATEGORIZED,6.701612,7.4814706
жизнеспособность,2,96.25533793,UNCATEGORIZED,8.929613,4.8082347
чуча,1,92.49165981,UNCATEGORIZED,0.733715,7.314884
кубрик,3,90.68215238666666,UNCATEGORIZED,3.6270897,6.4038057
адаптивность,1,91.44703256,UNCATEGORIZED,8.871936,4.2569585
нонсенс,4,86.0604985775,UNCATEGORIZED,7.462999,5.740459
лесничество,6,89.43662775166666,UNCATEGORIZED,4.5817504,7.1124187
кафедра,27,94.63118198629628,UNCATEGORIZED,5.067964,7.293932
сгущенка,17,87.95949349882352,UNCATEGORIZED,2.9758747,2.1086373
пузо,11,91.26534306727272,UNCATEGORIZED,4.1003466,3.749376
энтузиазм,3,91.67887485333334,UNCATEGORIZED,9.389299,5.777033
скоросшиватель,1,94.79764469,UNCATEGORIZED,2.6842723,5.220558
фритюр,3,90.72379471333333,UNCATEGORIZED,5.216303,3.0932016
пособничество,2,88.51904057,UNCATEGORIZED,8.405905,5.7786994
перипетия,3,96.60043611666667,UNCATEGORIZED,7.3593106,6.8146253
превратность,1,93.98863583,UNCATEGORIZED,9.108729,4.298213
кровоизлияние,3,88.63535755,UNCATEGORIZED,7.783693,2.9627573
эстамп,3,90.01787132333334,UNCATEGORIZED,1.3268342,7.3844495
ведомство,2,98.20952782,UNCATEGORIZED,5.737225,8.080375
гекзаметр,1,92.29033749,UNCATEGORIZED,1.4339708,5.356558
анархизм,4,78.73626343,UNCATEGORIZED,8.287152,4.663855
сныть,3,85.45294797666668,UNCATEGORIZED,1.9221712,1.7614189
сфероид,1,75.37885189,UNCATEGORIZED,5.224244,4.655898
мулат,1,75.37885189,UNCATEGORIZED,1.639574,9.024065
жлоб,8,89.06776647000001,UNCATEGORIZED,0.97904253,9.598477
лобызание,1,82.63290706,UNCATEGORIZED,5.612047,3.3242924
пылища,1,82.63290706,UNCATEGORIZED,5.889081,5.0532904
криокамера,4,90.07516060249999,UNCATEGORIZED,2.2152014,5.991993
вербализация,5,87.28159573399999,UNCATEGORIZED,6.735489,3.333746
виварий,1,81.30534429,UNCATEGORIZED,4.0970764,7.0226483
кровопускание,2,84.00773788,UNCATEGORIZED,6.3986187,3.6672943
лифтер,2,96.43323032500001,UNCATEGORIZED,3.1330886,8.776
роптание,1,92.13442947,UNCATEGORIZED,8.217666,5.1984777
заскок,1,92.13442947,UNCATEGORIZED,6.8643804,6.4786563
буржуа,1,92.13442947,UNCATEGORIZED,2.140758,9.949437
поручик,3,94.66760008666667,UNCATEGORIZED,3.279663,9.061023
заложница,1,95.27632165,UNCATEGORIZED,2.2273962,7.731057
лоскут,4,89.76149797749999,UNCATEGORIZED,2.787487,3.2213087
защелка,2,89.60714495,UNCATEGORIZED,3.5078187,4.731328
анал,10,87.04166267000001,UNCATEGORIZED,-0.18960305,5.8909407
катушка,5,84.22753896000002,UNCATEGORIZED,2.522516,5.392939
присыпка,2,83.895762775,UNCATEGORIZED,3.937658,4.5805564
армяк,3,82.13181773333334,UNCATEGORIZED,1.6037629,3.6328375
ихтиозавр,7,82.88179676714286,UNCATEGORIZED,1.316703,7.777371
мезальянс,4,87.13604542,UNCATEGORIZED,7.719713,5.649954
гравер,1,80.10045783,UNCATEGORIZED,2.9274015,10.124999
ратификация,1,85.7079389,UNCATEGORIZED,7.1923485,4.990264
мурава,1,81.71426304,UNCATEGORIZED,1.9474509,3.2425363
рукавица,3,88.09728759,UNCATEGORIZED,2.818504,3.7798
старь,2,85.78273946,UNCATEGORIZED,1.2469852,9.575683
ирод,1,91.0636116,UNCATEGORIZED,2.1630285,9.071224
укол,9,86.92709157111112,UNCATEGORIZED,4.5625377,3.8999934
мастика,4,93.82533488499999,UNCATEGORIZED,4.282813,2.909844
обнажение,1,95.20740982,UNCATEGORIZED,8.352735,5.8655033
симбиот,1,88.88360862,UNCATEGORIZED,1.4177523,7.5949287
лахудра,1,89.04784247,UNCATEGORIZED,1.9602365,7.5110164
пособие,2,93.77907976,UNCATEGORIZED,7.1198106,7.3488097
просека,2,92.68868158500001,UNCATEGORIZED,4.502583,5.5020266
община,3,93.58918498333333,UNCATEGORIZED,5.439452,7.7899776
уголок,1,89.84477828,UNCATEGORIZED,3.990647,5.760373
таблица,15,88.68081337866667,UNCATEGORIZED,6.7854533,5.846331
активность,7,87.54591950857142,UNCATEGORIZED,9.0482025,5.179876
деформация,2,86.936599185,UNCATEGORIZED,7.7000904,3.5414598
счетчик,2,89.903069125,UNCATEGORIZED,2.8627446,5.835881
зорба,1,87.38816524,UNCATEGORIZED,1.0502923,7.183752
кант,3,91.44133766,UNCATEGORIZED,2.958623,10.174765
лесина,1,96.25027907,UNCATEGORIZED,3.3576667,4.4192986
пузырек,4,91.2477815775,UNCATEGORIZED,2.808703,3.903545
флибустьер,3,87.65992081666667,UNCATEGORIZED,1.768689,9.431285
правота,1,87.08131429,UNCATEGORIZED,8.6959095,5.459775
тельце,1,87.08131429,UNCATEGORIZED,4.0292487,3.906287
аниматор,2,88.16206908500001,UNCATEGORIZED,1.2829242,8.199483
разбой,5,90.90328250000002,UNCATEGORIZED,8.295392,5.8421288
гипертрофия,1,81.93083128,UNCATEGORIZED,7.668499,3.052404
яичко,1,81.93083128,UNCATEGORIZED,2.7869413,2.1659937
коклюш,18,94.06102975166668,UNCATEGORIZED,7.861923,2.4289172
износ,7,95.70915965000002,UNCATEGORIZED,7.4483914,4.2176256
задержка,2,88.938294015,UNCATEGORIZED,7.3385477,6.267688
сепия,2,86.33162858,UNCATEGORIZED,4.272619,2.471074
армагеддон,5,92.593888652,UNCATEGORIZED,6.871487,6.6936955
деканат,3,90.09892601666667,UNCATEGORIZED,4.747218,7.483139
подмастерье,2,91.80063707,UNCATEGORIZED,2.4492815,9.624094
металлоискатель,5,93.105864124,UNCATEGORIZED,2.5419152,5.930327
жеребец,5,72.93305584800001,UNCATEGORIZED,0.3047239,8.893581
судак,3,90.74619429666666,UNCATEGORIZED,0.2098677,5.1401463
бойфренд,1,90.06897859,UNCATEGORIZED,2.2940834,8.657336
малышня,1,90.06897859,UNCATEGORIZED,5.3237205,8.51675
мытарь,2,92.74122427500001,UNCATEGORIZED,2.074554,9.618558
боеприпас,1,96.81511891,UNCATEGORIZED,2.0113108,5.2657766
миллениум,2,90.00587217,UNCATEGORIZED,2.4318335,6.9692774
фито,1,85.94702691,UNCATEGORIZED,1.2699325,6.435015
фарс,5,86.205947302,UNCATEGORIZED,5.939437,7.114044
тюк,2,86.927537355,UNCATEGORIZED,2.499187,4.168043
минерв,1,93.07956331,UNCATEGORIZED,0.08048534,6.7249475
разморозка,1,89.31640705,UNCATEGORIZED,6.5968294,3.2151456
дундук,1,89.31640705,UNCATEGORIZED,1.030013,9.51773
батя,3,90.48576011333334,UNCATEGORIZED,2.019923,8.578337
июнь,11,59.824871637272715,UNCATEGORIZED,7.180377,8.751072
йог,6,89.677773505,UNCATEGORIZED,2.1907213,9.44211
мета,2,92.42756134499999,UNCATEGORIZED,0.44313172,6.6299806
объектив,7,88.95510373428571,UNCATEGORIZED,3.0391772,5.5944533
крутило,1,92.70355672,UNCATEGORIZED,3.1109436,6.5819345
китель,5,87.98741992400001,UNCATEGORIZED,1.5426803,3.6129992
блинчик,6,90.11679059833334,UNCATEGORIZED,3.0290244,2.3069038
срать,2,88.41941845,UNCATEGORIZED,0.6840732,9.310036
тепловоз,2,86.056225685,UNCATEGORIZED,3.558866,7.5849295
итака,1,93.02135002,UNCATEGORIZED,3.7891402,7.02762
претворение,1,93.02135002,UNCATEGORIZED,8.227794,6.4662685
вьюн,2,85.68818917499999,UNCATEGORIZED,0.20076065,5.2617173
альвеола,4,87.26496738750001,UNCATEGORIZED,6.298037,2.6132457
рарог,1,82.63121445,UNCATEGORIZED,0.032267526,7.8024955
пассионарность,3,88.61619319,UNCATEGORIZED,8.572217,4.6279283
органелла,2,90.59228676500001,UNCATEGORIZED,6.0702252,2.8524587
выродок,8,89.159688575,UNCATEGORIZED,1.1079634,9.582872
камзол,5,90.29649139200001,UNCATEGORIZED,1.4742059,3.5770705
бердо,1,80.07734039,UNCATEGORIZED,0.9288571,6.8860583
кондотьер,1,80.07734039,UNCATEGORIZED,2.1626327,9.284604
струг,1,80.07734039,UNCATEGORIZED,3.0088255,6.8990397
хелицеры,1,94.10940567,UNCATEGORIZED,4.648316,3.2418106
ибис,1,92.70573624,UNCATEGORIZED,0.17566578,7.929749
кириллица,13,87.3583844176923,UNCATEGORIZED,6.30074,4.984456
выброс,1,82.392903,UNCATEGORIZED,5.3882537,5.4255967
километраж,1,82.392903,UNCATEGORIZED,5.411183,6.493738
бутик,1,86.33881008,UNCATEGORIZED,4.1530824,7.101007
кроссворд,11,88.96492441181819,UNCATEGORIZED,5.104822,7.2353992
кривляка,1,94.25299348,UNCATEGORIZED,1.0826288,9.546052
изделие,2,94.09426152500001,UNCATEGORIZED,7.192358,6.8866134
элеутерококк,2,89.72614432,UNCATEGORIZED,1.8794382,1.7218684
епархия,8,90.32482788875001,UNCATEGORIZED,5.1201825,7.330716
сессия,3,93.89114649666668,UNCATEGORIZED,6.039363,7.84486
танкист,1,80.10969749,UNCATEGORIZED,3.103342,9.168472
подводник,1,80.10969749,UNCATEGORIZED,2.6564589,9.494378
плоть,5,87.91745267799999,UNCATEGORIZED,4.5415783,3.8167841
туя,1,87.11464236,UNCATEGORIZED,1.7818052,1.9195386
основание,2,95.544937795,UNCATEGORIZED,4.731935,5.6137524
домофон,6,84.55836315833334,UNCATEGORIZED,2.9848585,6.2180753
гарь,5,89.377051158,UNCATEGORIZED,5.0838404,3.8518367
отморозок,2,92.278317075,UNCATEGORIZED,0.8826998,9.656569
купирование,1,99.75748663,UNCATEGORIZED,7.1040673,3.9406729
нестяжательство,1,99.75748663,UNCATEGORIZED,9.174457,4.8671603
трущоба,4,85.9993104975,UNCATEGORIZED,4.608061,6.1221137
комок,5,93.23308793000001,UNCATEGORIZED,3.6800976,4.3591933
темница,1,93.46085895,UNCATEGORIZED,4.379825,6.2958455
паль,1,93.46085895,UNCATEGORIZED,0.34115192,6.454751
бензоколонка,4,86.18383772499999,UNCATEGORIZED,4.222822,6.597232
исполком,2,88.26719116,UNCATEGORIZED,5.8112364,7.9906425
поклонение,1,94.54359883,UNCATEGORIZED,8.488944,6.274677
наводнение,6,93.630234755,UNCATEGORIZED,5.3956,5.0931706
сексуальность,3,88.24932029666667,UNCATEGORIZED,9.409416,5.1867957
паренхима,8,89.44966922625,UNCATEGORIZED,7.583699,2.8620195
лука,2,94.17505751,UNCATEGORIZED,2.629953,1.4806788
последовательность,3,95.17779204666665,UNCATEGORIZED,7.8405266,5.5121555
дегенерат,7,87.30377702428572,UNCATEGORIZED,0.9914554,9.554444
движуха,1,80.59950198,UNCATEGORIZED,6.6440225,5.6112385
дистиллят,4,86.47095397,UNCATEGORIZED,4.7998343,2.3713317
соса,3,95.29578271666668,UNCATEGORIZED,1.2478861,7.068176
шарманка,6,91.55485473499999,UNCATEGORIZED,4.010227,8.005157
предвидение,2,93.628941965,UNCATEGORIZED,8.548284,6.6059666
чистоплотность,1,92.87053313,UNCATEGORIZED,9.766913,4.9746637
веранда,10,92.70246697500001,UNCATEGORIZED,4.0798,6.0135636
интеллектуальность,1,84.66373477,UNCATEGORIZED,9.341397,4.647288
сказ,1,74.52897777,UNCATEGORIZED,6.4582777,7.982011
доля,4,87.961033145,UNCATEGORIZED,7.0530005,7.6567197
выход,5,84.37535022400002,UNCATEGORIZED,4.677491,6.1641474
смотрины,2,87.49890568500001,UNCATEGORIZED,7.1996517,7.6492453
подъем,3,82.00104642333334,UNCATEGORIZED,5.3367734,6.190958
низ,3,85.81381145666667,UNCATEGORIZED,4.440125,3.8662713
неженка,1,96.5800816,UNCATEGORIZED,1.0023259,9.652714
таяние,1,96.5800816,UNCATEGORIZED,7.4397016,3.9686694
последок,1,92.75308349,UNCATEGORIZED,1.0414158,9.288016
скаж,1,92.75308349,UNCATEGORIZED,-0.14486904,5.9194717
сход,1,92.75308349,UNCATEGORIZED,6.0822105,7.8333216
экземпляр,3,88.80460684666666,UNCATEGORIZED,6.359614,6.921319
унижение,4,94.48022242,UNCATEGORIZED,8.967524,6.081319
сарафан,7,88.72027412142857,UNCATEGORIZED,1.6198759,3.5730748
рыт,1,86.09620426,UNCATEGORIZED,0.9798713,7.072115
прорастание,1,91.43484889,UNCATEGORIZED,7.401698,4.0518556
дискриминация,8,88.614496865,UNCATEGORIZED,8.135671,5.0012794
зевака,3,89.82763126666667,UNCATEGORIZED,1.0579396,9.684261
вкладка,2,98.950734135,UNCATEGORIZED,6.4831944,5.083473
меренга,5,90.45298207200001,UNCATEGORIZED,3.2347348,2.1273665
миролюбие,2,94.28125596999999,UNCATEGORIZED,9.716547,5.577678
прачечная,4,89.64375759,UNCATEGORIZED,4.2987523,6.6896925
планетоид,1,92.52985904,UNCATEGORIZED,3.3121953,7.0227666
колдун,4,91.5711438775,UNCATEGORIZED,1.9889686,9.101247
выжимка,1,97.69090751,UNCATEGORIZED,5.5783124,4.632883
соответствие,1,97.69090751,UNCATEGORIZED,8.320641,6.2871885
земледелие,1,91.61387962,UNCATEGORIZED,6.4463983,4.5435123
пунк,1,89.05825735,UNCATEGORIZED,0.9274555,7.271136
именинница,1,91.65804901,UNCATEGORIZED,2.13107,7.8465366
мощность,4,90.946232085,UNCATEGORIZED,5.7130384,5.026821
падение,4,93.47014504,UNCATEGORIZED,8.049425,6.3665185
трафик,1,93.58481325,UNCATEGORIZED,3.1521003,6.4243174
коран,2,94.37145359,UNCATEGORIZED,6.4518356,6.9416733
римлянин,1,99.02578726,UNCATEGORIZED,2.1026366,8.973135
полынья,2,91.29367755999999,UNCATEGORIZED,4.372926,5.295052
фигаро,2,96.270506525,UNCATEGORIZED,2.8514807,8.303412
криминалистика,3,88.20257551333333,UNCATEGORIZED,6.8948565,4.7288966
выдворение,2,87.71776966,UNCATEGORIZED,8.096035,6.1041827
вшивость,1,89.66092631,UNCATEGORIZED,9.286875,4.7564235
карпаччо,9,94.64439480777777,UNCATEGORIZED,3.1091077,2.0275245
антисептик,2,85.16082079,UNCATEGORIZED,4.627941,2.0625672
скетч,1,81.16359243,UNCATEGORIZED,5.6491303,7.168881
волонтер,4,89.850147555,UNCATEGORIZED,2.7002275,9.239235
фракция,11,89.17454189909091,UNCATEGORIZED,5.7250924,8.038609
латифундия,1,81.16359243,UNCATEGORIZED,3.5637739,5.830213
гуава,1,90.580176,UNCATEGORIZED,2.1690953,1.7011579
издание,1,92.89099292,UNCATEGORIZED,6.3084493,7.2700663
противодействие,2,94.087797275,UNCATEGORIZED,8.277918,6.5995083
тезис,3,90.71104286666666,UNCATEGORIZED,7.940656,6.9487553
издевательство,1,84.03222648,UNCATEGORIZED,8.7122345,5.8108006
попустительство,2,81.70245223,UNCATEGORIZED,8.869172,5.5201826
утилитаризм,2,92.713888535,UNCATEGORIZED,8.250874,4.558125
перстень,6,89.322009795,UNCATEGORIZED,2.9903996,3.7265072
позыв,1,92.3575145,UNCATEGORIZED,7.97432,3.2286682
залог,24,94.93117466833333,UNCATEGORIZED,6.936223,7.8499455
бригада,1,84.59686672,UNCATEGORIZED,5.048694,8.442949
монолог,3,94.09888081666668,UNCATEGORIZED,6.7726407,7.0657077
икс,4,91.3373970925,UNCATEGORIZED,2.0846713,6.7453213
ок,1,93.31693153,UNCATEGORIZED,2.9429755,10.152447
таврида,2,90.2723766,UNCATEGORIZED,4.747896,6.153695
противоядие,2,88.406592405,UNCATEGORIZED,4.382811,1.8429273
виолончелист,1,89.19177076,UNCATEGORIZED,3.3831124,9.799349
ателье,1,94.95678879,UNCATEGORIZED,4.1517596,7.2200513
зарок,4,95.0212260425,UNCATEGORIZED,7.5173874,7.395235
сосец,1,94.39678606,UNCATEGORIZED,5.3796144,3.2644184
выпас,1,94.39678606,UNCATEGORIZED,4.1039143,6.7370443
притолока,2,91.51499916,UNCATEGORIZED,3.7285326,4.382772
пристав,3,94.45266243666667,UNCATEGORIZED,3.1275487,9.27051
гиньоль,1,89.08251507,UNCATEGORIZED,0.9535904,7.0452914
хаус,3,89.30702792,UNCATEGORIZED,4.6896873,7.5213814
ирландец,1,88.39989095,UNCATEGORIZED,1.7118086,9.060612
клетчатка,18,94.60199460944445,UNCATEGORIZED,5.2660413,2.1349149
вина,4,95.4321907025,UNCATEGORIZED,3.6323814,1.7466358
освобождение,3,90.75385902666666,UNCATEGORIZED,8.500903,6.724193
прозорливость,1,90.69935286,UNCATEGORIZED,9.81096,5.3056726
конфидент,1,81.13794491,UNCATEGORIZED,2.2017984,8.934052
субъективность,2,89.201415685,UNCATEGORIZED,8.7403345,4.6990037
гиперпространство,1,93.43684807,UNCATEGORIZED,2.8472536,6.665819
изгородь,3,92.03579441,UNCATEGORIZED,4.1065106,5.642106
плотва,4,83.37752665,UNCATEGORIZED,0.24912024,5.1090865
пекан,1,96.59647152,UNCATEGORIZED,2.3359847,1.6477686
эфиоп,1,89.96639427,UNCATEGORIZED,1.0799513,8.868553
униженность,1,92.3452289,UNCATEGORIZED,9.353947,4.3981423
сыч,5,88.064051772,UNCATEGORIZED,-0.06993691,8.104762
дружелюбие,2,86.11603226,UNCATEGORIZED,9.769204,5.501263
индуктивность,1,87.38381138,UNCATEGORIZED,2.7549407,5.6176114
поденщина,1,98.99908718,UNCATEGORIZED,2.4414415,5.832569
гандон,8,83.15503162625,UNCATEGORIZED,0.9870245,9.15552
лидер,7,92.01975377428572,UNCATEGORIZED,3.031754,9.4391775
бэмби,1,91.28844164,UNCATEGORIZED,0.1305912,8.04493
аненерб,1,94.37187986,UNCATEGORIZED,4.938206,7.75865
ярд,4,90.79943657999999,UNCATEGORIZED,4.5431523,4.355367
филер,2,90.59642041500001,UNCATEGORIZED,2.927555,9.160275
предгорие,2,93.856619745,UNCATEGORIZED,4.561087,5.702771
хомут,3,85.29999677666666,UNCATEGORIZED,2.1878264,4.190229
ночнушко,1,94.70998549,UNCATEGORIZED,1.7834715,3.3807383
вольт,5,94.05523028,UNCATEGORIZED,3.8549552,5.1188955
космы,1,90.96571667,UNCATEGORIZED,2.7340274,3.220989
ширинка,3,93.47899272,UNCATEGORIZED,2.9342918,3.774309
лунатик,8,85.77080203874999,UNCATEGORIZED,1.3772104,9.329891
эстрагон,3,86.74645923666667,UNCATEGORIZED,2.095447,1.4864403
энергетика,1,87.54720935,UNCATEGORIZED,7.1190395,5.2121673
интерконтиненталь,1,101.8011764,UNCATEGORIZED,3.6493478,6.9267483
принт,2,85.990822335,UNCATEGORIZED,1.3932577,7.446441
сражение,1,97.94629391,UNCATEGORIZED,7.3982663,6.820434
пенс,1,92.57912112,UNCATEGORIZED,4.2593026,4.3803344
пиала,4,89.33689752750001,UNCATEGORIZED,3.2059891,4.287543
сбой,1,88.44141689,UNCATEGORIZED,7.1635695,6.2665296
актиний,1,94.37192013,UNCATEGORIZED,4.891248,2.2464585
дубина,3,89.56563431000001,UNCATEGORIZED,2.1516483,4.570107
периодичность,2,87.72270242,UNCATEGORIZED,8.301509,4.780436
целеполагание,1,94.42197269,UNCATEGORIZED,8.274581,5.3729296
песочница,1,94.42197269,UNCATEGORIZED,3.4224079,4.7425637
пах,1,90.40449241,UNCATEGORIZED,4.22068,3.7445362
скрытность,1,86.5250104,UNCATEGORIZED,9.705251,5.0518107
язычество,13,92.23252589153846,UNCATEGORIZED,7.9573236,5.2831306
консервы,3,87.86476834666666,UNCATEGORIZED,2.9769695,2.06662
менуэт,5,90.16808867399999,UNCATEGORIZED,4.859978,7.6438675
отстой,1,87.11844893,UNCATEGORIZED,6.4260306,6.2452054
опьянение,1,87.11844893,UNCATEGORIZED,9.409142,5.726393
маис,1,96.9004334,UNCATEGORIZED,2.3697515,1.7923622
легкомыслие,2,90.1677469,UNCATEGORIZED,9.201751,5.446166
олигофрение,2,94.97939445,UNCATEGORIZED,7.752131,3.1986296
ре,3,72.67881717666667,UNCATEGORIZED,-0.010730432,6.1449594
апокриф,6,90.36323400666667,UNCATEGORIZED,6.534759,6.8587794
алеут,2,88.306762225,UNCATEGORIZED,1.4752825,8.126678
хвостик,1,83.57270128,UNCATEGORIZED,2.6949375,3.308608
насадка,2,88.811101575,UNCATEGORIZED,0.749771,5.017744
мирин,1,84.2054994,UNCATEGORIZED,0.98061246,6.681688
дьяк,4,89.4367372025,UNCATEGORIZED,2.5734267,9.139782
манто,1,90.99297638,UNCATEGORIZED,1.7664845,3.4242609
фиброз,2,94.15566683,UNCATEGORIZED,7.7384706,2.7829933
клич,65,98.28287170030771,ABSTRACT,5.809006,6.061183
корпускула,24,92.64738903791665,UNCATEGORIZED,5.9649477,2.8935573
тетрациклин,2,87.15613805999999,UNCATEGORIZED,4.7192373,1.7871505
патологоанатом,3,89.20192425333333,UNCATEGORIZED,3.0151339,9.8591585
аббатство,21,98.37173073999999,UNCATEGORIZED,4.642345,6.774129
инсулин,4,89.74353468250001,UNCATEGORIZED,5.7546616,2.3387306
керамзит,3,85.68095579,UNCATEGORIZED,4.084854,2.8475814
остеохондроз,4,90.43810005499999,UNCATEGORIZED,7.9580603,2.7602985
аэрофлот,4,88.7749426125,UNCATEGORIZED,4.9065614,7.787869
кратон,1,96.6525982,UNCATEGORIZED,1.5294323,7.1693177
иждивение,1,96.6525982,UNCATEGORIZED,8.182876,5.928651
макрофаг,1,94.08834774,UNCATEGORIZED,6.1784353,2.6987805
плацдарм,1,94.08834774,UNCATEGORIZED,4.8859143,8.141629
грог,2,92.04424310499999,UNCATEGORIZED,3.51543,1.5697958
потуга,73,98.15733879342466,ABSTRACT,9.712199,4.399269
эфа,1,76.14869221,UNCATEGORIZED,0.44723943,6.816263
фортран,1,76.14869221,UNCATEGORIZED,1.6897875,6.667837
лярва,2,83.26400627,UNCATEGORIZED,1.9161621,7.5189157
передатчик,3,86.76077446333333,UNCATEGORIZED,3.0939345,5.9935455
импульсивность,5,86.521298188,UNCATEGORIZED,9.509912,4.6777253
великодержавность,1,88.32486486,UNCATEGORIZED,7.0392995,3.6948247
позор,9,89.48909879666667,UNCATEGORIZED,9.060975,6.21277
насыщенность,3,87.12155186,UNCATEGORIZED,9.267018,4.5030355
интерпретация,3,86.77695432666667,UNCATEGORIZED,7.228558,5.6505
оферта,3,98.76544175666668,UNCATEGORIZED,6.747547,3.7514634
поступок,2,88.93122588,UNCATEGORIZED,8.391634,6.60183
загвоздка,6,96.24519464333333,UNCATEGORIZED,7.472609,6.130836
щелбан,1,79.3612119,UNCATEGORIZED,5.1609297,6.022711
развес,1,79.3612119,UNCATEGORIZED,3.3419116,5.7274327
ветеран,2,93.359383125,UNCATEGORIZED,2.5576355,9.480767
командировка,2,92.27212754499999,UNCATEGORIZED,7.089254,6.6242685
метка,24,98.53169715708333,UNCATEGORIZED,4.79954,4.5876403
наутилус,2,94.069183595,UNCATEGORIZED,2.969924,7.029119
темпоральность,1,75.63151185,UNCATEGORIZED,7.4645567,3.9280367
флуктуация,8,82.706402625,UNCATEGORIZED,7.233234,4.452033
секира,1,88.1127212,UNCATEGORIZED,2.082706,4.5538416
сопереживание,2,94.317068055,UNCATEGORIZED,9.212499,5.9752364
желтуха,2,94.09883457500001,UNCATEGORIZED,7.9381795,2.7316742
токсин,2,93.665180195,UNCATEGORIZED,5.0708613,2.0606525
фланец,1,82.20680227,UNCATEGORIZED,2.8702583,5.206407
эскорт,3,89.09183016000001,UNCATEGORIZED,4.8974066,8.349066
эсквайр,1,89.99001109,UNCATEGORIZED,0.39300364,7.103284
феррари,2,77.088877395,UNCATEGORIZED,3.3610418,7.693574
ларь,3,87.42629506666667,UNCATEGORIZED,2.7860427,4.561426
прорва,2,91.39992413499999,UNCATEGORIZED,6.1661563,8.127781
говор,1,92.13572521,UNCATEGORIZED,5.8103085,5.9269967
бафомет,2,85.68788399499999,UNCATEGORIZED,1.485901,8.679469
пан,2,87.26320504,UNCATEGORIZED,2.4381697,8.892153
дрема,4,88.59856497749999,UNCATEGORIZED,8.499709,3.5550377
ковыль,5,87.112664168,UNCATEGORIZED,2.0065873,2.2743206
глашатай,2,95.661900865,UNCATEGORIZED,2.5326567,9.228202
юннат,1,89.97416922,UNCATEGORIZED,3.0629241,6.3898616
лихва,1,94.88982468,UNCATEGORIZED,6.9866734,7.813686
стыковка,1,94.88982468,UNCATEGORIZED,6.837326,5.228343
состояние,7,92.80942287571428,UNCATEGORIZED,8.943583,6.3960648
внешность,3,87.15652287,UNCATEGORIZED,8.606619,5.831954
пневмоторакс,1,82.10625137,UNCATEGORIZED,7.6219954,2.698552
наивность,6,91.65750860000001,UNCATEGORIZED,9.68024,5.2058887
гитарист,1,90.20376616,UNCATEGORIZED,3.640537,9.7010355
киноиндустрия,1,88.58256108,UNCATEGORIZED,6.5692325,5.01661
беглец,2,90.52843105,UNCATEGORIZED,1.6651533,9.7726965
взаимопомощь,1,88.58256108,UNCATEGORIZED,9.238291,5.583787
петелька,4,88.2264327275,UNCATEGORIZED,3.521472,4.400005
арбузик,1,86.90532616,UNCATEGORIZED,1.1410637,7.052222
древо,7,89.10770854428573,UNCATEGORIZED,1.8548883,2.203149
артрит,6,94.57651984666666,UNCATEGORIZED,7.985113,2.7088664
альт,3,82.34985959999999,UNCATEGORIZED,3.8299444,7.8474736
юнец,1,94.11991625,UNCATEGORIZED,1.7291986,9.037096
теплота,6,89.75076985333332,UNCATEGORIZED,9.660423,5.4556026
кромлех,2,81.536095425,UNCATEGORIZED,2.4792302,6.5390463
вырост,2,89.45072452,UNCATEGORIZED,4.9473796,3.5302124
увлажнение,4,94.76823987,UNCATEGORIZED,7.3871975,3.8515532
лактат,1,87.72866381,UNCATEGORIZED,6.06988,2.5220096
майна,2,86.21434121499999,UNCATEGORIZED,0.24654189,6.577711
ледоруб,5,91.22487497799999,UNCATEGORIZED,2.2268445,5.0113826
вещдок,2,97.477860615,UNCATEGORIZED,4.3698106,3.0010786
общага,3,87.68804390333332,UNCATEGORIZED,4.5779138,6.9162803
дамка,1,89.45261517,UNCATEGORIZED,1.4955543,6.928441
просвещение,2,89.55366451,UNCATEGORIZED,8.481353,6.3658853
анонимность,2,82.42458407500001,UNCATEGORIZED,9.286595,4.872427
петиция,6,89.31855705166667,UNCATEGORIZED,6.581828,7.2502966
коллектор,1,91.52582479,UNCATEGORIZED,3.248249,5.4332485
препод,1,88.61804862,UNCATEGORIZED,3.0517533,9.317986
прения,2,96.32560726,UNCATEGORIZED,6.4554257,7.838429
мескалин,1,91.95678974,UNCATEGORIZED,4.6217794,1.7980701
галушка,3,86.48388403333333,UNCATEGORIZED,1.2926861,6.730243
адьютант,5,82.411837574,UNCATEGORIZED,1.3824774,6.950899
креозот,3,87.92061176333334,UNCATEGORIZED,0.9702512,6.933061
эмпириокритицизм,1,85.66353401,UNCATEGORIZED,8.222243,4.549827
конгресс,1,84.80320871,UNCATEGORIZED,5.9431515,8.038625
бенедиктинец,1,85.3298366,UNCATEGORIZED,1.6410383,8.869834
баламут,2,94.162300955,UNCATEGORIZED,0.88007265,7.890187
мировоззрение,7,89.28515406,UNCATEGORIZED,8.232803,5.9635653
повествование,5,89.92143674,UNCATEGORIZED,6.866521,7.023214
солист,2,91.38177821,UNCATEGORIZED,3.549912,9.688321
репка,5,87.367359338,UNCATEGORIZED,2.435488,1.34983
бандитка,1,86.75792903,UNCATEGORIZED,2.0517187,7.367212
доходяга,1,86.75792903,UNCATEGORIZED,1.0463222,9.314314
себестоимость,2,86.99595821,UNCATEGORIZED,7.0731597,7.3754764
чрезмерность,1,84.53067888,UNCATEGORIZED,9.462005,4.6309266
мычание,3,94.61153632666667,UNCATEGORIZED,5.801625,5.8949704
раскольник,1,94.06392554,UNCATEGORIZED,1.6844897,9.728731
доносчик,2,87.11144509,UNCATEGORIZED,1.5195524,9.859573
грапп,1,86.13918918,UNCATEGORIZED,3.4553106,2.1995144
проектирование,1,86.13918918,UNCATEGORIZED,7.6429863,6.4144826
разгул,1,91.88515189,UNCATEGORIZED,8.263382,5.532996
бонобо,1,92.96960744,UNCATEGORIZED,0.34497955,8.571662
характерность,1,79.34536274,UNCATEGORIZED,9.449116,4.339287
мыслеформа,1,79.34536274,UNCATEGORIZED,7.198672,4.7773952
траттория,8,91.00460884125,UNCATEGORIZED,3.5618243,5.8727493
коробейник,2,81.410631105,UNCATEGORIZED,2.23204,9.486631
чудотворец,1,79.9003953,UNCATEGORIZED,2.1700783,9.673111
стерк,2,80.21149602,UNCATEGORIZED,0.97034997,6.8223844
дефиле,5,90.898502662,UNCATEGORIZED,4.5140038,5.815233
экстерн,1,91.6756874,UNCATEGORIZED,6.0426626,7.5742126
заступ,3,87.98459212666667,UNCATEGORIZED,2.13186,4.7195067
контрацепция,3,83.70842386,UNCATEGORIZED,7.071016,3.7134144
богиня,3,88.03677886000001,UNCATEGORIZED,1.8373914,7.8971386
гегемон,3,87.66937189333333,UNCATEGORIZED,1.7640792,9.635489
ст,6,91.96974142,UNCATEGORIZED,6.6583467,8.258814
влом,1,87.1513991,UNCATEGORIZED,1.8156126,7.2689342
яг,1,87.1513991,UNCATEGORIZED,0.6572004,7.0049777
ссадина,2,91.19770460500001,UNCATEGORIZED,4.6684093,4.1893673
уточнение,2,94.56538246,UNCATEGORIZED,8.083254,6.433641
кров,8,86.18688032624999,UNCATEGORIZED,4.745197,6.6647105
драк,2,90.604882205,UNCATEGORIZED,6.9825225,6.248541
легализация,3,89.64869694333333,UNCATEGORIZED,7.516246,4.761745
разглашение,1,92.40777461,UNCATEGORIZED,8.22766,6.103761
паприка,8,83.35962431375,UNCATEGORIZED,2.4471862,1.4405241
нерушимость,1,96.06531052,UNCATEGORIZED,9.204751,4.8667126
лысый,1,96.59775048,UNCATEGORIZED,1.7776824,8.9014
денотат,2,92.16279439499999,UNCATEGORIZED,7.047743,4.381743
радиоприемник,1,93.423667,UNCATEGORIZED,3.1027358,5.9754395
малышка,3,96.74430211666667,UNCATEGORIZED,1.859259,8.137384
атрибутика,3,95.16637892666667,UNCATEGORIZED,6.412191,5.634796
пассивность,3,94.32402163666666,UNCATEGORIZED,9.450613,4.85972
заикание,3,87.15177331000001,UNCATEGORIZED,8.311057,3.3749058
бадда,1,98.0019766,UNCATEGORIZED,1.0181192,6.36587
блиц,2,97.765359115,UNCATEGORIZED,4.016884,8.125623
одиночка,2,78.29121848,UNCATEGORIZED,1.6410428,9.835571
шершавость,2,98.309666945,UNCATEGORIZED,9.361553,4.095879
тандем,1,95.41139147,UNCATEGORIZED,5.4251785,7.5547504
незаметность,1,95.70683153,UNCATEGORIZED,9.457298,4.623537
ретро,3,92.82418395333333,UNCATEGORIZED,5.063479,7.4437466
анахорет,2,88.47784129,UNCATEGORIZED,1.4428254,9.638016
бунгало,6,82.12658276166665,UNCATEGORIZED,4.1588287,6.7662973
правнучка,2,95.1721189,UNCATEGORIZED,2.290781,7.9023523
инвазия,3,91.41100412666667,UNCATEGORIZED,7.4817896,2.5651374
кулуар,1,92.38390552,UNCATEGORIZED,4.379735,5.439102
опека,2,89.75319161,UNCATEGORIZED,9.398363,5.306469
арык,3,84.17078591333333,UNCATEGORIZED,4.19704,5.6314793
синтезатор,7,87.67140973571429,UNCATEGORIZED,2.966203,5.8593183
гермафродит,4,86.79592998250001,UNCATEGORIZED,1.3401687,8.619633
смалец,1,94.86917484,UNCATEGORIZED,3.447037,1.8098903
бенефициар,1,94.86917484,UNCATEGORIZED,6.8764524,3.570635
козлик,3,93.09010411333333,UNCATEGORIZED,0.4622508,8.289311
проворот,1,91.82416018,UNCATEGORIZED,5.6017737,5.440747
грим,6,92.34857510833335,UNCATEGORIZED,3.6932201,3.1031663
фут,3,91.24927928333334,UNCATEGORIZED,4.563707,4.340385
лозняк,2,94.103002415,UNCATEGORIZED,2.305502,2.6221642
задира,2,90.07825765000001,UNCATEGORIZED,1.2352744,9.75508
развалины,2,84.675395485,UNCATEGORIZED,4.317891,5.7167687
переучет,1,92.32054396,UNCATEGORIZED,6.5873647,6.357832
милок,2,91.10570892,UNCATEGORIZED,1.703584,8.077331
сенсация,5,91.142897764,UNCATEGORIZED,7.1949368,6.398539
ротвейлер,1,90.12741252,UNCATEGORIZED,-0.20574445,8.794028
стрелец,2,88.864480225,UNCATEGORIZED,-0.41626137,8.429821
краля,1,84.5831765,UNCATEGORIZED,2.02227,7.635763
провинция,2,91.036599715,UNCATEGORIZED,4.8990808,7.0475597
предтеча,2,94.54531437,UNCATEGORIZED,2.1426513,9.534411
справка,8,91.04909344125,UNCATEGORIZED,6.548715,7.335061
скребок,1,89.57524786,UNCATEGORIZED,2.2720683,4.778867
активизм,1,92.16974891,UNCATEGORIZED,7.9698033,4.5052543
либрация,2,96.891299715,UNCATEGORIZED,6.842842,4.0367274
столл,1,93.73822422,UNCATEGORIZED,0.77380526,6.945723
кварта,6,91.81205411666667,UNCATEGORIZED,1.1257613,6.127565
жако,2,86.05742965499999,UNCATEGORIZED,0.11824446,7.7444634
хала,2,81.775157595,UNCATEGORIZED,0.75331974,6.360929
старица,1,97.17289624,UNCATEGORIZED,2.186463,7.68402
соседка,3,87.00143680666667,UNCATEGORIZED,2.343916,8.072193
дотация,1,96.71638341,UNCATEGORIZED,6.515705,5.734216
десант,2,96.019741555,UNCATEGORIZED,4.8174434,8.289627
терц,1,96.71638341,UNCATEGORIZED,1.2655141,7.2610707
погружение,2,94.05013593000001,UNCATEGORIZED,8.178206,6.356807
соня,1,88.75674752,UNCATEGORIZED,2.0440507,7.9759493
кулич,9,92.90253282111111,UNCATEGORIZED,3.1997468,2.1514602
миньон,1,89.28880268,UNCATEGORIZED,0.9534663,7.0716877
тросс,2,94.14217998000001,UNCATEGORIZED,1.0988935,6.878518
ортопедия,1,92.2496954,UNCATEGORIZED,6.7926,2.8286774
литье,5,86.57902785,UNCATEGORIZED,6.012445,4.1207676
шитье,4,93.5778052225,UNCATEGORIZED,6.089113,4.4355726
шелуха,4,89.188892915,UNCATEGORIZED,3.8770583,3.3877826
воздушность,2,85.916587015,UNCATEGORIZED,9.709838,4.582607
жалобщик,1,86.06315493,UNCATEGORIZED,1.4535257,9.611316
ланч,2,96.40752604,UNCATEGORIZED,3.3854423,1.8211064
термояд,2,83.043046285,UNCATEGORIZED,4.9476914,2.661579
мошонка,2,95.42299077999999,UNCATEGORIZED,4.8604174,3.3659453
лагуна,8,86.35551121374999,UNCATEGORIZED,4.3602176,5.8968215
драгун,1,87.36290114,UNCATEGORIZED,4.4241796,8.946828
ротозей,1,87.36290114,UNCATEGORIZED,0.7705643,9.768777
лжец,1,80.18749752,UNCATEGORIZED,1.301146,9.946909
борец,1,80.18749752,UNCATEGORIZED,2.9966989,9.255632
заряд,7,88.45840004,UNCATEGORIZED,2.3552418,5.3423166
жюри,9,92.20974360222222,UNCATEGORIZED,6.226529,8.004985
вздутие,1,88.00074372,UNCATEGORIZED,8.044709,2.9710946
пешня,2,93.98245438500001,UNCATEGORIZED,2.9481428,4.525036
резня,1,91.33640879,UNCATEGORIZED,7.0257564,6.27115
негроид,1,86.08751093,UNCATEGORIZED,6.2105045,3.038671
землекоп,12,88.40549025333333,UNCATEGORIZED,2.2878184,9.581483
пудреница,1,94.74570337,UNCATEGORIZED,3.072635,3.8756607
скряга,2,91.311149965,UNCATEGORIZED,1.1835748,9.6573715
щиколотка,7,89.85934358428572,UNCATEGORIZED,3.7895617,3.8924127
артишок,4,87.37303890249999,UNCATEGORIZED,2.2143595,1.5552561
погребение,2,91.67225253,UNCATEGORIZED,7.515754,7.1460176
пиар,2,92.17503716499999,UNCATEGORIZED,6.4732056,6.6715865
нашатырь,2,90.25829608999999,UNCATEGORIZED,4.5737596,1.862104
авиаперевозчик,1,87.47972215,UNCATEGORIZED,6.281907,3.1220083
умывальник,3,91.76728316333333,UNCATEGORIZED,2.9860868,4.8886786
ходунок,3,90.95183562,UNCATEGORIZED,2.4099941,5.34365
волосатость,3,92.76522852000001,UNCATEGORIZED,9.388531,4.2598147
норвежец,1,94.02911913,UNCATEGORIZED,1.6704462,8.985976
паддок,1,86.46608691,UNCATEGORIZED,2.4778323,7.016264
тиреотоксикоз,2,90.142333095,UNCATEGORIZED,7.8668094,2.80107
аквапарк,2,91.596473245,UNCATEGORIZED,4.2754784,7.1757994
идиотина,2,90.46648920000001,UNCATEGORIZED,1.6440208,7.3286324
щель,7,93.8340565057143,UNCATEGORIZED,4.1278853,5.33616
уфология,1,90.8053961,UNCATEGORIZED,6.790911,4.503401
нагноение,2,89.80826611500001,UNCATEGORIZED,7.767397,2.8251383
шмотка,3,88.60822075666668,UNCATEGORIZED,3.5850875,4.9256825
шампур,5,89.81617194399999,UNCATEGORIZED,2.9722657,2.5007284
роженица,3,88.99134782,UNCATEGORIZED,2.2844033,7.7454658
спиннинг,6,80.05770739833333,UNCATEGORIZED,0.7830975,5.0385475
миндалина,1,85.46397753,UNCATEGORIZED,5.5845556,3.1134844
авианосец,7,90.59370468142856,UNCATEGORIZED,3.0833178,7.2493587
гипоталамус,5,86.92977834999999,UNCATEGORIZED,5.529147,2.9442542
перека,5,92.28263038200001,UNCATEGORIZED,1.0650903,6.7294545
этюдник,1,92.83179268,UNCATEGORIZED,2.7897694,4.615795
оберег,2,88.273420285,UNCATEGORIZED,3.1181345,3.6731339
касание,3,89.79173211,UNCATEGORIZED,7.9304767,6.015989
жмурки,6,92.19538235333334,UNCATEGORIZED,4.2550497,8.357843
сап,9,92.6040844088889,UNCATEGORIZED,7.7135816,2.5257194
затык,2,89.315138075,UNCATEGORIZED,6.895524,6.2558365
штрих,2,93.98632967500001,UNCATEGORIZED,5.636186,5.745526
эксло,2,93.384794185,UNCATEGORIZED,0.94601125,6.282529
маржана,1,91.67890707,UNCATEGORIZED,0.9665795,6.6239285
новгородец,1,93.80490839,UNCATEGORIZED,1.7955275,9.192949
страж,1,92.97496866,UNCATEGORIZED,2.465818,9.062119
золочение,1,95.5370253,UNCATEGORIZED,5.7731953,4.0496125
обоняние,6,90.54612057166666,UNCATEGORIZED,8.990307,6.227071
шкварка,16,96.373646340625,UNCATEGORIZED,3.2061052,2.1878996
стрим,8,90.12305623,UNCATEGORIZED,1.4240862,7.04887
шулер,2,89.094252445,UNCATEGORIZED,1.7198721,9.909276
грибок,1,85.93970568,UNCATEGORIZED,6.383469,2.3478162
испанка,1,85.93970568,UNCATEGORIZED,2.2639112,7.6385283
проигрыватель,4,92.2459707825,UNCATEGORIZED,3.1164768,5.969026
сценография,2,85.90765203000001,UNCATEGORIZED,6.2199426,5.2281904
интенсивность,2,94.941459525,UNCATEGORIZED,8.031929,5.1182814
анимация,4,91.08981478,UNCATEGORIZED,6.4407735,5.012938
специалист,4,84.08738926499998,UNCATEGORIZED,3.050206,9.881236
терракота,2,89.937509855,UNCATEGORIZED,4.056405,3.1162083
полумера,1,84.78378698,UNCATEGORIZED,6.54363,5.469998
бадья,3,91.87420855333335,UNCATEGORIZED,3.025429,4.505047
афроамериканец,1,89.11244039,UNCATEGORIZED,1.564733,9.142152
наем,2,93.447709015,UNCATEGORIZED,6.9069614,7.255381
диспетчер,3,93.00623596666667,UNCATEGORIZED,3.2579975,8.765571
лакировка,1,89.11244039,UNCATEGORIZED,7.29734,4.546601
эпицентр,2,86.213317785,UNCATEGORIZED,5.26765,5.1278677
рация,1,96.61998807,UNCATEGORIZED,3.0712738,6.047979
серна,1,92.27744303,UNCATEGORIZED,0.03232943,8.538517
курага,8,92.74830793000001,UNCATEGORIZED,2.2229283,1.489075
тирания,4,93.01324359,UNCATEGORIZED,7.4463396,5.758584
мертвечина,1,94.64292232,UNCATEGORIZED,5.513583,4.0997953
макушка,2,90.04168218999999,UNCATEGORIZED,3.4823515,3.5980434
грузин,1,88.641378,UNCATEGORIZED,1.611772,8.846866
подкаблучник,2,90.841505335,UNCATEGORIZED,0.96095484,9.753848
сенсор,2,91.40153151999999,UNCATEGORIZED,2.7939742,5.720307
кавказец,1,94.5847146,UNCATEGORIZED,1.6044073,8.878185
шайтан,3,93.67814760333333,UNCATEGORIZED,1.5145233,9.18402
текстиль,7,91.05986374,UNCATEGORIZED,4.2524867,3.0834167
скандинав,1,93.61834125,UNCATEGORIZED,1.6283095,9.02516
конвент,1,84.67054464,UNCATEGORIZED,5.983815,8.073442
однобокость,1,98.46184107,UNCATEGORIZED,9.164182,4.446797
пультик,1,90.55379256,UNCATEGORIZED,2.638721,5.7213416
примарх,1,90.55379256,UNCATEGORIZED,1.9354336,8.426802
обсерватория,6,89.53448269833335,UNCATEGORIZED,4.7475333,7.0793166
несвоевременность,1,95.89295852,UNCATEGORIZED,9.579358,4.2876687
плакат,11,89.85774492727272,UNCATEGORIZED,5.283087,5.779811
дефолт,5,90.528364086,UNCATEGORIZED,7.6542745,5.973931
кисет,2,99.82831238,UNCATEGORIZED,2.578215,4.072421
трактат,1,102.57807,UNCATEGORIZED,6.4016495,7.1118174
байка,3,92.36440192666667,UNCATEGORIZED,6.6229415,6.3628097
посевная,1,83.12605726,UNCATEGORIZED,5.591898,5.1078005
ленинец,1,85.8197066,UNCATEGORIZED,2.1468177,10.145038
молельня,1,92.67056875,UNCATEGORIZED,4.248623,6.3443003
бронхит,4,91.0232867175,UNCATEGORIZED,7.864731,2.5697904
альтиметр,1,102.5471956,UNCATEGORIZED,2.5588315,5.784193
научность,1,94.20595122,UNCATEGORIZED,9.244769,4.5963774
жвало,4,84.4533314825,UNCATEGORIZED,4.6750154,3.250918
жасмин,3,90.13212439,UNCATEGORIZED,1.6004665,2.238288
морфий,7,89.16876825142857,UNCATEGORIZED,4.5053806,1.7573344
контрамарка,3,83.98054782,UNCATEGORIZED,4.465235,3.2771509
подстрекательство,1,87.23133459,UNCATEGORIZED,8.335907,5.70707
аммиак,2,85.62810569999999,UNCATEGORIZED,4.8000703,2.1453743
сапр,1,83.37579489,UNCATEGORIZED,-0.43029228,5.736648
систола,3,88.72475007999999,UNCATEGORIZED,6.6720266,3.1590595
капитолий,5,90.45493484200001,UNCATEGORIZED,4.45104,6.926616
фильтрация,1,88.45168802,UNCATEGORIZED,7.085527,4.30684
раритет,5,90.493067224,UNCATEGORIZED,5.985456,6.6137085
растениеводство,2,90.647523245,UNCATEGORIZED,6.4743605,4.500569
лесовик,1,92.76913089,UNCATEGORIZED,1.5335745,9.00135
рубашонка,1,92.76913089,UNCATEGORIZED,1.7614017,3.400376
увечье,2,89.00101691500001,UNCATEGORIZED,8.844564,5.8784065
посланник,1,97.74110095,UNCATEGORIZED,2.9773886,9.029474
дефис,4,89.79508338,UNCATEGORIZED,5.651698,5.0239697
бильбоке,1,88.86852796,UNCATEGORIZED,4.2349706,8.179704
целесообразность,3,93.99826771666666,UNCATEGORIZED,9.299539,4.7294707
рецептор,1,86.3393194,UNCATEGORIZED,5.365532,2.9516659
пастораль,6,89.66700961333333,UNCATEGORIZED,6.1548085,6.415777
плодовитость,1,92.44913726,UNCATEGORIZED,8.799735,4.6438127
псина,7,58.222206561428564,UNCATEGORIZED,-0.17827891,8.792779
шавка,1,53.15328901,UNCATEGORIZED,-0.07885132,8.747833
идеализм,2,74.18712716,UNCATEGORIZED,8.297752,4.621927
обеспокоенность,2,91.08440043,UNCATEGORIZED,9.878764,5.94951
католицизм,3,81.80490911,UNCATEGORIZED,7.9696965,5.114771
протестантизм,4,81.048570935,UNCATEGORIZED,7.9931808,5.152875
мусульманство,1,52.53101674,UNCATEGORIZED,7.941961,5.1558414
трах,2,81.821388695,UNCATEGORIZED,5.3190994,5.990432
чпка,1,68.8226163,UNCATEGORIZED,5.324383,5.9947424
бабуля,1,90.33904022,UNCATEGORIZED,2.1784909,8.081593
камердинер,1,87.90625187,UNCATEGORIZED,2.927085,8.928123
арабеска,9,87.07535369555555,UNCATEGORIZED,6.0063043,4.5275345
батяня,1,58.95609874,UNCATEGORIZED,1.0751632,8.037115
матушка,5,62.458398665999994,UNCATEGORIZED,2.3114479,8.103391
мамочка,8,63.079740025,UNCATEGORIZED,1.9894321,8.130791
профан,4,91.8899361325,UNCATEGORIZED,0.9452007,9.982673
чепчик,7,91.86367452428571,UNCATEGORIZED,1.9918375,3.5988734
кумушка,1,92.67131691,UNCATEGORIZED,0.9512907,7.8047643
мамушка,2,64.36420009,UNCATEGORIZED,0.68207735,6.704569
мамулечка,2,64.756535105,UNCATEGORIZED,1.526442,7.8583617
родительница,3,71.36266881,UNCATEGORIZED,2.16282,8.054756
неожиданность,2,92.611175085,UNCATEGORIZED,9.130329,5.4561834
деточка,1,57.52483697,UNCATEGORIZED,1.732093,8.050028
сыночек,1,57.52483697,UNCATEGORIZED,2.0356598,8.379713
пятак,7,89.33811869,UNCATEGORIZED,4.286353,4.45669
агитация,2,89.896289235,UNCATEGORIZED,7.3124256,6.019081
ультра,1,88.88441244,UNCATEGORIZED,2.101535,6.703282
дистрофик,3,86.77780330666667,UNCATEGORIZED,0.99235886,8.510562
розовость,1,57.82931754,UNCATEGORIZED,9.338574,4.0863385
прикладывание,1,90.98071806,UNCATEGORIZED,7.0492387,3.837641
калач,4,75.75214848,UNCATEGORIZED,2.9431858,2.3179386
унтер,3,87.03844489333333,UNCATEGORIZED,3.239306,9.105336
децл,1,87.60188356,UNCATEGORIZED,1.6724821,7.3317223
фрага,3,87.03844489333333,UNCATEGORIZED,1.3540341,6.904453
типи,3,87.03844489333333,UNCATEGORIZED,4.1727276,6.7290783
шестак,1,94.49589198,UNCATEGORIZED,1.2206136,7.204398
седмица,1,94.49589198,UNCATEGORIZED,7.197275,8.099246
брудершафт,3,85.41802094,UNCATEGORIZED,3.6278224,1.5794965
парсер,1,86.67223177,UNCATEGORIZED,1.3063276,7.2155323
опель,3,87.74427302,UNCATEGORIZED,3.4391701,7.677153
ножик,1,60.66410835,UNCATEGORIZED,1.9690143,4.6564164
топорище,3,81.04742155000001,UNCATEGORIZED,2.0674636,4.7646165
ниточка,3,82.38763197333334,UNCATEGORIZED,3.5615666,3.936681
ткачество,2,76.45668252,UNCATEGORIZED,6.36882,4.53072
утенок,4,69.06085448,UNCATEGORIZED,0.15086688,8.105993
эликсир,3,90.29356405666665,UNCATEGORIZED,4.2163186,1.9109052
наследник,1,91.00282364,UNCATEGORIZED,2.4679482,8.617323
подтекст,2,89.69214363,UNCATEGORIZED,7.7508125,6.527905
агорафобия,1,89.61076809,UNCATEGORIZED,8.337721,3.382876
джут,2,87.38656177,UNCATEGORIZED,2.4137025,1.9554807
монашка,1,90.57136062,UNCATEGORIZED,2.1579719,8.000558
матч,5,87.466474996,UNCATEGORIZED,4.4756784,8.215406
мокрух,3,85.90346471333334,UNCATEGORIZED,5.7603507,5.3575783
подборка,1,96.23921009,UNCATEGORIZED,6.0906386,7.0581613
пода,2,93.07629353499999,UNCATEGORIZED,0.09892767,6.125122
западня,2,87.61329959,UNCATEGORIZED,6.879159,6.160491
коэффициент,6,90.72247126166667,UNCATEGORIZED,7.546899,6.5204916
турнир,2,86.02880095,UNCATEGORIZED,5.983854,7.552312
шустрик,2,90.75029064,UNCATEGORIZED,0.710032,7.5554132
мистификатор,1,88.21743103,UNCATEGORIZED,1.6104805,10.095237
контейнеровоз,1,88.62483007,UNCATEGORIZED,3.0663066,7.12968
параша,5,83.719658904,UNCATEGORIZED,1.9339794,7.6276474
тачанка,1,85.39795885,UNCATEGORIZED,3.2933059,7.804951
сердечник,1,85.39795885,UNCATEGORIZED,2.746081,5.3605742
посредник,1,85.48525767,UNCATEGORIZED,2.97497,9.681145
путеводитель,4,90.317662165,UNCATEGORIZED,5.9981356,7.161452
мина,8,87.6875197275,UNCATEGORIZED,2.1648133,5.41346
перепись,1,95.8233717,UNCATEGORIZED,7.068815,5.5894227
дуга,4,92.6763900425,UNCATEGORIZED,4.6533813,5.004659
автоинспекция,1,91.48525799,UNCATEGORIZED,4.5673923,5.0368924
стукачество,2,95.940552595,UNCATEGORIZED,8.377914,5.213253
слайд,3,91.52884203,UNCATEGORIZED,5.33261,6.8790855
произношение,1,92.270018,UNCATEGORIZED,6.2381787,5.724847
дубонос,1,84.04999422,UNCATEGORIZED,1.1920412,7.3030806
выходец,2,96.666213005,UNCATEGORIZED,2.3100185,9.81465
апорт,1,87.04675707,UNCATEGORIZED,3.177221,8.974095
дискретность,1,95.83621971,UNCATEGORIZED,8.899659,4.314422
индикатор,2,94.7792431,UNCATEGORIZED,2.7458823,5.756237
перрон,3,86.39039479,UNCATEGORIZED,3.7429874,7.408894
радионуклид,1,88.31882823,UNCATEGORIZED,6.329304,2.9799526
скатка,1,96.25463894,UNCATEGORIZED,2.531306,4.152714
евнух,3,92.69901021,UNCATEGORIZED,2.4429927,9.217387
сопричастность,2,89.69507926,UNCATEGORIZED,9.30607,4.716673
ультиматум,1,94.03833547,UNCATEGORIZED,7.7223554,7.487582
моргенштерн,1,82.44090553,UNCATEGORIZED,0.76327467,6.7660656
умолчание,1,82.86738383,UNCATEGORIZED,8.41789,5.7512956
бальзамин,1,82.86738383,UNCATEGORIZED,1.62412,7.6396837
вовлеченность,7,91.01767092571428,UNCATEGORIZED,9.20467,4.9206104
стихия,4,79.537059665,UNCATEGORIZED,5.4197626,4.676411
библиотекарь,3,91.15543991666665,UNCATEGORIZED,2.9776442,9.516696
нимфомания,1,90.90813723,UNCATEGORIZED,7.8459945,3.3565078
перепроизводство,2,85.53299107,UNCATEGORIZED,8.073246,5.325803
дидактика,2,94.582109435,UNCATEGORIZED,7.0530744,4.610391
натяжение,2,87.322313865,UNCATEGORIZED,7.643416,4.20155
софистика,4,91.40461538,UNCATEGORIZED,6.95331,5.5520597
взлом,12,93.82387181749999,UNCATEGORIZED,8.198885,6.2971506
истец,10,94.806677195,UNCATEGORIZED,3.686304,9.623904
архимаг,1,83.2281798,UNCATEGORIZED,1.8340025,8.854735
нетопырь,2,92.381958585,UNCATEGORIZED,0.33972177,8.140522
кардамон,7,89.60561457714286,UNCATEGORIZED,2.3714967,1.4625018
крестник,1,89.6069721,UNCATEGORIZED,2.3256106,8.637166
действие,3,83.6450876,UNCATEGORIZED,8.161691,6.720054
печатка,2,84.153501,UNCATEGORIZED,3.0475762,3.9344337
архистратиг,1,80.08594391,UNCATEGORIZED,2.0590951,9.475
беспризорник,1,80.08594391,UNCATEGORIZED,1.4668118,9.643691
пекло,2,89.046976775,UNCATEGORIZED,5.2562017,4.4582963
стайер,2,86.77250834,UNCATEGORIZED,2.5827134,9.502231
опунция,5,88.32449808199999,UNCATEGORIZED,2.2746868,1.8869619
профилактика,1,88.68896602,UNCATEGORIZED,7.0284605,3.9068172
импресарио,2,94.26596241,UNCATEGORIZED,3.4045331,9.645804
хрущевка,1,91.08939508,UNCATEGORIZED,4.3129997,6.317607
сосредоточенность,3,91.31533757333334,UNCATEGORIZED,9.731514,5.2258677
оболочка,5,88.266758002,UNCATEGORIZED,4.3771734,3.5803695
экзальтированность,3,86.33852185,UNCATEGORIZED,9.202233,4.239113
доза,2,91.28297950000001,UNCATEGORIZED,4.2792478,2.3327103
кузница,5,90.15441634999999,UNCATEGORIZED,4.171538,6.447976
бегство,5,93.09455481,UNCATEGORIZED,7.9369326,6.6998677
хохотун,2,90.43680631000001,UNCATEGORIZED,1.0145767,9.698654
быль,6,90.63569846833333,UNCATEGORIZED,6.8003364,6.296936
тутовник,2,91.14858253,UNCATEGORIZED,2.0040352,1.902549
безденежье,1,95.08136518,UNCATEGORIZED,8.904771,5.461453
закись,1,95.08136518,UNCATEGORIZED,4.727607,2.074809
обольщение,1,95.08136518,UNCATEGORIZED,8.680536,5.5787244
рациональность,6,94.58688023,UNCATEGORIZED,9.278319,4.612182
дворник,5,88.472979858,UNCATEGORIZED,2.8943565,9.141246
математичка,1,91.51530215,UNCATEGORIZED,2.4919562,8.159211
лизун,2,93.296137975,UNCATEGORIZED,1.7894666,6.7615767
лимфоузел,3,92.75474475,UNCATEGORIZED,7.86768,2.9030085
парацельс,2,92.61849261,UNCATEGORIZED,2.7210805,10.118842
шеф,3,89.57563819333332,UNCATEGORIZED,3.3421993,9.310035
швец,1,85.98320263,UNCATEGORIZED,1.0312996,7.6558924
поплавок,25,87.57003986520002,UNCATEGORIZED,0.76852494,5.0324373
регулировщик,2,91.83740051,UNCATEGORIZED,3.0463133,9.179843
крылышко,2,88.164974245,UNCATEGORIZED,2.9335337,2.0370545
гренадер,3,91.37013567333332,UNCATEGORIZED,4.4204926,8.950016
банджо,4,92.64824049749998,UNCATEGORIZED,4.3321695,7.7792335
моторика,5,89.2636595,UNCATEGORIZED,6.6353693,5.198081
козетка,2,85.471108145,UNCATEGORIZED,3.4306738,5.690433
гам,2,92.99998805000001,UNCATEGORIZED,6.1221666,6.0469418
полиморф,1,98.66482308,UNCATEGORIZED,1.4914974,8.541049
вече,2,87.70896791499999,UNCATEGORIZED,5.9913373,7.9439445
трезвенник,1,90.1318187,UNCATEGORIZED,1.5430402,10.075129
шаббат,1,90.78779385,UNCATEGORIZED,6.013613,6.839081
порожек,1,85.52349592,UNCATEGORIZED,3.9355707,5.7119665
рубчик,1,85.52349592,UNCATEGORIZED,4.0576115,3.051137
музона,1,94.95472025,UNCATEGORIZED,5.845654,6.692699
металлург,2,95.17725645499999,UNCATEGORIZED,2.6966178,10.021922
банкрот,3,85.10872689333333,UNCATEGORIZED,1.1279724,9.991579
молотилка,1,86.19127979,UNCATEGORIZED,3.3921566,5.53349
пыж,1,86.19127979,UNCATEGORIZED,2.1149724,5.1731405
геральдика,6,89.40663267833334,UNCATEGORIZED,6.758826,4.6958103
воспитательница,1,96.72795796,UNCATEGORIZED,2.4086268,8.089033
законодательство,2,95.13898797,UNCATEGORIZED,6.9918365,7.3158293
закваска,3,91.11775851333334,UNCATEGORIZED,2.961919,1.5000288
спрос,3,93.38899464333333,UNCATEGORIZED,7.056888,7.2639713
мириада,3,93.80824664666666,UNCATEGORIZED,5.721478,3.2790172
монетка,1,91.14466164,UNCATEGORIZED,4.151925,4.3523064
лучезарность,2,90.20665866,UNCATEGORIZED,9.373269,4.2919283
пекинес,2,76.633957795,UNCATEGORIZED,-0.16361225,8.738535
нимфа,2,89.33518987,UNCATEGORIZED,1.6197203,7.9801574
христос,6,85.94701553166668,UNCATEGORIZED,2.18563,9.433611
многогранник,1,98.25898293,UNCATEGORIZED,5.2538366,4.539848
молдинг,3,85.01256556333333,UNCATEGORIZED,0.99980384,7.0530515
зимовка,2,90.533775685,UNCATEGORIZED,7.0311584,5.4894123
галера,1,89.83524787,UNCATEGORIZED,3.0122154,6.8244653
агава,1,89.83524787,UNCATEGORIZED,2.0066383,1.8368078
фламандец,1,83.09278826,UNCATEGORIZED,1.7163166,9.144935
черемуха,5,88.419291184,UNCATEGORIZED,1.6929871,1.776594
размещение,1,88.74203903,UNCATEGORIZED,7.98788,6.5229
затишье,1,95.22846641,UNCATEGORIZED,7.872495,5.802835
поршень,12,85.84039058916666,UNCATEGORIZED,2.8240921,5.426883
популяризация,2,93.56733112,UNCATEGORIZED,7.4961963,4.7900987
бурун,1,95.49309452,UNCATEGORIZED,3.5072522,6.152659
снисхождение,1,92.78266513,UNCATEGORIZED,9.450934,5.9187374
рыбак,6,79.63299192166667,UNCATEGORIZED,0.7835656,5.122244
обыкновенность,1,95.33323796,UNCATEGORIZED,9.437055,4.3510447
чесание,1,95.33323796,UNCATEGORIZED,6.4818645,3.1618028
голытьба,1,95.33323796,UNCATEGORIZED,5.4378614,8.537903
небытие,4,91.21995337500002,UNCATEGORIZED,8.730838,6.311988
ридикюль,5,86.595143636,UNCATEGORIZED,2.3422356,4.2029643
причудливость,1,91.47475164,UNCATEGORIZED,9.478783,4.296713
яство,3,92.87102032333333,UNCATEGORIZED,3.4366548,2.1079476
компилятор,2,88.569975295,UNCATEGORIZED,3.2337973,6.384874
проба,8,88.71525308875,UNCATEGORIZED,6.8947043,4.486865
возгорание,1,90.9328327,UNCATEGORIZED,7.380252,4.134046
фантастичность,1,93.09626523,UNCATEGORIZED,9.68971,4.3308887
легальность,1,92.46078459,UNCATEGORIZED,9.157954,4.709918
мракобес,1,79.27058323,UNCATEGORIZED,1.5898567,9.866024
нагрев,1,88.98095043,UNCATEGORIZED,7.335793,4.0119176
аспирант,2,89.90351878,UNCATEGORIZED,3.1161003,9.512606
микрокосм,2,92.289681785,UNCATEGORIZED,7.7247663,4.870307
тарабарщина,1,91.05597359,UNCATEGORIZED,6.6477404,5.626492
кантор,1,91.05597359,UNCATEGORIZED,1.1462175,8.022874
приземление,1,83.87884195,UNCATEGORIZED,5.754999,6.327368
распознание,1,83.87884195,UNCATEGORIZED,7.604778,4.945711
высыхание,1,83.87884195,UNCATEGORIZED,7.4361405,3.9046116
шмаль,4,94.23890415999999,UNCATEGORIZED,2.726659,2.6536946
германий,4,93.8535681375,UNCATEGORIZED,4.919707,2.3031416
литография,3,88.43771048333333,UNCATEGORIZED,5.3853073,5.496054
косынка,3,85.63033665666667,UNCATEGORIZED,1.99122,3.4485295
виноватость,1,90.25260892,UNCATEGORIZED,9.406512,4.7041698
отличие,3,95.68033236333333,UNCATEGORIZED,8.172391,7.543742
целомудрие,2,95.654526015,UNCATEGORIZED,9.356878,5.5676217
целибат,4,88.54777779249999,UNCATEGORIZED,8.87346,5.432264
фонд,3,92.67946843666668,UNCATEGORIZED,6.5160527,7.71032
гончая,1,88.3135326,UNCATEGORIZED,-0.154302,8.664158
лафет,2,88.40878090999999,UNCATEGORIZED,2.140507,5.2417173
вклад,1,92.96579043,UNCATEGORIZED,7.9989495,6.7981653
подделка,1,87.77341571,UNCATEGORIZED,7.266689,5.919179
латук,2,84.63650056,UNCATEGORIZED,2.2706976,1.4271903
жгутик,1,86.30286946,UNCATEGORIZED,3.19898,3.586126
дайкон,1,84.94851526,UNCATEGORIZED,2.2852006,1.3247939
сахарин,1,79.50446895,UNCATEGORIZED,4.790119,2.1297352
элексир,1,92.30901942,UNCATEGORIZED,2.4306133,6.0715313
орк,6,89.91864023333333,UNCATEGORIZED,1.6566026,8.909277
социализация,1,89.30100093,UNCATEGORIZED,7.530649,4.8970876
подсказка,2,84.76018718,UNCATEGORIZED,6.9640837,6.4940743
черныш,1,82.5729463,UNCATEGORIZED,0.36705685,7.902527
годовщина,1,80.06994565,UNCATEGORIZED,7.104859,7.7636166
шпулька,4,89.63730187,UNCATEGORIZED,0.69668514,6.912468
копирка,1,95.24222598,UNCATEGORIZED,4.088899,4.4027886
прагматик,1,89.53360189,UNCATEGORIZED,1.6153404,10.228468
жизнестойкость,1,95.56671889,UNCATEGORIZED,8.952558,4.647921
биза,1,85.39421865,UNCATEGORIZED,5.165094,7.439711
держава,5,85.657001218,UNCATEGORIZED,5.612471,7.713975
бутылочка,1,87.4369368,UNCATEGORIZED,3.3161693,4.1842427
морфея,1,94.58607521,UNCATEGORIZED,8.899335,6.138352
криптон,2,98.461117805,UNCATEGORIZED,4.816986,2.3895967
оправдание,2,92.958338185,UNCATEGORIZED,8.193816,7.1624203
правообладатель,1,93.29257021,UNCATEGORIZED,3.6826165,9.668857
журналистика,3,89.49049829333332,UNCATEGORIZED,6.999797,5.350438
жнец,2,90.13860819,UNCATEGORIZED,1.1190574,8.171365
прозвище,1,92.08897605,UNCATEGORIZED,6.623911,6.602002
кошер,1,80.41578522,UNCATEGORIZED,1.334212,9.182892
стриптизер,1,76.02881075,UNCATEGORIZED,2.127861,9.412774
дюшес,1,76.02881075,UNCATEGORIZED,2.9645076,1.8232577
омар,3,89.21050158333334,UNCATEGORIZED,2.0003748,9.025885
великодержавие,1,79.52455346,UNCATEGORIZED,7.009785,3.5958369
обусловленность,2,77.60131497,UNCATEGORIZED,8.9009075,4.6184254
подписка,1,89.79209194,UNCATEGORIZED,6.7032495,7.3757854
ходок,1,89.79209194,UNCATEGORIZED,1.7466621,9.578876
глазурь,7,89.19801010142858,UNCATEGORIZED,3.5018582,2.4555612
изъяснение,1,75.67807648,UNCATEGORIZED,7.8587036,6.074142
претенциозность,3,88.96860595333334,UNCATEGORIZED,9.41229,4.5424685
религиозность,1,90.4660491,UNCATEGORIZED,9.194647,5.284178
камергер,1,89.7621548,UNCATEGORIZED,2.8539398,9.190066
уплотнение,2,91.19693771,UNCATEGORIZED,7.943756,2.963093
скачка,3,80.46697456333334,UNCATEGORIZED,6.808148,6.267382
вариация,10,92.133703486,UNCATEGORIZED,6.838865,5.879448
чепец,3,89.15337697666666,UNCATEGORIZED,1.9636834,3.5291994
далматин,1,90.53226618,UNCATEGORIZED,2.0439417,7.0265102
просрочка,2,89.17261124000001,UNCATEGORIZED,6.706641,4.316892
предсказание,2,94.05650506,UNCATEGORIZED,8.380574,6.7953672
сдача,1,91.68899436,UNCATEGORIZED,7.08402,6.5143547
особняк,2,79.57872777,UNCATEGORIZED,4.0929112,6.66351
неудовлетворенность,1,87.49319695,UNCATEGORIZED,9.729294,5.7470026
лодыжка,7,90.46418828142858,UNCATEGORIZED,3.7726295,3.8712027
ключица,5,81.97689539000001,UNCATEGORIZED,3.8657382,3.8644562
раскаяние,1,89.48656027,UNCATEGORIZED,9.420055,6.27821
коммуникация,11,82.96068109818182,UNCATEGORIZED,7.6257796,4.6389537
джихад,1,95.01430954,UNCATEGORIZED,8.125213,5.2603917
метанол,3,91.34981508666665,UNCATEGORIZED,4.683562,2.191318
лемминг,3,93.23269983666667,UNCATEGORIZED,1.0566273,6.765105
колесико,1,94.85744986,UNCATEGORIZED,2.8524551,5.517763
росчерк,3,94.02632449666667,UNCATEGORIZED,5.341556,5.74045
акцентирование,1,94.85744986,UNCATEGORIZED,7.6759043,4.808052
пандемия,4,88.0859435375,UNCATEGORIZED,8.007552,2.587701
дуэт,2,93.59581456000001,UNCATEGORIZED,5.4283037,7.3202205
ничтожество,3,89.71889046333332,UNCATEGORIZED,0.9921708,9.846915
кутенок,2,57.02556862,UNCATEGORIZED,0.9171853,8.33198
такса,4,80.50735662,UNCATEGORIZED,-0.20434701,8.81654
рыбарь,1,83.63361257,UNCATEGORIZED,1.6241739,9.438348
мамаша,2,57.465138870000004,UNCATEGORIZED,2.3154628,8.133184
мамашка,1,60.80295653,UNCATEGORIZED,2.085759,7.6532874
спортзал,4,91.6456221875,UNCATEGORIZED,4.1543455,7.0673714
невинность,2,90.82941245,UNCATEGORIZED,9.649164,5.2733374
материал,8,89.01989229125002,UNCATEGORIZED,6.655584,6.998596
послушание,1,98.12183657,UNCATEGORIZED,9.112401,6.055724
мачете,1,98.12183657,UNCATEGORIZED,1.8310595,4.674851
протазан,1,95.32973181,UNCATEGORIZED,2.0913403,4.815476
ловля,1,95.32973181,UNCATEGORIZED,0.7384673,5.028124
экипировка,1,92.4349354,UNCATEGORIZED,2.3304858,3.4260626
опыление,1,85.29134808,UNCATEGORIZED,7.105798,3.9434283
сценарист,2,88.89934173500001,UNCATEGORIZED,3.4179869,9.90672
поддержка,4,92.1881700525,UNCATEGORIZED,7.604135,6.361622
объективизация,3,91.8160697,UNCATEGORIZED,6.7592497,3.3392696
раздвоение,3,92.76535347,UNCATEGORIZED,8.420657,6.031699
пребывание,1,93.84786042,UNCATEGORIZED,8.087109,6.821933
атлет,3,89.28666926666665,UNCATEGORIZED,2.5569043,9.128256
закономерность,1,92.57024328,UNCATEGORIZED,7.905643,5.587253
жор,5,87.477679036,UNCATEGORIZED,7.9913454,3.3087723
немощь,2,89.50283985,UNCATEGORIZED,9.711936,4.5945845
отзыв,1,89.18352752,UNCATEGORIZED,6.493927,7.2098074
валокордин,1,82.96635333,UNCATEGORIZED,4.6814256,1.6952091
тартар,2,84.63771052,UNCATEGORIZED,4.4926825,6.062105
наследница,1,91.51054084,UNCATEGORIZED,2.3715944,8.14417
гексоген,1,91.51054084,UNCATEGORIZED,1.7776357,5.701317
лихо,1,90.51069647,UNCATEGORIZED,1.8470259,3.5020804
замер,3,88.48427285333334,UNCATEGORIZED,5.413551,5.2208858
инфинитив,2,91.778634245,UNCATEGORIZED,6.1343007,5.3950214
амок,2,94.03495634500001,UNCATEGORIZED,1.3150804,6.7486906
стилист,2,93.49206674,UNCATEGORIZED,2.8801727,10.028846
корневище,2,89.271602185,UNCATEGORIZED,2.0277493,1.8049481
блеяние,2,88.01993378,UNCATEGORIZED,5.80713,5.8595576
прецедент,2,90.69686851,UNCATEGORIZED,7.3588805,6.497595
слизень,8,87.76362430374999,UNCATEGORIZED,0.55097586,8.321644
месторождение,1,89.73827204,UNCATEGORIZED,4.5600586,6.737593
реквием,2,95.13180752,UNCATEGORIZED,5.753973,6.8559175
поднятие,4,92.4194975625,UNCATEGORIZED,8.095689,6.0614567
запасной,1,97.96048917,UNCATEGORIZED,2.8771195,5.243536
подол,2,90.466090775,UNCATEGORIZED,2.142864,3.708004
диапазон,1,93.94021238,UNCATEGORIZED,7.381553,5.9387827
безрассудность,1,94.85782154,UNCATEGORIZED,9.677814,4.3676233
куртина,1,75.17881356,UNCATEGORIZED,3.87819,4.817385
сокольничий,1,75.17881356,UNCATEGORIZED,1.0787573,7.4136186
кайло,1,82.91658633,UNCATEGORIZED,2.1527753,4.7310357
придурок,4,91.1620434575,UNCATEGORIZED,0.68801194,9.566872
марганцовка,4,89.25580036,UNCATEGORIZED,4.516354,2.2265034
хаба,2,92.629354355,UNCATEGORIZED,0.64289206,6.372238
занос,2,91.208241165,UNCATEGORIZED,5.47504,4.57459
винтовка,9,84.86189100555556,UNCATEGORIZED,1.8605597,5.0033355
корейка,1,90.38742644,UNCATEGORIZED,2.828611,2.0754685
тождественность,2,87.63285712,UNCATEGORIZED,8.93581,4.794271
выразительность,2,91.18894861000001,UNCATEGORIZED,9.56698,4.7133384
геркулес,4,92.34576550499999,UNCATEGORIZED,0.99552935,8.379538
витиеватость,5,86.81556253400001,UNCATEGORIZED,9.422969,4.3352795
низменность,1,90.32523506,UNCATEGORIZED,4.4933867,5.649762
осмотр,3,87.08356112,UNCATEGORIZED,7.16687,7.284508
прихватка,1,90.34995225,UNCATEGORIZED,4.509816,3.005761
волан,6,90.81787667666667,UNCATEGORIZED,4.2345543,8.273889
болер,1,92.36789717,UNCATEGORIZED,1.0605903,6.9635587
семинар,3,95.26752971666667,UNCATEGORIZED,6.3705916,7.3950644
франшиза,5,93.61735472,UNCATEGORIZED,6.9583006,4.359038
глухарь,5,85.47441487399999,UNCATEGORIZED,-0.117843136,7.852472
трясогузка,2,88.54986156999999,UNCATEGORIZED,-0.047955386,7.78604
усадьба,3,89.95499968666667,UNCATEGORIZED,4.440677,6.62256
рюшечка,1,99.42345203,UNCATEGORIZED,5.0004544,3.6152585
обратимость,1,94.47316429,UNCATEGORIZED,8.985643,4.3488765
добродушие,1,96.95557527,UNCATEGORIZED,9.713164,5.442363
ценность,3,94.20041213999998,UNCATEGORIZED,9.122205,5.068058
кальсоны,3,90.82041343333333,UNCATEGORIZED,1.7101557,3.397584
нервозность,1,93.75290221,UNCATEGORIZED,9.889817,5.75566
тильда,1,93.75290221,UNCATEGORIZED,0.2557324,6.610453
универсум,1,93.04368486,UNCATEGORIZED,7.7617006,4.8979006
притча,2,95.90716523500001,UNCATEGORIZED,6.5396576,6.3721275
хряпа,2,92.931427255,UNCATEGORIZED,1.4906318,7.2768774
тембр,3,92.95682942999998,UNCATEGORIZED,6.2068863,5.831357
известность,1,94.39991561,UNCATEGORIZED,8.673134,6.4570174
яхонт,4,89.266757205,UNCATEGORIZED,4.2459683,1.3299797
железобетон,6,89.79448309666667,UNCATEGORIZED,4.0997233,2.9710712
скромник,1,91.11486914,UNCATEGORIZED,1.0879254,9.826922
соколик,1,86.45966803,UNCATEGORIZED,1.6398277,8.118003
манекенщица,1,86.45966803,UNCATEGORIZED,2.1935506,7.6361337
ингалятор,6,88.97769880499999,UNCATEGORIZED,3.9844892,2.6008089
физиотерапия,2,90.187955115,UNCATEGORIZED,6.4757314,3.9562225
батист,2,89.47187566,UNCATEGORIZED,4.0105705,3.1242425
кашрута,1,94.01470758,UNCATEGORIZED,6.8364873,3.4095826
будни,2,93.93795274,UNCATEGORIZED,7.2755733,7.949048
смарагд,3,87.91302407,UNCATEGORIZED,4.259847,1.3603759
торпедо,1,93.42964188,UNCATEGORIZED,3.8709412,8.588643
гниение,2,92.58128061,UNCATEGORIZED,7.601581,4.364467
понятой,1,91.03773721,UNCATEGORIZED,7.31739,4.4971685
нудизм,1,90.0998847,UNCATEGORIZED,7.7685113,4.6739078
беседа,2,88.53036943000001,UNCATEGORIZED,7.081514,6.8031044
павиан,2,82.537392085,UNCATEGORIZED,0.5138699,8.619292
мигрант,1,88.42515255,UNCATEGORIZED,1.1766311,8.223327
калебас,1,100.6084185,UNCATEGORIZED,2.5498781,4.5548606
айпад,2,89.540667075,UNCATEGORIZED,2.657349,5.798094
картежник,1,79.61337643,UNCATEGORIZED,1.5941248,9.972688
смешливость,1,79.61337643,UNCATEGORIZED,9.657938,4.80063
флексия,1,79.61337643,UNCATEGORIZED,6.7017994,4.226167
сторожка,1,86.63885232,UNCATEGORIZED,4.2645507,6.4938626
перчик,1,91.08156449,UNCATEGORIZED,1.1985446,6.542437
тинктура,1,78.76550816,UNCATEGORIZED,4.290974,2.2199416
глоссолалия,1,78.76550816,UNCATEGORIZED,7.3919406,4.5865498
бетель,1,78.76550816,UNCATEGORIZED,2.283349,1.7263623
каюр,2,84.198752325,UNCATEGORIZED,2.6424594,8.11404
умбра,1,85.00983453,UNCATEGORIZED,4.6750016,2.5693693
видеокарта,3,86.08411262,UNCATEGORIZED,3.067187,5.8291745
подозрительность,1,85.00983453,UNCATEGORIZED,9.774059,5.834413
доктрина,5,88.77312423400001,UNCATEGORIZED,7.347756,5.6740336
проблеск,1,91.10053155,UNCATEGORIZED,4.7061934,4.7762485
шлафрок,1,74.25951258,UNCATEGORIZED,1.5747757,3.5826173
клепсидра,1,74.25951258,UNCATEGORIZED,3.5052593,4.702062
насмешка,1,92.2290831,UNCATEGORIZED,9.267842,6.1618295
кровожадность,1,95.19106204,UNCATEGORIZED,9.605045,5.1081285
реплика,2,96.289405505,UNCATEGORIZED,6.842497,6.3784275
прилив,6,90.05292678166666,UNCATEGORIZED,5.272133,5.1388383
благодушие,2,93.71297409499999,UNCATEGORIZED,9.709891,5.494451
басмач,1,87.57609409,UNCATEGORIZED,1.512868,8.891663
проходимость,1,87.57609409,UNCATEGORIZED,8.776442,4.5315266
экстра,1,87.57609409,UNCATEGORIZED,3.7610214,3.963786
спинакер,2,83.610997455,UNCATEGORIZED,2.6958115,6.3530126
пряжка,2,91.73576797999999,UNCATEGORIZED,2.9932306,3.9263704
чуня,1,97.23706515,UNCATEGORIZED,0.6920349,6.5773535
тортилья,2,86.91688252,UNCATEGORIZED,3.2351127,2.2830799
флажок,1,93.74473814,UNCATEGORIZED,3.0205991,5.8678255
растерянность,4,79.8312659575,UNCATEGORIZED,9.737114,6.055529
обскура,2,91.7005359,UNCATEGORIZED,3.786249,5.8629894
борд,1,98.3023585,UNCATEGORIZED,1.0557832,6.6229286
сцепление,5,91.084924602,UNCATEGORIZED,2.8592238,5.655709
вышивание,2,88.900206405,UNCATEGORIZED,6.138289,4.436688
кочегар,4,89.75997957499999,UNCATEGORIZED,2.8245754,9.41687
взморье,2,89.89943689500001,UNCATEGORIZED,4.293637,6.749211
аттрактор,2,89.45350056500001,UNCATEGORIZED,7.141184,4.092326
аэростат,2,95.18258826,UNCATEGORIZED,3.0729678,7.0826855
верша,1,86.08267877,UNCATEGORIZED,8.661116,6.239916
койка,1,86.16071206,UNCATEGORIZED,3.3239906,4.593731
аэродром,3,89.61595088333333,UNCATEGORIZED,4.1917243,7.4069924
куок,1,97.07888213,UNCATEGORIZED,0.8951937,6.930817
хитон,2,91.19419354,UNCATEGORIZED,1.6218513,3.623285
слепота,3,91.20029755,UNCATEGORIZED,8.283224,3.4744573
иконостас,6,88.37772217999999,UNCATEGORIZED,4.5239525,5.7936997
вихор,1,87.73159116,UNCATEGORIZED,2.6682336,3.3006604
гиперион,1,98.29977269,UNCATEGORIZED,2.0047123,6.9812145
авгур,1,81.67127739,UNCATEGORIZED,2.2658753,8.736295
сверчок,5,87.934489566,UNCATEGORIZED,0.12679322,8.078968
златоуст,1,81.67127739,UNCATEGORIZED,2.299241,9.7028675
торговец,2,87.88503488,UNCATEGORIZED,2.8036582,9.488865
иждивенец,2,81.43910356,UNCATEGORIZED,1.099365,9.136383
преподавание,2,93.768904975,UNCATEGORIZED,7.706155,6.994154
обоснование,3,91.64600462,UNCATEGORIZED,8.010622,7.1200676
автослесарь,1,86.4981094,UNCATEGORIZED,2.2849526,9.432555
чародейство,1,86.4981094,UNCATEGORIZED,8.162685,5.6957717
буриме,1,95.5412663,UNCATEGORIZED,4.283081,8.199733
стрекот,3,94.30196569000002,UNCATEGORIZED,5.701617,5.8779926
правительство,5,89.27380931,UNCATEGORIZED,5.6936226,8.113466
чернобыл,1,87.4111887,UNCATEGORIZED,6.998393,5.663554
слип,1,81.64223499,UNCATEGORIZED,1.3631786,7.220089
заторможенность,2,84.225466385,UNCATEGORIZED,8.547058,3.5870936
вереница,13,90.5031509976923,UNCATEGORIZED,5.279227,8.453638
византия,1,95.20164377,UNCATEGORIZED,5.5128694,7.6831465
перемирие,1,95.20164377,UNCATEGORIZED,7.22454,7.5341306
белек,1,79.43267216,UNCATEGORIZED,1.2023171,6.678457
пул,2,84.38220725,UNCATEGORIZED,0.22273044,6.940042
басист,1,93.09337805,UNCATEGORIZED,3.6043184,9.655938
растительность,4,91.1897966825,UNCATEGORIZED,4.796263,5.225479
приторность,1,85.29033462,UNCATEGORIZED,3.826963,2.3717575
протестант,1,85.29033462,UNCATEGORIZED,1.7640305,9.929493
противоречие,3,90.91148675,UNCATEGORIZED,8.319259,6.2438273
неуспеваемость,1,95.82503436,UNCATEGORIZED,9.128855,4.852999
пролетариат,4,92.42542370000001,UNCATEGORIZED,5.548516,8.170461
зерцало,2,88.130454225,UNCATEGORIZED,7.2859282,5.941
факультет,3,89.57229458333332,UNCATEGORIZED,5.123994,7.510117
кронпринц,1,99.3727673,UNCATEGORIZED,2.6497424,8.586623
послушник,1,99.3727673,UNCATEGORIZED,2.1609704,9.427526
целование,1,99.3727673,UNCATEGORIZED,8.306086,6.890916
лохань,2,84.00765866500001,UNCATEGORIZED,3.0374248,4.5890646
шедевр,2,86.55836391,UNCATEGORIZED,6.787941,6.7289243
художница,1,101.0170778,UNCATEGORIZED,2.3319435,7.823804
беспросветность,2,96.858679525,UNCATEGORIZED,9.654181,4.3592725
эль,3,92.89727610333334,UNCATEGORIZED,3.6056263,1.6850759
увиливание,2,89.347519775,UNCATEGORIZED,5.0803986,3.640978
желобок,1,94.16410425,UNCATEGORIZED,3.1622553,5.0279546
дайвинг,2,89.166185875,UNCATEGORIZED,6.211359,5.051082
бесхозяйственность,1,86.18213977,UNCATEGORIZED,9.187218,5.0426497
шамбал,1,91.09525035,UNCATEGORIZED,4.6502347,6.4886794
отжимания,1,97.63232948,UNCATEGORIZED,5.591062,5.3302145
виктория,3,82.48663853,UNCATEGORIZED,-0.13909692,6.700129
бохи,1,93.67099353,UNCATEGORIZED,0.791735,6.9128494
кропот,2,92.214621935,UNCATEGORIZED,1.7476329,7.2783904
стем,1,93.67099353,UNCATEGORIZED,0.8847481,7.131792
владение,2,92.484592755,UNCATEGORIZED,7.0915875,7.5522933
корректирование,1,84.5309353,UNCATEGORIZED,6.621231,3.1500752
извещение,2,84.710121835,UNCATEGORIZED,7.5608296,7.5568957
сношение,2,84.052503695,UNCATEGORIZED,8.066141,4.8742743
паразитирование,1,84.5309353,UNCATEGORIZED,7.5841126,4.6555033
покраснение,4,91.9675695075,UNCATEGORIZED,8.070487,2.979174
крохаль,1,91.18219286,UNCATEGORIZED,1.1334323,6.915387
невежда,1,91.18219286,UNCATEGORIZED,0.93376297,9.928009
бакалейщик,1,92.49550645,UNCATEGORIZED,2.52061,9.733889
очистки,1,84.86766076,UNCATEGORIZED,6.962673,4.447698
правоприменение,1,84.86766076,UNCATEGORIZED,6.7418356,3.278825
аполитичность,1,84.86766076,UNCATEGORIZED,9.311131,4.7157083
ресивер,1,84.86766076,UNCATEGORIZED,2.6717281,5.5481496
перевал,6,94.22722543833333,UNCATEGORIZED,4.5037236,5.69295
марионетка,5,89.879080986,UNCATEGORIZED,1.8323524,8.46295
евро,1,99.5314206,UNCATEGORIZED,4.3148446,4.3829985
префект,1,94.47662612,UNCATEGORIZED,2.329997,8.863985
позитив,5,86.726986744,UNCATEGORIZED,8.036652,5.631128
силлогизм,4,90.5032329875,UNCATEGORIZED,7.5875587,5.388554
особь,1,82.96919715,UNCATEGORIZED,0.06051923,8.589946
нумерация,2,93.855257905,UNCATEGORIZED,6.688537,5.073946
шкура,2,86.085381755,UNCATEGORIZED,3.6360905,3.546347
ворожея,4,90.43872250999999,UNCATEGORIZED,2.062335,8.148718
аттестат,4,91.9173718225,UNCATEGORIZED,6.2723885,7.6500645
коклюшка,1,102.230931,UNCATEGORIZED,2.8474228,3.568049
депо,2,93.86827585,UNCATEGORIZED,3.679675,7.763331
ложечка,1,93.2136845,UNCATEGORIZED,3.19755,3.9902124
увлажнитель,4,90.74996877999999,UNCATEGORIZED,2.806682,5.304021
фарси,1,89.89087388,UNCATEGORIZED,6.0569363,6.247476
дохляк,1,89.89087388,UNCATEGORIZED,0.9036941,9.301607
мелодичность,1,102.4257197,UNCATEGORIZED,9.477718,4.4295893
закрытие,1,102.0695706,UNCATEGORIZED,8.13543,6.558623
наниматель,1,95.50175427,UNCATEGORIZED,3.687709,9.675765
ориентирование,1,79.88546329,UNCATEGORIZED,6.6812763,5.0352893
горгулья,2,90.316568815,UNCATEGORIZED,0.24446532,8.099865
вертопрах,3,87.38564715333332,UNCATEGORIZED,1.0779843,9.706516
мизгирь,1,86.09833947,UNCATEGORIZED,1.4873031,8.135944
лангуст,5,88.518159612,UNCATEGORIZED,0.8917242,7.8200307
шпаргалка,2,93.466965135,UNCATEGORIZED,3.4080656,4.6274476
нюх,3,93.32887937333332,UNCATEGORIZED,9.053634,6.18878
лежак,3,92.23134563,UNCATEGORIZED,2.748305,4.521518
суеверие,3,86.16405229000001,UNCATEGORIZED,8.216541,5.5945745
басня,10,84.782547116,UNCATEGORIZED,6.5460224,6.367587
игнора,4,97.29616647750001,UNCATEGORIZED,6.3868246,6.278394
бан,2,100.6310969,UNCATEGORIZED,0.082785614,6.3149323
почтальон,2,83.56617573,UNCATEGORIZED,3.1738145,8.798519
линукс,4,88.73153052999999,UNCATEGORIZED,2.7060814,6.906563
селектор,1,86.07504656,UNCATEGORIZED,3.0119643,6.187611
готовность,6,91.747759815,UNCATEGORIZED,9.801795,5.5612087
тюрок,1,88.39054748,UNCATEGORIZED,1.6407607,8.754881
лечо,2,91.901067285,UNCATEGORIZED,2.8466535,1.6534643
урожай,4,88.66117820000001,UNCATEGORIZED,2.6470222,2.218547
бледность,3,90.82952474333332,UNCATEGORIZED,5.3817534,3.841441
училище,4,91.69518763,UNCATEGORIZED,5.047893,7.482858
мидия,2,89.61123054999999,UNCATEGORIZED,4.742802,6.3910823
анархист,2,87.41349676499999,UNCATEGORIZED,2.015836,10.167459
лид,2,88.68390952,UNCATEGORIZED,0.8200746,7.007986
вассал,1,94.00191784,UNCATEGORIZED,2.6976948,8.864353
смотритель,2,85.84041964,UNCATEGORIZED,2.8177886,9.196714
поспешность,2,95.634196745,UNCATEGORIZED,9.721051,5.127419
терпимость,3,85.01701999666666,UNCATEGORIZED,9.6091795,5.341968
невостребованность,2,94.30420955,UNCATEGORIZED,9.3363495,4.4456234
предчувствие,4,95.08235867249999,UNCATEGORIZED,9.15808,6.5164876
альянс,3,91.11939047666665,UNCATEGORIZED,5.619554,7.8499007
такоса,1,94.57182524,UNCATEGORIZED,1.325578,8.204821
закругление,3,91.74545845666667,UNCATEGORIZED,6.8556848,4.4573784
отрыв,1,94.67073569,UNCATEGORIZED,7.387226,6.31056
растяжка,3,91.74662924333332,UNCATEGORIZED,6.5839386,5.063795
ценник,3,87.89873628,UNCATEGORIZED,4.071567,4.6539693
текучесть,3,86.95708388000001,UNCATEGORIZED,8.920233,4.321116
туземец,2,96.629704475,UNCATEGORIZED,1.6279256,9.072792
подхалимаж,1,90.66834407,UNCATEGORIZED,8.399403,5.440361
черчение,3,88.07463700666666,UNCATEGORIZED,6.6069403,4.5864754
варварство,4,89.6547395775,UNCATEGORIZED,8.763096,5.606549
хула,1,87.45409859,UNCATEGORIZED,8.488506,5.820084
воронье,1,87.45409859,UNCATEGORIZED,0.37464947,8.633559
допущение,1,87.70612647,UNCATEGORIZED,8.15619,6.5216703
размеренность,1,87.70612647,UNCATEGORIZED,9.350972,4.547487
приманка,3,77.23726437333333,UNCATEGORIZED,0.72995746,5.0407305
вьетнамка,2,89.21570525499999,UNCATEGORIZED,2.1504304,7.329173
утюжок,3,85.40454834333332,UNCATEGORIZED,2.370752,5.5707283
бредовость,1,87.88457862,UNCATEGORIZED,9.702208,4.335465
автохтон,1,87.88457862,UNCATEGORIZED,6.1287007,3.1164782
прагматизм,1,85.99350936,UNCATEGORIZED,8.316614,4.5869036
субар,2,90.446714165,UNCATEGORIZED,3.3742154,7.6773405
заклепка,2,92.31381806499999,UNCATEGORIZED,3.8951433,4.506744
чертовщина,4,84.9910798125,UNCATEGORIZED,6.8917556,5.6750946
дедовщина,1,88.9265166,UNCATEGORIZED,8.251135,5.2994614
сумбур,1,88.9265166,UNCATEGORIZED,7.202615,6.234311
матерщина,1,87.86128752,UNCATEGORIZED,6.3912263,5.841809
кудель,1,87.86128752,UNCATEGORIZED,3.343454,3.7417316
недотрога,2,88.631937625,UNCATEGORIZED,0.9941747,9.413715
копытное,1,89.7638074,UNCATEGORIZED,0.62350696,8.308694
гигантомания,2,91.11966282,UNCATEGORIZED,8.742385,4.043194
подспорье,1,96.21389488,UNCATEGORIZED,7.5029745,6.5473013
призвание,1,76.37037461,UNCATEGORIZED,8.471635,6.5217934
максималист,1,87.8697324,UNCATEGORIZED,1.483322,10.001502
халупа,2,86.86722125,UNCATEGORIZED,4.25512,6.361069
южанин,2,92.42742652,UNCATEGORIZED,1.6352409,9.0266
каннабис,1,87.83282355,UNCATEGORIZED,2.649394,2.2549138
стойло,1,94.63277988,UNCATEGORIZED,3.888393,6.752972
хунта,1,93.76526619,UNCATEGORIZED,5.6402197,7.984932
кетамин,1,88.52581485,UNCATEGORIZED,4.636118,1.8515964
гурьба,1,100.8607246,UNCATEGORIZED,5.3245234,8.479747
дил,2,91.34662148999999,UNCATEGORIZED,0.21037717,6.6068654
сидха,1,88.52322639,UNCATEGORIZED,0.89521706,6.592143
микроволна,1,92.18025746,UNCATEGORIZED,7.0558596,3.9600117
ваятель,1,95.93552863,UNCATEGORIZED,2.7171457,10.058662
помесь,1,95.93552863,UNCATEGORIZED,-0.15153772,8.760102
бычок,3,78.94238637,UNCATEGORIZED,0.109050706,8.8196
стадо,3,76.48827244666667,UNCATEGORIZED,3.7437086,7.0507236
приобретение,2,93.923059765,UNCATEGORIZED,7.5076413,6.7897964
узилище,1,93.92909663,UNCATEGORIZED,4.4319253,6.355257
огонек,2,84.42244139,UNCATEGORIZED,4.49525,4.6283555
попутчик,1,84.66621972,UNCATEGORIZED,2.695672,8.873303
изумление,5,91.418237778,UNCATEGORIZED,9.623348,6.2520275
казна,2,92.386201545,UNCATEGORIZED,5.504482,7.8048596
тысяча,8,80.3504779175,UNCATEGORIZED,6.5758343,8.33418
похмелие,5,72.00316396,UNCATEGORIZED,8.3831625,3.377549
санскрит,4,89.0606683725,UNCATEGORIZED,6.0612082,6.1744485
мелок,3,94.44334755666667,UNCATEGORIZED,2.7333145,4.5806484
плебс,1,97.69770256,UNCATEGORIZED,5.431137,8.31913
креатура,3,92.12861802666667,UNCATEGORIZED,2.5397282,7.660674
агути,1,92.12242681,UNCATEGORIZED,0.37339103,8.308148
восстановление,2,93.810529255,UNCATEGORIZED,8.247353,6.479065
реконкиста,2,92.45391976,UNCATEGORIZED,6.8424335,5.237592
наколка,1,86.15580523,UNCATEGORIZED,4.532778,4.3118186
надменность,2,79.27479317999999,UNCATEGORIZED,9.549204,5.2402143
нехристь,1,81.58460545,UNCATEGORIZED,1.1286371,9.454916
незалежность,1,81.58460545,UNCATEGORIZED,3.890133,6.017526
сутана,1,89.83934968,UNCATEGORIZED,1.7286471,3.4535177
коллекция,6,90.07161862833334,UNCATEGORIZED,5.6900854,7.017481
торговля,2,88.262140035,UNCATEGORIZED,7.586175,5.8338375
асун,1,84.95393007,UNCATEGORIZED,0.40178558,6.5741906
самсунг,1,91.10252154,UNCATEGORIZED,2.8885603,5.852634
сардина,4,77.24239469,UNCATEGORIZED,0.31941783,5.2223845
публицистика,3,86.76636122333332,UNCATEGORIZED,6.8246927,5.549586
камбала,9,89.23103955444445,UNCATEGORIZED,0.25937536,5.1774693
заучивание,1,82.0498718,UNCATEGORIZED,8.098268,6.379326
ларек,4,90.4562694375,UNCATEGORIZED,4.119535,7.053642
брыжейка,1,82.47365856,UNCATEGORIZED,7.5967493,2.978074
исихазм,2,84.95954892,UNCATEGORIZED,7.714198,4.5830493
нюня,1,82.47365856,UNCATEGORIZED,0.8411441,9.579305
бронежилет,4,86.17610652249999,UNCATEGORIZED,1.6998981,3.9210615
одобрение,3,92.98711720333334,UNCATEGORIZED,9.304139,6.417907
верование,1,90.33728754,UNCATEGORIZED,8.088278,5.546106
соскоб,2,94.461745025,UNCATEGORIZED,6.030699,3.8736053
приемная,1,91.08296288,UNCATEGORIZED,4.7351775,7.1471577
безрассудство,1,90.96938155,UNCATEGORIZED,8.991499,5.577818
шифрование,1,91.40027773,UNCATEGORIZED,7.057529,4.486697
электричка,6,89.67909439333334,UNCATEGORIZED,3.5928388,7.5636473
ярлык,2,91.63417465,UNCATEGORIZED,4.266268,4.697787
волосок,1,87.04020334,UNCATEGORIZED,2.7576544,3.2983081
организм,6,88.55586299333333,UNCATEGORIZED,8.051184,4.1265664
перевертыш,6,87.84828822333333,UNCATEGORIZED,1.3222901,8.6701765
комбат,4,89.63861321750001,UNCATEGORIZED,3.3999963,9.085349
индий,6,91.98882166333333,UNCATEGORIZED,4.9728055,2.3260622
бестелесность,1,96.00543153,UNCATEGORIZED,9.509062,4.3627734
изыскание,1,96.00543153,UNCATEGORIZED,8.303477,6.200627
сераль,1,76.39825847,UNCATEGORIZED,3.9387867,6.991019
зрак,1,76.39825847,UNCATEGORIZED,1.7152997,4.537205
стазис,2,81.560679475,UNCATEGORIZED,2.7149725,6.3576055
сорокопут,1,76.39825847,UNCATEGORIZED,0.34020177,7.9418793
ерма,1,76.39825847,UNCATEGORIZED,1.3654332,6.941532
отит,2,93.318842835,UNCATEGORIZED,7.7725058,2.481733
распространение,3,93.67277630666668,UNCATEGORIZED,8.065449,6.639127
брючин,1,93.95259125,UNCATEGORIZED,2.5630205,3.4460526
грампластинка,2,94.89226485500001,UNCATEGORIZED,5.326774,5.1557107
трейдер,1,91.5952209,UNCATEGORIZED,3.2710137,9.789538
участь,1,93.94361292,UNCATEGORIZED,8.387643,6.8072248
сожаление,2,88.477237265,UNCATEGORIZED,9.569069,6.2689967
голема,2,92.01448461999999,UNCATEGORIZED,1.6289322,8.243986
нано,1,93.03847927,UNCATEGORIZED,0.6599323,6.774315
вона,1,89.27242923,UNCATEGORIZED,-0.22855696,5.9491224
ог,1,89.27242923,UNCATEGORIZED,0.11926872,6.230051
раджа,1,92.05215932,UNCATEGORIZED,2.1832001,9.039869
ремарка,2,89.50931521999999,UNCATEGORIZED,6.4562993,6.576639
поступь,2,92.833878285,UNCATEGORIZED,5.6627007,5.9486785
блокировка,3,89.00883216,UNCATEGORIZED,7.1429777,4.934443
утолщение,1,91.55565178,UNCATEGORIZED,7.969715,2.9167407
конвертация,4,86.7680568175,UNCATEGORIZED,7.3167596,4.7105517
шилла,1,92.51973698,UNCATEGORIZED,0.5796073,6.579906
вено,1,92.51973698,UNCATEGORIZED,7.152649,7.729858
ом,7,84.1464381,UNCATEGORIZED,0.06868456,6.2057843
экскремент,6,78.40160100166668,UNCATEGORIZED,4.716049,2.9604335
хирургия,6,89.44449317166668,UNCATEGORIZED,6.9385953,4.316285
стерильность,2,89.139485335,UNCATEGORIZED,9.41472,4.7559586
танах,2,87.40742654499999,UNCATEGORIZED,6.124242,6.871285
рекламация,1,92.77798005,UNCATEGORIZED,6.180855,3.4007287
кашне,1,87.41249095,UNCATEGORIZED,1.7922238,3.550016
невменяемость,1,87.41249095,UNCATEGORIZED,9.262858,4.55284
плавучесть,2,85.497784255,UNCATEGORIZED,8.812322,4.5026975
старт,3,93.29831025666665,UNCATEGORIZED,5.744723,6.566565
озадаченность,1,93.76175796,UNCATEGORIZED,9.786354,5.941295
эпикриз,3,92.6670011,UNCATEGORIZED,7.4470277,2.977031
приличие,2,94.15621764,UNCATEGORIZED,9.800988,5.459376
сопровождение,2,92.96777681,UNCATEGORIZED,7.3815393,7.129903
отлив,2,94.712659595,UNCATEGORIZED,5.202367,5.0296645
арфистка,1,92.5514171,UNCATEGORIZED,2.0153975,7.370928
звездочка,2,87.633167285,UNCATEGORIZED,4.3947206,4.615955
рундук,2,90.320639975,UNCATEGORIZED,2.7848096,4.6878934
отвага,2,92.255546875,UNCATEGORIZED,9.859271,5.4840574
пращур,2,93.775009575,UNCATEGORIZED,2.1932616,8.683167
кормило,2,80.673507355,UNCATEGORIZED,2.7307005,5.8163953
ремиз,1,82.13838622,UNCATEGORIZED,1.5784732,6.9949617
кожевник,1,94.60950935,UNCATEGORIZED,2.5100884,9.808746
пара,10,89.706511015,UNCATEGORIZED,5.7807384,8.529981
чехарда,3,89.27226077333334,UNCATEGORIZED,6.791144,5.806412
фокстрот,3,88.13556928999999,UNCATEGORIZED,4.8750997,7.616649
лабух,1,86.48728631,UNCATEGORIZED,0.8259109,7.8282647
отрада,6,82.00319908166668,UNCATEGORIZED,6.230665,5.585443
вкуснота,1,82.94609131,UNCATEGORIZED,6.2134275,5.3300533
бобик,2,89.78881351000001,UNCATEGORIZED,-0.16454108,8.762025
осведомленность,1,87.85610313,UNCATEGORIZED,9.707483,5.2773037
тина,6,90.85314963833333,UNCATEGORIZED,-0.08410898,6.679039
пирамидка,2,86.001856345,UNCATEGORIZED,3.6740737,4.546649
кар,2,83.871851865,UNCATEGORIZED,0.07404979,6.279834
юдоль,2,92.19238733,UNCATEGORIZED,4.558891,6.426814
декоративность,1,85.90543485,UNCATEGORIZED,9.625844,4.439887
поверье,3,87.34741230333334,UNCATEGORIZED,8.035024,5.703993
параплан,7,86.97330160285715,UNCATEGORIZED,2.9179494,6.767785
отрезок,3,92.14022848,UNCATEGORIZED,6.1417527,6.2364316
котлетка,2,94.94193355499999,UNCATEGORIZED,3.1031458,2.4355893
кораблик,1,77.80335349,UNCATEGORIZED,2.9957669,6.89763
ланолин,2,92.416848775,UNCATEGORIZED,4.073128,2.0782938
пайка,1,98.21653965,UNCATEGORIZED,3.210432,2.4898453
подворье,1,89.0676265,UNCATEGORIZED,4.5666394,6.7008014
дефиниция,2,91.76265843,UNCATEGORIZED,7.209105,4.6423016
шихта,2,74.97472243,UNCATEGORIZED,4.1747303,2.724665
продувка,1,66.49188411,UNCATEGORIZED,7.165518,4.2671714
взнос,1,89.03549975,UNCATEGORIZED,6.7584286,7.8576984
сумрак,7,85.21967093571428,UNCATEGORIZED,5.023389,4.5852885
барка,3,88.13535466333333,UNCATEGORIZED,3.0265002,6.826921
нерк,2,76.463850225,UNCATEGORIZED,1.2298759,7.072415
метраж,1,89.74022181,UNCATEGORIZED,5.385928,6.5031986
камуфляж,3,91.54171222999999,UNCATEGORIZED,1.6797179,3.6274722
авиабилет,3,89.24510049666667,UNCATEGORIZED,6.4187694,7.649532
распределение,4,93.286831535,UNCATEGORIZED,8.140369,6.454574
продув,1,88.1761496,UNCATEGORIZED,2.4893217,5.5513377
гифа,1,83.45756075,UNCATEGORIZED,1.1445954,6.6741104
огранка,1,83.45756075,UNCATEGORIZED,5.737632,3.9566936
кокпит,1,83.45756075,UNCATEGORIZED,3.323954,5.9997463
россия,11,85.86820897727272,UNCATEGORIZED,5.6271524,7.7447824
времена,1,64.425641,UNCATEGORIZED,7.091335,7.7474775
игрок,2,77.96761304,UNCATEGORIZED,3.7258022,8.755827
кореец,4,90.743072275,UNCATEGORIZED,1.6931014,9.031506
шипение,1,91.77799514,UNCATEGORIZED,5.749268,5.872842
конъюнктивит,6,90.85311956666665,UNCATEGORIZED,7.8545523,2.6196184
отголосок,2,97.817764735,UNCATEGORIZED,5.5688252,5.543486
взаимопонимание,1,84.35461105,UNCATEGORIZED,8.897582,6.1595516
снедь,1,92.84405427,UNCATEGORIZED,3.2581007,2.2524216
усовершенствование,1,86.17551311,UNCATEGORIZED,8.101582,6.308663
восстание,1,86.17551311,UNCATEGORIZED,7.797426,6.2293
гауптвахта,4,90.9547569475,UNCATEGORIZED,4.220218,6.4870996
руна,2,85.28641488,UNCATEGORIZED,5.1945305,4.964253
волдырь,3,87.91614660333335,UNCATEGORIZED,5.1176386,3.6276982
сукровица,9,91.91899750777777,UNCATEGORIZED,5.180226,3.7567332
возвеличивание,2,93.88702339,UNCATEGORIZED,8.346939,5.763402
каталка,4,90.10536218249999,UNCATEGORIZED,3.3180103,7.8234425
автожир,2,90.696809625,UNCATEGORIZED,3.0191727,7.0157785
упрощение,1,90.43451001,UNCATEGORIZED,8.217734,6.096854
мемуары,3,94.00903666333333,UNCATEGORIZED,6.431424,6.923782
футуролог,1,92.56313855,UNCATEGORIZED,2.908474,10.3214245
молокосос,1,92.56313855,UNCATEGORIZED,0.94300514,9.616501
кочет,5,87.252314122,UNCATEGORIZED,0.471704,7.9008036
кипеш,1,93.2819975,UNCATEGORIZED,6.7545977,6.3775744
беспомощность,2,93.822723825,UNCATEGORIZED,9.673807,4.543073
форшмак,1,93.3234316,UNCATEGORIZED,3.0536375,1.9832057
видок,1,84.51970801,UNCATEGORIZED,1.2866695,9.818277
сутолока,2,93.208094225,UNCATEGORIZED,6.8226476,5.986483
долька,2,92.36496608499999,UNCATEGORIZED,2.5654116,1.4439043
пандан,1,91.55176552,UNCATEGORIZED,3.2452414,5.283002
томагавк,4,87.0949258175,UNCATEGORIZED,1.8792144,4.646703
логичность,1,86.71013147,UNCATEGORIZED,9.45907,4.5874596
одичание,1,86.71013147,UNCATEGORIZED,8.323647,5.4859166
установление,1,86.71013147,UNCATEGORIZED,8.078583,6.6751423
оптимальность,2,90.49243286999999,UNCATEGORIZED,8.754124,4.332402
джокер,1,96.00217794,UNCATEGORIZED,5.0670657,9.019573
джонка,1,96.00217794,UNCATEGORIZED,2.985133,6.8264475
строгач,1,96.00217794,UNCATEGORIZED,2.5304897,6.730082
хлопья,2,92.96477056,UNCATEGORIZED,5.0501423,4.3346567
могильник,1,89.68737101,UNCATEGORIZED,4.5344343,6.581008
сезам,2,89.76962278,UNCATEGORIZED,4.117148,6.4779353
пристанище,2,75.461637395,UNCATEGORIZED,4.7307434,6.618599
гонщик,3,88.68246043666666,UNCATEGORIZED,2.7127922,9.407247
счетовод,1,95.4986317,UNCATEGORIZED,2.8839283,9.519995
попечение,1,95.75437678,UNCATEGORIZED,8.621963,6.857749
постмодерн,4,84.0715453975,UNCATEGORIZED,7.9988456,4.3960876
индуизм,2,88.21445589000001,UNCATEGORIZED,7.8701587,5.067827
терьер,2,83.50227097999999,UNCATEGORIZED,-0.2749635,8.834348
реверс,6,85.53654870833333,UNCATEGORIZED,3.157156,5.5786266
спурт,1,85.76506949,UNCATEGORIZED,5.045142,6.456673
зависание,1,85.76506949,UNCATEGORIZED,7.6756186,5.0504146
сознательность,2,86.138772465,UNCATEGORIZED,9.672861,5.173339
космополитизм,1,88.24330032,UNCATEGORIZED,8.293103,4.723964
колонизация,2,90.12310086,UNCATEGORIZED,7.481443,5.39521
выживание,3,92.67029812,UNCATEGORIZED,8.450411,6.0849566
трудолюбие,2,91.40363514500001,UNCATEGORIZED,9.857521,5.3373604
метастаз,6,88.93406921,UNCATEGORIZED,7.5224237,2.8375707
антураж,4,89.7096828325,UNCATEGORIZED,6.2174187,5.6932783
бантик,4,91.4082515125,UNCATEGORIZED,2.106113,3.7156181
афера,4,88.17183704749999,UNCATEGORIZED,7.138408,6.114262
семка,3,84.08087847666667,UNCATEGORIZED,0.96499634,7.79546
заец,3,92.01084958000001,UNCATEGORIZED,1.2527387,7.294834
рассол,2,94.83417149,UNCATEGORIZED,2.958621,1.509045
отказ,3,94.54639701,UNCATEGORIZED,7.7928863,7.303773
мурлыканье,2,87.536401485,UNCATEGORIZED,5.783027,5.849041
пианист,1,83.15945729,UNCATEGORIZED,3.4743392,9.7364645
атер,1,83.38767012,UNCATEGORIZED,1.4274528,7.2926025
лапочка,3,86.54676682999998,UNCATEGORIZED,1.4132206,8.077169
клобук,3,91.30965533666667,UNCATEGORIZED,1.8104192,3.672166
таламус,1,84.63659192,UNCATEGORIZED,5.583651,2.9223564
скальп,2,88.04915489999999,UNCATEGORIZED,2.0057068,3.5898464
мерзляк,1,90.58077521,UNCATEGORIZED,2.9633632,10.287013
обрывок,1,90.58077521,UNCATEGORIZED,2.8335147,3.21906
наряд,5,89.20769276,UNCATEGORIZED,1.6323675,3.623107
пятидесятник,1,96.59216871,UNCATEGORIZED,1.428076,7.684165
карп,9,78.34623798555555,UNCATEGORIZED,0.22005175,5.1498938
бортник,1,94.15960303,UNCATEGORIZED,1.4181533,8.143041
институция,1,92.29110178,UNCATEGORIZED,4.0599704,4.727113
мелюзга,2,90.001016785,UNCATEGORIZED,5.424937,8.550467
кадриль,3,91.04169392,UNCATEGORIZED,4.8549843,7.624112
снабжение,2,90.40961392,UNCATEGORIZED,7.883951,6.594494
аргументация,1,95.02621259,UNCATEGORIZED,7.1492286,5.8432717
сильфида,1,84.90937838,UNCATEGORIZED,1.4214576,7.902668
курос,1,84.90937838,UNCATEGORIZED,1.2530568,7.1799407
гнида,7,90.88685314142857,UNCATEGORIZED,0.66203666,9.302508
бармица,1,84.90937838,UNCATEGORIZED,3.3170085,4.143414
туберкулез,14,90.23223294571429,UNCATEGORIZED,7.864549,2.4775422
кардиостимулятор,2,87.28132961,UNCATEGORIZED,2.6174798,5.5473385
попрошайка,1,88.5402657,UNCATEGORIZED,1.4450678,9.684679
филактерия,2,86.88546436,UNCATEGORIZED,2.0583363,3.5605621
исчерпание,1,96.03383158,UNCATEGORIZED,7.374912,4.2690334
кучка,1,81.61875294,UNCATEGORIZED,5.570755,8.430556
цедра,3,90.59159505000001,UNCATEGORIZED,2.5908906,1.4252597
вайпер,1,81.61875294,UNCATEGORIZED,0.43462208,6.9598336
подвох,1,92.33517261,UNCATEGORIZED,7.789796,6.578792
мечтательность,2,91.72429301,UNCATEGORIZED,9.768226,5.1678114
плебисцит,5,84.705774026,UNCATEGORIZED,6.245148,7.9381933
шифон,1,87.36009575,UNCATEGORIZED,3.968597,3.1435947
грош,2,84.57926951,UNCATEGORIZED,4.298133,4.3888125
самообладание,1,97.77292105,UNCATEGORIZED,9.818843,5.622218
колер,2,91.206170085,UNCATEGORIZED,0.48845443,6.967761
сан,3,85.67716426,UNCATEGORIZED,2.715168,8.469949
пневмония,2,89.079463965,UNCATEGORIZED,7.787023,2.599924
геенна,2,94.40441282500001,UNCATEGORIZED,4.6361575,6.1390753
потребление,1,94.85734988,UNCATEGORIZED,8.011085,6.3969436
аспарагус,1,74.16043498,UNCATEGORIZED,2.064526,1.6514338
срак,4,71.8988890275,UNCATEGORIZED,2.055437,7.5035343
фуксия,4,87.3012703675,UNCATEGORIZED,0.57047933,6.7502246
пятнашки,1,84.86385396,UNCATEGORIZED,4.3092213,8.310475
ка,5,87.67943485199999,UNCATEGORIZED,-0.105169415,6.034874
полнота,1,86.84632455,UNCATEGORIZED,9.128964,4.984576
росянка,1,89.35480599,UNCATEGORIZED,2.0131297,2.4380956
пулька,1,89.85078296,UNCATEGORIZED,3.4027317,4.7870107
портплед,2,85.069395635,UNCATEGORIZED,2.4234443,4.490964
кварцит,5,89.536653508,UNCATEGORIZED,4.4512253,3.1728215
премиум,3,94.64004654,UNCATEGORIZED,3.833015,4.6945605
округ,2,90.456668815,UNCATEGORIZED,4.7385554,7.1191807
порыв,2,88.3313502,UNCATEGORIZED,5.2890153,4.973272
диахрония,1,85.31272073,UNCATEGORIZED,7.454757,3.9619832
психолингвистика,2,86.392817755,UNCATEGORIZED,6.7964773,2.8976572
квест,2,87.913774065,UNCATEGORIZED,6.174017,7.7243733
буза,2,86.167542305,UNCATEGORIZED,6.820989,6.109998
квак,2,88.052915275,UNCATEGORIZED,1.1150233,6.8549523
гуща,3,87.83424730333333,UNCATEGORIZED,3.0943553,2.9002883
альпака,10,92.473941811,UNCATEGORIZED,4.2392435,3.1328065
эрекция,7,92.74936428714285,UNCATEGORIZED,7.813722,3.535542
подонок,4,94.01891571249999,UNCATEGORIZED,0.92835873,9.751774
перекрытие,1,94.37343528,UNCATEGORIZED,3.8639216,5.064323
настил,1,81.69802085,UNCATEGORIZED,3.796114,5.9174347
эвенк,1,86.95337388,UNCATEGORIZED,1.175747,8.482369
джуно,1,89.67675828,UNCATEGORIZED,0.26188073,6.6058855
шкала,4,91.08434568749999,UNCATEGORIZED,7.1747403,5.420804
изменник,2,92.5887542,UNCATEGORIZED,1.5152597,9.89161
тетраграмматон,6,86.30070887166666,UNCATEGORIZED,2.4493966,6.444997
эклиптика,4,87.26533330500001,UNCATEGORIZED,5.936319,4.415791
технократия,1,93.51427495,UNCATEGORIZED,6.490557,4.647179
саронг,1,91.74646953,UNCATEGORIZED,1.6528707,3.5883462
маргинал,5,86.83353239200001,UNCATEGORIZED,1.3966671,9.669971
каннибал,5,86.591728038,UNCATEGORIZED,1.1148527,9.411546
свиноматка,1,95.73298137,UNCATEGORIZED,0.4682016,7.6000037
фолк,1,86.92764346,UNCATEGORIZED,4.8326507,7.575294
содружество,2,88.791106105,UNCATEGORIZED,5.724721,8.021756
почвоведение,2,90.11774732,UNCATEGORIZED,6.582423,4.5394382
саранча,4,88.9494272825,UNCATEGORIZED,0.40272996,8.016619
оккупант,1,92.22628765,UNCATEGORIZED,1.3795792,9.397925
механик,2,90.332820245,UNCATEGORIZED,3.0964613,9.461152
пробой,3,88.30064016,UNCATEGORIZED,6.9879766,6.2069993
патриотизм,4,90.052031675,UNCATEGORIZED,8.521262,4.9352093
всхлип,2,91.093281805,UNCATEGORIZED,5.776648,5.928385
сонар,2,89.334370235,UNCATEGORIZED,2.5759325,5.823299
незнание,1,91.29099075,UNCATEGORIZED,8.941623,6.0446877
пет,1,91.29099075,UNCATEGORIZED,2.2900007,9.7003355
риза,2,93.84701013,UNCATEGORIZED,1.5530344,3.7341676
петри,2,89.756559615,UNCATEGORIZED,3.1460469,4.145723
швеллер,2,80.80480643,UNCATEGORIZED,0.83175504,6.935764
валли,1,81.77904125,UNCATEGORIZED,0.47843376,6.548909
ук,8,85.64305533250001,UNCATEGORIZED,8.255676,6.1841564
минералка,3,90.50114472,UNCATEGORIZED,3.535939,2.189828
обобщение,2,90.02373338999999,UNCATEGORIZED,8.129465,6.3514895
категория,4,93.33364882000001,UNCATEGORIZED,7.160869,5.9793825
кудо,2,82.628887435,UNCATEGORIZED,1.0247952,6.9073763
щур,1,87.89088329,UNCATEGORIZED,0.9326539,7.9832954
тенета,1,84.10775364,UNCATEGORIZED,4.545523,3.39658
аспид,2,87.971789355,UNCATEGORIZED,0.44867435,8.220642
михраб,1,84.10775364,UNCATEGORIZED,5.8519673,4.5717916
пилястра,3,88.46267535666665,UNCATEGORIZED,4.009581,5.614231
квар,2,89.75409474,UNCATEGORIZED,0.7653434,7.586077
квидо,1,87.17366625,UNCATEGORIZED,0.7170864,6.8154464
кинг,2,87.882584535,UNCATEGORIZED,0.025080942,6.9518414
мер,2,96.624724945,UNCATEGORIZED,8.020122,6.8806005
динамик,8,89.45029328875,UNCATEGORIZED,3.1015828,6.115582
надпись,3,86.84005597999999,UNCATEGORIZED,5.134072,5.7005887
авит,1,87.00555558,UNCATEGORIZED,1.0550033,7.0221953
арга,1,87.00555558,UNCATEGORIZED,0.91557837,6.66651
шестерня,6,89.56220602833332,UNCATEGORIZED,3.490026,4.5231957
скотобойня,2,89.462046705,UNCATEGORIZED,4.249333,6.1294427
невидимка,1,84.78274987,UNCATEGORIZED,1.4828115,9.206307
тарарам,11,86.74112350818181,UNCATEGORIZED,6.9619827,6.333479
андроген,2,83.146673145,UNCATEGORIZED,6.0793943,2.4318106
махинация,1,81.09701755,UNCATEGORIZED,6.764623,5.848847
наложница,1,91.38029073,UNCATEGORIZED,2.3516586,7.9904885
федерация,4,88.44581827,UNCATEGORIZED,5.610789,7.880528
электромотор,1,82.63580743,UNCATEGORIZED,2.995629,5.6209283
измеритель,1,89.22579328,UNCATEGORIZED,2.5320013,5.664199
методист,3,91.90451359000001,UNCATEGORIZED,2.4339726,9.791151
двойник,1,93.73690425,UNCATEGORIZED,1.4841547,8.6848955
радиосвязь,1,93.83402872,UNCATEGORIZED,7.803196,6.8515754
косоворотка,4,85.87881684499999,UNCATEGORIZED,1.776314,3.3259945
намерение,2,91.901106645,UNCATEGORIZED,8.084735,7.3185716
вязка,1,80.76275351,UNCATEGORIZED,6.7826123,4.4959164
потеха,2,87.97753242499999,UNCATEGORIZED,6.8316736,6.161488
тесло,2,91.17660842,UNCATEGORIZED,2.326849,4.7552514
тюрбан,4,88.5903073625,UNCATEGORIZED,1.9155221,3.5701904
шноркель,3,84.93595304333333,UNCATEGORIZED,2.6181102,5.553917
брасс,4,88.91914382,UNCATEGORIZED,0.55959487,6.994148
беркут,1,84.73661008,UNCATEGORIZED,-0.15258434,8.009303
вождение,1,84.73661008,UNCATEGORIZED,6.5167294,5.072758
снукер,2,90.73502064,UNCATEGORIZED,4.2907205,8.224565
ситро,2,84.91187693,UNCATEGORIZED,3.3710861,1.9054246
закром,3,91.58159042,UNCATEGORIZED,2.7884812,4.711294
бумажник,1,90.55181455,UNCATEGORIZED,2.5500472,4.306345
цифирь,1,78.57267128,UNCATEGORIZED,6.4014792,5.49839
факир,2,84.69958876999999,UNCATEGORIZED,2.2279618,9.345641
шоколадка,7,84.75815663428571,UNCATEGORIZED,3.271244,2.6893837
муфлон,7,90.68463073142858,UNCATEGORIZED,0.9958497,8.223072
греза,2,88.483034735,UNCATEGORIZED,7.8513017,6.0184283
трубочист,5,87.79745779800001,UNCATEGORIZED,2.520525,9.751282
бумазея,1,85.61560722,UNCATEGORIZED,4.190522,3.1182523
оперативник,1,88.97590533,UNCATEGORIZED,3.1366615,9.410922
дежавю,1,87.11789204,UNCATEGORIZED,8.881595,6.3143682
подзатыльник,1,87.11789204,UNCATEGORIZED,5.1769385,6.026197
флегматичность,1,95.53223556,UNCATEGORIZED,9.510906,4.474488
клейстер,1,88.57784629,UNCATEGORIZED,3.9561815,2.5258207
стелла,3,90.35987027,UNCATEGORIZED,-0.07451736,6.679916
мосток,2,89.95322107499999,UNCATEGORIZED,4.1158805,5.689272
пробор,1,90.97947099,UNCATEGORIZED,3.0615735,3.272758
ужастик,2,90.18790749499999,UNCATEGORIZED,5.5207396,7.048209
килт,8,89.06935497375,UNCATEGORIZED,1.5972906,3.6228812
пройма,3,91.11372074333333,UNCATEGORIZED,2.5050368,3.4323633
орда,2,84.63725991,UNCATEGORIZED,5.2114644,8.370706
паж,2,89.7284842,UNCATEGORIZED,2.700539,8.82602
щербина,1,91.35972019,UNCATEGORIZED,1.0350432,7.7143173
архаизм,2,75.74848666,UNCATEGORIZED,7.7113447,4.6849365
дерзость,1,90.93252376,UNCATEGORIZED,9.503042,5.4278083
возничий,1,91.22127911,UNCATEGORIZED,1.685123,7.5832663
пострел,1,91.22127911,UNCATEGORIZED,0.9139383,9.65107
ширь,1,91.22127911,UNCATEGORIZED,5.1268888,4.839759
отброс,1,93.77595209,UNCATEGORIZED,1.1853095,9.654989
болеро,1,90.81617406,UNCATEGORIZED,5.0069304,7.568475
страховка,2,91.58789186,UNCATEGORIZED,6.9954014,7.423928
донос,4,91.2674781925,UNCATEGORIZED,7.2295494,6.620361
лихорадка,3,88.75756021000001,UNCATEGORIZED,8.107688,2.7617843
бастион,1,90.81483179,UNCATEGORIZED,4.345194,6.527261
подкоп,3,89.83215342666666,UNCATEGORIZED,4.142279,5.7745814
подпоручик,1,87.4718633,UNCATEGORIZED,3.266425,9.114883
многовариантность,1,89.11990917,UNCATEGORIZED,8.982741,4.26102
глажка,6,92.48483664333334,UNCATEGORIZED,6.7762985,4.845947
зернышко,2,94.06473786,UNCATEGORIZED,2.527687,2.329659
гетто,2,88.01110053,UNCATEGORIZED,4.835442,6.941201
танцпола,1,83.61457263,UNCATEGORIZED,4.719107,7.540793
тайник,2,95.360142595,UNCATEGORIZED,3.5938869,5.2965016
герб,15,88.66816367933332,UNCATEGORIZED,5.191187,5.257898
священнослужитель,3,90.48189069,UNCATEGORIZED,2.322723,9.399004
благотворение,1,90.06370119,UNCATEGORIZED,7.4908943,4.7633295
демография,4,91.1434830325,UNCATEGORIZED,6.7854867,4.776724
успокоение,1,88.07876946,UNCATEGORIZED,9.160469,6.0892124
воинственность,1,88.07876946,UNCATEGORIZED,9.654349,5.155173
сквернословие,3,90.25778595999999,UNCATEGORIZED,8.580105,5.662199
замешательство,2,94.88573799,UNCATEGORIZED,9.645534,6.2524867
ринг,1,88.57722645,UNCATEGORIZED,3.8355753,8.568618
ниггер,1,88.59150282,UNCATEGORIZED,0.86424464,9.488992
завет,4,88.4283437375,UNCATEGORIZED,6.7646537,7.143695
аксессуар,5,94.044932266,UNCATEGORIZED,5.9541864,5.494052
макет,1,92.43541466,UNCATEGORIZED,6.0263715,6.118763
яс,5,88.92509346,UNCATEGORIZED,0.10988829,6.3324428
резиденция,2,93.727634965,UNCATEGORIZED,4.3610487,6.591725
траст,2,87.734097365,UNCATEGORIZED,2.6359887,6.8334947
пресуществление,3,86.10341478333333,UNCATEGORIZED,7.4062195,4.698655
загонщик,2,84.24920922999999,UNCATEGORIZED,1.9609653,8.806434
девственница,4,87.2099823175,UNCATEGORIZED,2.1289976,8.023805
кишмиш,1,86.94668368,UNCATEGORIZED,2.1304808,1.5727875
жратва,1,91.86266741,UNCATEGORIZED,3.6021917,2.5038104
бормотание,2,94.63204698499999,UNCATEGORIZED,5.876529,5.8894157
тол,2,84.38940779,UNCATEGORIZED,0.17222172,6.2509766
дратва,1,92.77629362,UNCATEGORIZED,3.041629,3.9334168
сатир,1,92.77629362,UNCATEGORIZED,0.81419754,8.412122
бедуин,2,88.66628722,UNCATEGORIZED,1.5028958,8.94525
дыба,1,90.64440009,UNCATEGORIZED,3.7368963,5.6072984
квирит,4,88.7309735525,UNCATEGORIZED,6.271583,3.0728736
очистка,1,96.83612031,UNCATEGORIZED,6.8579264,4.750815
подбородок,2,91.01550871,UNCATEGORIZED,4.1704392,3.869745
штаб,1,90.81842009,UNCATEGORIZED,4.8552737,8.268445
декада,2,95.17818828,UNCATEGORIZED,6.5304914,5.888628
хорунжий,1,87.02787757,UNCATEGORIZED,2.7952592,9.004075
нуга,5,91.748081572,UNCATEGORIZED,3.2110133,2.407219
нива,3,79.48426947,UNCATEGORIZED,3.375081,7.7280526
разгон,2,94.42827839,UNCATEGORIZED,5.690868,6.4362764
филиоква,3,86.24848420666666,UNCATEGORIZED,7.674737,4.596636
венерианец,1,85.83868214,UNCATEGORIZED,5.322907,3.2700808
средостение,1,85.83868214,UNCATEGORIZED,5.6857414,3.133868
блудодь,1,85.83868214,UNCATEGORIZED,1.2614172,8.318697
рцы,5,88.98300732,UNCATEGORIZED,0.029076895,5.9573483
фаворит,3,89.83109539333334,UNCATEGORIZED,2.8360202,9.1273
реактивность,1,90.82563794,UNCATEGORIZED,8.855741,4.373486
перестрахование,1,84.31629798,UNCATEGORIZED,6.9445167,4.307546
ландскнехт,3,86.68370134999999,UNCATEGORIZED,2.2549496,9.460063
юра,1,88.40067123,UNCATEGORIZED,2.0769372,8.32582
ют,1,88.40067123,UNCATEGORIZED,-0.045038372,6.10114
эмульсия,5,85.548969736,UNCATEGORIZED,4.329531,2.2767243
лорнет,1,95.70599775,UNCATEGORIZED,2.0949044,4.071061
горсточка,1,90.04620425,UNCATEGORIZED,5.5122375,8.461669
ксенофоб,2,83.900412695,UNCATEGORIZED,1.3881767,9.437761
попка,7,77.60731791142858,UNCATEGORIZED,3.800775,3.9058971
ассассин,1,95.34885103,UNCATEGORIZED,6.029969,3.1488876
поселение,1,96.82704071,UNCATEGORIZED,4.655663,6.7586737
стройматериал,3,95.07514812333334,UNCATEGORIZED,4.383426,3.0549471
ограниченность,1,80.90902174,UNCATEGORIZED,9.353511,4.538019
микроциркуляция,1,80.90902174,UNCATEGORIZED,6.5593314,2.799288
парилка,4,83.4304599225,UNCATEGORIZED,4.134076,6.436159
гейша,1,85.23707299,UNCATEGORIZED,2.148581,7.6025195
проявленность,1,89.22641478,UNCATEGORIZED,6.7658734,3.4434419
рябина,2,89.646977865,UNCATEGORIZED,1.7392119,1.7016834
цирюльник,4,90.462350455,UNCATEGORIZED,2.5337102,9.6895485
ломтик,2,84.97302096,UNCATEGORIZED,2.882062,2.356154
горстка,1,85.71641168,UNCATEGORIZED,5.5270853,8.451118
мертвяк,1,90.16018702,UNCATEGORIZED,1.0727103,8.723346
мифологизация,1,80.50657961,UNCATEGORIZED,7.3788695,4.6802473
срач,2,86.912285885,UNCATEGORIZED,6.90242,6.3661413
баул,2,92.389860075,UNCATEGORIZED,2.4094675,4.299958
выблядок,1,88.88933051,UNCATEGORIZED,1.0430238,9.216363
эпитом,1,90.73956625,UNCATEGORIZED,6.294349,6.1315937
камелия,2,91.795245975,UNCATEGORIZED,1.5456811,2.2918246
гондола,2,92.990810745,UNCATEGORIZED,3.0232868,6.826161
портсигар,3,90.96089560333333,UNCATEGORIZED,2.5462716,4.198235
монолит,4,88.944263885,UNCATEGORIZED,4.459703,5.585271
бабуин,1,86.781606,UNCATEGORIZED,0.2967388,8.476256
скутер,1,89.00560477,UNCATEGORIZED,3.1518302,7.3237514
венчание,2,92.56641395,UNCATEGORIZED,7.6274133,7.2894273
болван,3,90.02857791333334,UNCATEGORIZED,0.68509406,9.739298
пучина,5,89.248797738,UNCATEGORIZED,4.7377696,5.2020597
клавишник,1,84.15047767,UNCATEGORIZED,3.6301434,9.659556
горбунок,1,92.08906964,UNCATEGORIZED,1.3310415,8.31303
нарвал,2,92.85934353,UNCATEGORIZED,2.7194319,3.3725278
сретение,3,91.76982477333333,UNCATEGORIZED,7.9514813,7.085291
водящий,1,93.36192545,UNCATEGORIZED,3.1737788,9.071726
курочка,1,93.36192545,UNCATEGORIZED,-0.019790098,7.7428074
понт,12,88.63455557666667,UNCATEGORIZED,1.2449774,7.7539306
денатурат,3,94.62545741333334,UNCATEGORIZED,4.636069,2.1192837
первоклашка,1,88.99686984,UNCATEGORIZED,2.1186566,8.501712
гонт,1,92.93531857,UNCATEGORIZED,0.32954925,6.912223
обеспеченность,1,96.84887656,UNCATEGORIZED,9.02834,4.8192782
абхазец,4,91.039050715,UNCATEGORIZED,1.4505901,8.564869
мамелюк,1,87.89181319,UNCATEGORIZED,1.2530111,6.9992294
раздевалка,1,85.44089999,UNCATEGORIZED,4.15894,6.47584
белладонна,1,85.44089999,UNCATEGORIZED,2.0244863,2.0841231
зубрило,1,87.58357975,UNCATEGORIZED,5.932591,6.7233186
констебла,1,85.29176926,UNCATEGORIZED,0.9858545,6.935494
интертекстуальность,1,93.46478912,UNCATEGORIZED,7.717906,4.265839
гуано,3,93.18139890000002,UNCATEGORIZED,4.2912583,2.9192927
голография,2,86.466975955,UNCATEGORIZED,6.689586,4.6434464
слабоумие,2,83.29438186,UNCATEGORIZED,8.206938,3.4380977
пронзительность,1,82.8914043,UNCATEGORIZED,9.477964,4.3406076
патронташ,1,91.22865562,UNCATEGORIZED,1.9923979,4.4701138
маниок,1,91.15439738,UNCATEGORIZED,2.3343,1.7738268
гостья,1,91.13707422,UNCATEGORIZED,2.2674952,8.119073
бесовщина,2,89.945842845,UNCATEGORIZED,6.706499,5.5952516
галс,2,88.35989537,UNCATEGORIZED,2.9352977,6.268783
детонатор,1,91.05361356,UNCATEGORIZED,2.0582726,5.4334745
огнеметчик,2,95.16286822999999,UNCATEGORIZED,2.0307772,5.6584167
дьячок,1,94.85279612,UNCATEGORIZED,2.3720214,9.361854
коммунист,4,90.83156244999999,UNCATEGORIZED,2.1941001,10.142786
ежиха,1,86.74280341,UNCATEGORIZED,1.2055956,7.366883
репей,2,88.517760185,UNCATEGORIZED,1.9554188,2.2880068
навозник,1,91.85048452,UNCATEGORIZED,1.2041781,7.6521506
брит,2,88.39171767,UNCATEGORIZED,5.4562745,7.5817842
пеня,1,96.18946488,UNCATEGORIZED,6.9826384,7.389373
дуэль,3,91.63977455666668,UNCATEGORIZED,7.2661457,6.718471
организация,6,89.09682214833333,UNCATEGORIZED,5.541033,7.8608413
пель,1,94.02314104,UNCATEGORIZED,1.3710717,6.3244057
драйв,3,87.72891304333332,UNCATEGORIZED,5.872972,6.462594
бубенчик,2,89.358092185,UNCATEGORIZED,2.5206687,5.4679213
конфронтация,7,91.29020698571428,UNCATEGORIZED,7.525947,5.671285
специфика,3,95.34206357666666,UNCATEGORIZED,8.73969,5.104466
настойчивость,1,71.77447471,UNCATEGORIZED,9.841598,5.3794885
настырность,1,71.77447471,UNCATEGORIZED,9.642963,4.921874
лозунг,1,86.52093665,UNCATEGORIZED,6.2359886,6.3990803
урой,1,88.92568006,UNCATEGORIZED,0.6694511,9.25482
запруда,1,87.86722565,UNCATEGORIZED,4.248948,5.5382752
мироощущение,1,97.57660653,UNCATEGORIZED,8.239247,5.679042
инкубатор,3,87.72977081666666,UNCATEGORIZED,3.992636,6.840535
магнат,3,90.48838983333333,UNCATEGORIZED,2.9598987,9.92096
вожатый,1,89.75357951,UNCATEGORIZED,2.9287217,9.064385
ушат,1,89.75357951,UNCATEGORIZED,2.709086,4.2317977
установка,1,88.97121025,UNCATEGORIZED,7.024975,5.8865376
взаимосвязь,1,91.55889977,UNCATEGORIZED,8.249479,5.3887434
марсель,1,90.79831346,UNCATEGORIZED,2.6110067,8.089615
клотик,3,84.36918736333332,UNCATEGORIZED,1.521888,7.367498
галочка,3,93.30175341,UNCATEGORIZED,1.6460683,7.913326
моляр,2,87.85995152999999,UNCATEGORIZED,1.0105251,7.3923497
нанаец,2,91.337450295,UNCATEGORIZED,1.4810941,7.64659
мегафон,1,91.29874554,UNCATEGORIZED,3.1369927,6.18158
прослушивание,1,91.29874554,UNCATEGORIZED,7.3377633,7.091233
запо,1,88.62324104,UNCATEGORIZED,-0.3477453,5.7895517
кень,1,86.53674736,UNCATEGORIZED,0.962438,6.528029
лицедей,1,85.62154683,UNCATEGORIZED,2.3984191,9.6592245
плеяда,3,90.81229188666667,UNCATEGORIZED,5.3586674,8.490468
холостяк,1,85.62154683,UNCATEGORIZED,1.677528,9.916515
смешинка,1,87.33025375,UNCATEGORIZED,4.712775,4.3613677
муслин,2,88.367859735,UNCATEGORIZED,3.974611,3.1911497
вертушка,5,88.598328312,UNCATEGORIZED,3.0430596,6.643446
скобка,2,73.111383155,UNCATEGORIZED,5.120143,4.761408
изгиб,3,90.06089956,UNCATEGORIZED,5.025405,4.8587894
куркуль,2,83.70761381,UNCATEGORIZED,0.9681766,9.531932
антиоксидант,1,91.51521037,UNCATEGORIZED,5.011276,2.0251956
норвег,1,91.51521037,UNCATEGORIZED,1.269561,7.1727943
извращенец,2,90.78237567,UNCATEGORIZED,1.0481387,9.689259
мирянин,1,91.51521037,UNCATEGORIZED,2.128271,9.623253
вялость,1,97.27660972,UNCATEGORIZED,8.592905,3.5747795
кишение,1,97.27660972,UNCATEGORIZED,7.784689,4.7919264
духота,2,94.511024925,UNCATEGORIZED,5.4802394,4.5023155
левретка,1,92.68551814,UNCATEGORIZED,1.9098146,7.050688
полив,3,85.68633105999999,UNCATEGORIZED,6.5552564,3.9373279
чистовик,1,91.81935448,UNCATEGORIZED,6.172183,6.818918
финанс,1,91.81935448,UNCATEGORIZED,2.4106207,6.8499794
подмостки,3,90.29775214666667,UNCATEGORIZED,4.329064,6.3785286
коррида,6,86.07189688166666,UNCATEGORIZED,2.5728436,8.906381
документ,8,90.94257132,UNCATEGORIZED,6.535876,7.3801856
матрац,4,82.5253314575,UNCATEGORIZED,2.6107843,4.147095
богородица,1,92.45972909,UNCATEGORIZED,2.2538517,7.9982147
кош,2,76.866057155,UNCATEGORIZED,0.5501675,7.2509613
введение,3,90.91060767666666,UNCATEGORIZED,8.031383,6.691518
повитуха,1,86.27819072,UNCATEGORIZED,2.2054205,7.9053483
экшн,1,86.27819072,UNCATEGORIZED,6.088617,6.2991896
гибель,5,94.209489918,UNCATEGORIZED,8.145669,6.6566224
краник,1,91.05803826,UNCATEGORIZED,2.957978,5.2733645
лит,1,87.75581761,UNCATEGORIZED,6.5113792,8.265892
мом,1,87.75581761,UNCATEGORIZED,0.0039862003,6.10667
нило,1,87.75581761,UNCATEGORIZED,0.924507,6.5894313
привой,1,88.33770995,UNCATEGORIZED,4.813778,2.839538
демократизация,1,88.33770995,UNCATEGORIZED,7.4538655,4.9005322
зыбкость,3,93.62090152,UNCATEGORIZED,9.659104,4.3574414
ломкость,1,91.7799742,UNCATEGORIZED,8.131798,2.900661
координатор,1,85.10424963,UNCATEGORIZED,3.133295,9.913164
своевременность,1,85.35182305,UNCATEGORIZED,9.339811,4.5729675
параметр,3,90.09879620333334,UNCATEGORIZED,3.2934344,5.950649
исключение,7,92.41803189857144,UNCATEGORIZED,8.12118,7.3516893
суверен,1,88.87900453,UNCATEGORIZED,2.8339183,8.901843
целовальник,1,88.87900453,UNCATEGORIZED,1.9754182,9.040082
бойкот,2,91.51851519,UNCATEGORIZED,7.5996842,6.3482833
отправка,2,92.23744378,UNCATEGORIZED,6.853353,5.7174835
инбридинг,6,90.65303346500001,UNCATEGORIZED,7.0135465,4.13498
перуны,1,88.88925335,UNCATEGORIZED,4.9107523,3.570952
подлесок,2,86.955252355,UNCATEGORIZED,2.3533545,2.6988292
транзит,1,84.9540347,UNCATEGORIZED,6.8400187,6.8942704
конина,1,80.9691366,UNCATEGORIZED,2.7675421,1.9567628
надой,1,88.48268933,UNCATEGORIZED,3.2185159,2.8383627
спикер,1,88.48268933,UNCATEGORIZED,3.514155,9.358062
анимус,1,91.8303215,UNCATEGORIZED,8.125758,4.7226295
пролетка,1,89.69999396,UNCATEGORIZED,3.300342,7.864377
рухлядь,3,88.73768569333333,UNCATEGORIZED,3.7043567,3.3109717
пшик,3,89.21430268,UNCATEGORIZED,6.384876,5.978208
угнетенность,1,95.94736113,UNCATEGORIZED,9.305986,4.307049
мачо,2,94.400653035,UNCATEGORIZED,2.0330405,9.779457
зил,2,89.70888613,UNCATEGORIZED,3.3013833,7.5739913
валун,4,87.85309326999999,UNCATEGORIZED,3.4348006,3.4118514
пинетка,6,89.98569233833335,UNCATEGORIZED,2.2379467,3.4746065
нагваль,5,89.29407179400002,UNCATEGORIZED,0.6063952,6.952614
феня,4,89.91787070500001,UNCATEGORIZED,1.8350286,7.91079
зубоскальство,4,89.91787070500001,UNCATEGORIZED,8.520753,5.4173703
эритема,1,97.28047283,UNCATEGORIZED,7.685189,2.549498
зверье,1,95.94158867,UNCATEGORIZED,1.0213621,8.719258
очерк,2,94.025422965,UNCATEGORIZED,6.2797847,7.239541
кураре,1,80.47553792,UNCATEGORIZED,4.608695,1.8697292
ажитация,1,87.45560843,UNCATEGORIZED,6.6115046,3.2611892
завязь,1,87.45560843,UNCATEGORIZED,3.341498,2.8774555
сяжок,1,76.11981981,UNCATEGORIZED,4.673209,3.272271
гульфик,1,76.11981981,UNCATEGORIZED,1.6494734,3.6737115
закорки,1,93.82108124,UNCATEGORIZED,1.9351172,6.5044622
взвод,1,90.9112988,UNCATEGORIZED,4.850724,8.467203
сопатка,2,93.242305855,UNCATEGORIZED,4.962178,5.9296937
опергруппа,1,84.2911882,UNCATEGORIZED,4.987084,8.08906
обществоведение,1,93.81481245,UNCATEGORIZED,6.6931324,4.6468463
прохожий,1,87.04208893,UNCATEGORIZED,2.0454621,9.657748
кастелла,1,95.55274443,UNCATEGORIZED,0.89302266,6.5451374
поминки,2,94.410668145,UNCATEGORIZED,7.2763925,7.7192235
плетка,3,86.56001391,UNCATEGORIZED,2.209578,4.29806
вотчина,1,90.17488034,UNCATEGORIZED,4.4822617,6.692031
формирование,1,94.00532335,UNCATEGORIZED,7.9609456,6.645371
затхлость,1,94.00532335,UNCATEGORIZED,5.3969746,4.0078425
гонение,1,86.97666394,UNCATEGORIZED,8.12056,6.0538583
помешательство,1,82.39942068,UNCATEGORIZED,8.42608,3.6260424
сладострастие,3,87.12256114333333,UNCATEGORIZED,9.357174,5.734067
ознакомление,1,90.45125088,UNCATEGORIZED,7.8647113,6.8012795
миропонимание,1,90.45125088,UNCATEGORIZED,8.233946,5.637281
рыжик,3,88.87651239333333,UNCATEGORIZED,0.6130398,8.144553
текила,2,68.682407915,UNCATEGORIZED,3.5765905,1.8742442
персона,5,88.746129416,UNCATEGORIZED,2.353487,7.9791675
облик,1,94.40606705,UNCATEGORIZED,7.6810794,6.589585
отставание,1,94.40606705,UNCATEGORIZED,8.026189,5.9109025
нормальность,3,90.68419723666666,UNCATEGORIZED,9.374785,4.6261067
соул,1,91.37781166,UNCATEGORIZED,4.8749757,7.5503383
педикюр,1,84.09248674,UNCATEGORIZED,6.2131453,3.836673
ассортимент,2,92.563194875,UNCATEGORIZED,6.704285,6.6074805
жаргон,3,92.68938233333334,UNCATEGORIZED,6.2274485,6.1181426
вяз,3,86.42937565666666,UNCATEGORIZED,1.7102171,2.0720942
обтекаемость,1,93.39126379,UNCATEGORIZED,9.604112,4.3283043
досада,3,90.47154249666666,UNCATEGORIZED,9.616163,6.087362
свистопляска,5,90.076326172,UNCATEGORIZED,6.7701936,6.0100746
атаман,2,93.44676648000001,UNCATEGORIZED,2.5544827,9.011224
дрязг,1,89.55008377,UNCATEGORIZED,5.1225443,3.9348767
фелонь,1,89.55008377,UNCATEGORIZED,1.5725698,3.7143822
немец,5,88.32375429199999,UNCATEGORIZED,1.7448286,9.107295
эвристика,3,94.43580682666665,UNCATEGORIZED,7.325781,4.2106194
скамья,4,87.81769059000001,UNCATEGORIZED,3.3597355,4.632757
нит,1,82.51453656,UNCATEGORIZED,0.22775173,6.368676
ф,29,65.55110194344827,UNCATEGORIZED,6.53548,8.270773
кула,1,82.51453656,UNCATEGORIZED,0.5962994,6.4746532
флей,1,95.72922337,UNCATEGORIZED,0.85123855,6.8074927
артикуляция,4,90.061871,UNCATEGORIZED,6.7439857,5.0704207
граса,1,93.46556367,UNCATEGORIZED,0.8641895,6.361064
ма,5,78.210372116,UNCATEGORIZED,-0.085724205,6.082782
грасс,3,91.55390202333335,UNCATEGORIZED,0.6067514,6.7480617
мас,1,93.03843905,UNCATEGORIZED,0.15340489,6.1526957
лама,7,90.25971767857143,UNCATEGORIZED,2.169578,9.252262
коннектор,1,91.80013031,UNCATEGORIZED,2.5647573,5.7167435
именинник,1,91.0132352,UNCATEGORIZED,2.7753692,8.427704
абитуриент,6,94.21512903999998,UNCATEGORIZED,2.0326114,9.136928
двоеточие,1,97.58616297,UNCATEGORIZED,5.533813,5.000686
оригинальность,4,92.6535721175,UNCATEGORIZED,9.122689,5.038619
восприимчивость,3,88.22786052666667,UNCATEGORIZED,9.305325,4.819907
пидарас,1,63.95837672,UNCATEGORIZED,0.917278,9.333952
гондон,3,73.17901939,UNCATEGORIZED,0.9284088,9.261072
выкидыш,2,93.598466155,UNCATEGORIZED,7.833637,3.2564266
кофейня,1,81.39948069,UNCATEGORIZED,4.2858677,6.7453227
теплоноситель,1,87.23364823,UNCATEGORIZED,7.173963,4.0177426
ладушка,1,91.47742757,UNCATEGORIZED,1.5469731,7.8711886
дверца,1,85.12383368,UNCATEGORIZED,3.6805928,4.675585
товарищ,5,89.25228870000001,UNCATEGORIZED,3.4999623,9.159577
преобладание,1,85.43355333,UNCATEGORIZED,8.550513,6.450081
притирка,1,85.43355333,UNCATEGORIZED,7.0246196,4.985495
нарыв,7,92.89696001571427,UNCATEGORIZED,5.2163453,3.682416
взаимовыручка,1,97.06907183,UNCATEGORIZED,9.156964,5.5563745
метрика,2,82.04615873,UNCATEGORIZED,6.7005625,4.6110296
былина,4,86.372687065,UNCATEGORIZED,6.5944204,6.3162975
солярий,3,87.37785551,UNCATEGORIZED,4.261576,6.882976
местность,3,87.57370764333332,UNCATEGORIZED,4.681244,5.5521817
станица,3,92.50089464333333,UNCATEGORIZED,4.626405,6.8856397
администрация,7,92.64040487714284,UNCATEGORIZED,5.371631,8.001573
патриархат,2,88.530806195,UNCATEGORIZED,8.02074,4.839827
волхв,4,91.7205215025,UNCATEGORIZED,2.0918334,9.073821
ратх,1,90.16732707,UNCATEGORIZED,1.066155,7.055497
самолюбование,2,85.454065615,UNCATEGORIZED,8.766773,5.396461
барбос,1,88.66874521,UNCATEGORIZED,-0.14360555,8.783412
фреон,2,91.7842275,UNCATEGORIZED,4.7926397,2.3288226
антинейтрино,2,72.607932425,UNCATEGORIZED,5.792666,2.828679
одухотворенность,4,89.24488831,UNCATEGORIZED,9.672064,4.731112
трист,3,95.08230551666666,UNCATEGORIZED,0.98781407,6.99721
чернец,1,96.55752152,UNCATEGORIZED,2.0434928,9.661892
жаркое,5,92.23466605799999,UNCATEGORIZED,3.2314239,1.9149115
фонарщик,1,85.31633922,UNCATEGORIZED,1.9498255,9.20698
наган,3,91.63836959000001,UNCATEGORIZED,1.7901741,4.9711633
видимость,2,94.18808136000001,UNCATEGORIZED,5.573405,4.6612544
холдинг,3,92.96007570666666,UNCATEGORIZED,5.0295153,7.7995706
паритет,7,85.84301656,UNCATEGORIZED,7.929211,6.1020513
цирконий,2,88.796609085,UNCATEGORIZED,4.902846,2.409788
электрик,3,88.81302286,UNCATEGORIZED,2.6541963,9.845933
олимпик,1,89.60075623,UNCATEGORIZED,3.1150875,7.050768
сота,2,93.026983385,UNCATEGORIZED,6.0335526,6.7920375
милиция,2,94.28377431999999,UNCATEGORIZED,5.2251353,8.188945
кряк,1,84.12509394,UNCATEGORIZED,0.07897179,7.567891
исчисление,1,84.12509394,UNCATEGORIZED,8.0161085,6.1316934
масленок,1,84.39380017,UNCATEGORIZED,1.542853,6.0905457
убить,2,75.774487725,UNCATEGORIZED,8.278895,7.179409
подагра,5,90.79551515200001,UNCATEGORIZED,8.039937,2.7172267
скверна,3,88.12699340333334,UNCATEGORIZED,7.499198,5.397929
коробочка,1,92.38023399,UNCATEGORIZED,3.2422996,4.2234874
саржа,2,88.82972047999999,UNCATEGORIZED,4.0459666,3.595366
теплообменник,1,83.77156664,UNCATEGORIZED,2.710923,5.5080423
жим,1,94.19403111,UNCATEGORIZED,5.5691957,5.35085
жменя,1,93.55526236,UNCATEGORIZED,2.673421,3.5727737
прихожанин,1,90.96707147,UNCATEGORIZED,2.2596366,9.687937
протекция,4,88.44449326,UNCATEGORIZED,8.911493,5.550836
пестицид,7,87.9316469042857,UNCATEGORIZED,6.715092,3.2957733
терморегуляция,1,91.01441669,UNCATEGORIZED,7.3649173,3.895316
карамелька,1,92.8137791,UNCATEGORIZED,3.2931042,2.7711787
галлер,2,84.87203750500001,UNCATEGORIZED,0.5589313,7.210682
форматирование,3,88.20431571333332,UNCATEGORIZED,7.666618,5.858945
чудик,3,88.77093216333333,UNCATEGORIZED,0.63628304,8.457001
равенство,6,76.94439424833332,UNCATEGORIZED,8.382309,6.0757937
бронепоезд,1,88.491598,UNCATEGORIZED,3.6436203,7.573128
топка,1,88.87971498,UNCATEGORIZED,3.322743,4.7697144
изюбр,2,88.33704839,UNCATEGORIZED,0.108787216,8.5139675
джойстик,10,86.419697114,UNCATEGORIZED,2.7354865,5.809891
здравица,1,93.62459449,UNCATEGORIZED,6.4076214,5.5736012
метрология,2,67.41361657,UNCATEGORIZED,6.738337,2.8143504
житие,1,93.52268743,UNCATEGORIZED,6.51734,7.105556
сага,2,91.94708259000001,UNCATEGORIZED,6.549084,6.4811797
шипр,1,81.15212491,UNCATEGORIZED,3.9378674,2.6065042
атло,1,81.15212491,UNCATEGORIZED,1.1068211,6.651585
терма,1,89.72704958,UNCATEGORIZED,0.4054086,6.4771175
дичок,3,93.58862649999999,UNCATEGORIZED,1.3395199,7.813913
травматизация,1,89.86356649,UNCATEGORIZED,7.109646,3.088102
одушевленность,1,89.33031334,UNCATEGORIZED,9.047794,4.281217
позиционирование,1,89.33031334,UNCATEGORIZED,6.9923453,6.705898
инспирация,1,89.33031334,UNCATEGORIZED,6.7296586,3.3360136
потешка,1,89.33031334,UNCATEGORIZED,4.4671316,3.055726
нытье,1,94.31570102,UNCATEGORIZED,8.62536,5.431999
капрал,3,91.59973816,UNCATEGORIZED,3.328625,9.050617
величина,3,86.70543063333334,UNCATEGORIZED,7.6352797,6.0893683
происки,1,94.38805451,UNCATEGORIZED,8.333615,5.955413
доброжелательность,2,93.58137226,UNCATEGORIZED,9.754419,5.3737636
простатит,1,89.53085468,UNCATEGORIZED,7.9253583,2.6408808
корвет,4,89.5576388125,UNCATEGORIZED,3.0469646,7.164648
универсам,2,89.45583726,UNCATEGORIZED,4.0277085,7.1073947
турель,2,89.281100545,UNCATEGORIZED,2.2556515,5.3303595
плавник,2,96.972901975,UNCATEGORIZED,3.2054162,5.680367
отщепенец,1,95.34415498,UNCATEGORIZED,1.5476424,9.823293
гипоксия,1,94.9822613,UNCATEGORIZED,7.819361,2.9817674
пеп,1,73.47886479,UNCATEGORIZED,1.0205683,6.9441433
шень,2,75.21267672,UNCATEGORIZED,0.93926734,6.6016083
шнель,1,73.47886479,UNCATEGORIZED,1.2740729,7.023052
вота,1,73.47886479,UNCATEGORIZED,1.0895135,6.324263
пеппа,1,73.47886479,UNCATEGORIZED,0.93791413,6.816107
рубин,5,87.031325104,UNCATEGORIZED,4.2462797,1.3935425
вынос,1,96.34788571,UNCATEGORIZED,7.312165,6.930609
тюнинг,2,96.79230043000001,UNCATEGORIZED,6.313694,6.21559
костяк,1,94.57189204,UNCATEGORIZED,4.2080092,5.3888826
добавка,1,94.57189204,UNCATEGORIZED,4.0532465,2.085436
кудряш,1,94.17736106,UNCATEGORIZED,0.7616451,7.210317
тамагоко,1,88.89204541,UNCATEGORIZED,0.81517494,8.229987
минога,3,87.40981679666668,UNCATEGORIZED,0.43258068,7.3472123
эшелон,2,90.620285165,UNCATEGORIZED,4.029795,7.8552237
низость,3,88.94888458000001,UNCATEGORIZED,9.131242,5.336016
расписка,1,79.16951428,UNCATEGORIZED,6.664875,7.4781623
сеньора,1,96.38759181,UNCATEGORIZED,2.6595335,8.360596
ситх,1,96.38759181,UNCATEGORIZED,1.6456313,8.477266
защита,4,91.402641425,UNCATEGORIZED,7.368178,6.3110437
картуш,2,85.219751195,UNCATEGORIZED,1.2348415,7.2394724
плацебо,2,88.577987995,UNCATEGORIZED,4.60481,1.9374298
ветрило,1,87.36249402,UNCATEGORIZED,2.2257478,6.4881163
дебри,2,91.11899447,UNCATEGORIZED,4.6811714,5.4058046
опознание,1,91.89783671,UNCATEGORIZED,7.291097,7.195138
вырезка,1,91.89783671,UNCATEGORIZED,6.080147,7.110533
лунь,4,93.7732331825,UNCATEGORIZED,1.5472665,9.135315
набат,1,89.40258773,UNCATEGORIZED,3.462657,6.2693195
иллюстратор,1,89.40258773,UNCATEGORIZED,2.8782427,10.086954
переработка,5,84.807594824,UNCATEGORIZED,6.9245653,5.1659317
тестер,1,92.27859586,UNCATEGORIZED,2.4545283,5.3358994
предикат,4,90.8150709525,UNCATEGORIZED,7.947469,5.406331
пиявка,10,90.722646318,UNCATEGORIZED,0.35156056,8.520267
пожиток,1,87.44288347,UNCATEGORIZED,2.3573549,5.654222
освежитель,6,88.565682395,UNCATEGORIZED,3.9960513,2.6490524
стрессоустойчивость,1,87.44288347,UNCATEGORIZED,8.942303,4.452239
брызги,5,89.54947347400001,UNCATEGORIZED,4.993695,4.3777814
шняга,2,78.22342720500001,UNCATEGORIZED,6.463989,5.5507216
пасечник,4,89.2444258825,UNCATEGORIZED,1.5309995,8.452085
служение,1,97.18456447,UNCATEGORIZED,8.586594,6.5786653
транспортировка,1,100.0865853,UNCATEGORIZED,6.842707,5.3222227
факториал,10,84.68359067200001,UNCATEGORIZED,6.225963,5.153267
гайморит,2,94.465594075,UNCATEGORIZED,7.7842097,2.5352073
гирокомпас,1,90.82105963,UNCATEGORIZED,2.5411801,5.8144646
пойма,1,90.82105963,UNCATEGORIZED,4.496138,5.5285025
монотеизм,4,89.062240605,UNCATEGORIZED,8.181039,4.7103863
бланманже,1,90.09079124,UNCATEGORIZED,3.2164059,1.9683635
огарок,1,90.09079124,UNCATEGORIZED,3.1187475,4.7599163
заслонка,3,90.47168296333335,UNCATEGORIZED,3.6040537,4.667782
вьюшка,2,91.56783002,UNCATEGORIZED,3.604212,4.5037127
лексема,2,78.441220695,UNCATEGORIZED,6.562287,4.5596256
деизм,2,78.68787276,UNCATEGORIZED,8.284884,4.551137
соборность,2,85.96989294,UNCATEGORIZED,8.870184,5.006552
ассигнация,1,99.41046771,UNCATEGORIZED,4.1595426,4.3523345
обвинение,2,97.75403567000001,UNCATEGORIZED,8.02543,7.405127
осмеяние,1,98.57831151,UNCATEGORIZED,8.6157465,6.115592
выселок,4,94.162309105,UNCATEGORIZED,4.6531005,6.86132
ареопаг,1,83.6130091,UNCATEGORIZED,5.8083706,8.150383
пыхтение,1,83.6130091,UNCATEGORIZED,5.7591453,5.827346
совещание,4,89.23676850000001,UNCATEGORIZED,6.3157897,7.968818
бредень,1,89.99793947,UNCATEGORIZED,0.90386903,5.0360136
картотека,2,89.314293025,UNCATEGORIZED,5.6984506,7.4772577
идентификация,5,92.66145631399999,UNCATEGORIZED,7.807687,5.1660213
колун,1,87.81861611,UNCATEGORIZED,1.955496,4.8085036
увядание,1,99.60120189,UNCATEGORIZED,7.6452556,4.2035704
юшка,2,90.749893905,UNCATEGORIZED,1.2648932,9.198149
агиография,1,89.7213478,UNCATEGORIZED,7.3358135,4.3810053
злодейство,1,94.48064457,UNCATEGORIZED,8.717343,5.898287
кивок,1,94.48064457,UNCATEGORIZED,5.71584,6.091964
рафинад,2,78.09653825000001,UNCATEGORIZED,3.3330922,2.0538843
эпителий,8,89.49673548875,UNCATEGORIZED,5.759314,2.8309536
себялюбие,2,90.446868095,UNCATEGORIZED,9.171189,5.4147873
грузоперевозка,3,89.99186917666668,UNCATEGORIZED,6.4755707,4.658391
разброд,2,86.56045024,UNCATEGORIZED,7.3260474,6.142777
мастопатия,2,85.05683787,UNCATEGORIZED,7.6506653,2.7091997
дек,1,90.06262457,UNCATEGORIZED,7.170039,8.765473
небыль,4,85.366621765,UNCATEGORIZED,6.7955503,5.8469768
мертвец,5,89.71513875399998,UNCATEGORIZED,1.1050416,8.696498
бобыль,1,84.71833536,UNCATEGORIZED,1.5250865,8.284019
органика,5,86.170954814,UNCATEGORIZED,5.812772,4.188817
дот,5,89.053043656,UNCATEGORIZED,3.8950489,6.190355
склейка,2,87.78543636,UNCATEGORIZED,6.6739573,4.9457793
толстовец,1,82.56361688,UNCATEGORIZED,1.5350965,10.022458
мультивселенная,3,88.76426865666667,UNCATEGORIZED,6.9701576,3.890016
чура,1,85.07879683,UNCATEGORIZED,1.0904623,6.486901
аристократия,6,88.75302119666668,UNCATEGORIZED,5.648198,8.17856
туша,2,93.29118097,UNCATEGORIZED,3.6784065,4.6426506
гров,1,96.07569818,UNCATEGORIZED,0.9679461,6.804455
фай,1,96.07569818,UNCATEGORIZED,0.3783733,6.604255
неда,1,96.07569818,UNCATEGORIZED,0.611986,6.2842255
нец,1,77.28391759,UNCATEGORIZED,0.22346829,6.1787643
вер,1,77.28391759,UNCATEGORIZED,-0.031794854,6.1485577
зор,1,77.28391759,UNCATEGORIZED,0.75455034,6.705904
ронином,1,77.28391759,UNCATEGORIZED,1.1827883,7.1265016
шу,3,78.92173115,UNCATEGORIZED,0.037473455,6.2407494
декламация,1,90.05879153,UNCATEGORIZED,6.570318,5.55022
макабра,5,86.99858766,UNCATEGORIZED,1.2362871,6.796007
нен,1,84.02915171,UNCATEGORIZED,0.04465906,6.3690615
пец,1,84.02915171,UNCATEGORIZED,0.7427049,7.2804637
ль,1,84.02915171,UNCATEGORIZED,2.5153656,8.444681
пад,1,84.02915171,UNCATEGORIZED,-0.4166523,5.7568345
чеп,1,84.02915171,UNCATEGORIZED,0.64330727,7.0444775
чез,1,92.89978718,UNCATEGORIZED,0.9763021,7.687256
гуль,1,92.89978718,UNCATEGORIZED,0.34762177,7.041342
шпак,1,92.89978718,UNCATEGORIZED,1.2938452,8.618003
паренек,1,92.89978718,UNCATEGORIZED,1.9850428,8.866278
сударыня,1,97.14777447,UNCATEGORIZED,2.7195036,8.421933
репер,4,91.132683,UNCATEGORIZED,1.9497008,6.9557705
окончание,2,90.22757331,UNCATEGORIZED,7.9339833,7.32399
капельдинер,14,92.21617958071428,UNCATEGORIZED,2.8274918,8.308696
натура,1,92.79347592,UNCATEGORIZED,7.789215,5.5312057
приватизация,4,89.42493872749999,UNCATEGORIZED,7.414294,5.0448503
бомбардировщик,3,86.49774523333333,UNCATEGORIZED,3.106635,7.2762036
грай,2,94.037879995,UNCATEGORIZED,0.525801,6.865666
флорист,3,91.42355575666666,UNCATEGORIZED,1.5955322,8.284193
бомбер,3,80.67666525,UNCATEGORIZED,1.8033837,3.6238806
ча,1,94.05206225,UNCATEGORIZED,0.060376007,6.2330127
раздумие,1,92.70309589,UNCATEGORIZED,5.8332,3.4037201
гряда,2,91.285244045,UNCATEGORIZED,4.5516586,5.5832667
накладка,1,83.16054675,UNCATEGORIZED,7.0678225,5.9520235
садок,1,85.53047678,UNCATEGORIZED,4.036911,6.6594687
работорговля,1,95.0658026,UNCATEGORIZED,8.0161085,5.251888
мобилизация,1,91.28634826,UNCATEGORIZED,7.233815,5.4239726
памфлет,1,92.97303355,UNCATEGORIZED,6.3394217,6.99146
квадрига,3,93.36854351,UNCATEGORIZED,0.91259646,6.906262
баклуша,2,93.91703695499999,UNCATEGORIZED,0.9542593,9.768077
докер,2,85.63042299,UNCATEGORIZED,1.931879,9.328644
матрона,2,92.774237005,UNCATEGORIZED,2.23412,7.8640456
шутер,5,94.34196442000001,UNCATEGORIZED,0.70164096,6.945839
удушье,1,87.38694043,UNCATEGORIZED,8.087341,3.1494062
штекер,3,89.76030279666668,UNCATEGORIZED,2.6649332,5.570405
манипулятор,2,91.818329845,UNCATEGORIZED,2.471347,5.6921306
диспансеризация,2,88.387241425,UNCATEGORIZED,6.8392634,3.2601078
отек,4,89.23823995500001,UNCATEGORIZED,7.9043727,2.942951
песчаник,4,85.394236205,UNCATEGORIZED,4.0906453,2.7412403
диализ,5,85.570308706,UNCATEGORIZED,6.5906453,3.6960852
иносказание,1,89.40570789,UNCATEGORIZED,6.973028,5.433642
устойчивость,3,92.16631220666666,UNCATEGORIZED,8.991162,4.900866
борсетка,1,89.64426963,UNCATEGORIZED,2.504041,5.3006434
радистка,1,89.64426963,UNCATEGORIZED,2.0150979,7.593484
старикан,1,89.64426963,UNCATEGORIZED,1.5643749,9.004001
методика,2,91.35948952999999,UNCATEGORIZED,7.2278986,5.9624414
баргузин,2,90.94299881,UNCATEGORIZED,1.392665,7.3948927
струбцина,4,90.51732675000001,UNCATEGORIZED,3.479555,2.70615
метадон,1,95.80815119,UNCATEGORIZED,4.572782,1.7901343
выводок,1,95.80815119,UNCATEGORIZED,3.207745,2.7862573
селфи,5,88.66971045,UNCATEGORIZED,0.9859455,6.63481
антитело,2,85.085460635,UNCATEGORIZED,5.6023183,2.5919807
штази,1,77.86892691,UNCATEGORIZED,4.9060664,8.150022
бинди,1,74.80637376,UNCATEGORIZED,1.1081961,6.679583
аятолл,1,74.80637376,UNCATEGORIZED,2.0049725,9.007316
калашник,1,93.60692849,UNCATEGORIZED,1.1145881,7.0557084
деторождение,1,95.95721883,UNCATEGORIZED,8.23817,5.3028455
опустошение,1,95.95721883,UNCATEGORIZED,8.957712,6.102274
диета,2,92.68265548,UNCATEGORIZED,7.075864,3.7819693
самореализация,2,88.59297374,UNCATEGORIZED,8.434401,5.282806
гиюра,1,80.00903833,UNCATEGORIZED,8.006314,5.1897407
монахиня,1,90.61136793,UNCATEGORIZED,2.239865,7.897286
отметка,2,89.51321466499999,UNCATEGORIZED,6.478177,7.2352085
здравница,1,88.18784308,UNCATEGORIZED,4.2242312,6.210725
верхолаз,2,89.13674504,UNCATEGORIZED,1.7373215,9.405268
полутон,2,90.58180364500001,UNCATEGORIZED,4.9018764,4.425507
гиперболизация,1,86.5776172,UNCATEGORIZED,6.7625446,3.3349442
гербицид,1,86.5776172,UNCATEGORIZED,6.6756196,3.3798804
онагр,3,79.68488323999999,UNCATEGORIZED,0.9000231,8.321705
авизо,1,77.50110411,UNCATEGORIZED,3.0544631,7.1068707
рогожа,2,87.95197909999999,UNCATEGORIZED,3.2844825,3.8627787
основоположник,3,90.98598899333332,UNCATEGORIZED,2.9185147,10.200482
нары,2,89.16871386,UNCATEGORIZED,2.8498719,4.4436903
разгильдяйство,1,91.80000022,UNCATEGORIZED,9.067384,5.288291
стипендиат,2,90.12707668499999,UNCATEGORIZED,2.1471078,9.898159
жабра,1,88.80812086,UNCATEGORIZED,4.4260225,3.5519016
стегно,1,92.26959281,UNCATEGORIZED,3.4912777,4.0505266
гримуар,1,89.01202054,UNCATEGORIZED,5.840903,7.069552
учтивость,1,73.38865652,UNCATEGORIZED,9.841101,5.3133154
долголетие,2,83.95950221999999,UNCATEGORIZED,9.020207,6.062275
зана,1,89.69253635,UNCATEGORIZED,0.5476363,6.4763355
потрошитель,1,89.69253635,UNCATEGORIZED,1.2528306,9.590257
данаец,1,89.69253635,UNCATEGORIZED,8.103798,4.7732115
образчик,1,93.74244426,UNCATEGORIZED,6.700238,6.6655555
наночастица,1,90.72646536,UNCATEGORIZED,6.2432747,2.9755263
триплекс,1,94.60365997,UNCATEGORIZED,2.6579778,5.4986267
бацилла,2,93.54043206,UNCATEGORIZED,6.615682,2.3617964
дизартрия,1,90.17039218,UNCATEGORIZED,7.675199,3.2371035
шалопай,2,86.93333985,UNCATEGORIZED,1.0652219,9.743392
лисица,4,84.97698917,UNCATEGORIZED,0.0077106287,8.348155
непрядва,1,87.07684775,UNCATEGORIZED,1.4599427,6.577815
клондайка,2,88.35682857500001,UNCATEGORIZED,1.499455,6.3458824
призыв,3,90.95909169,UNCATEGORIZED,6.0941014,6.25287
простр,1,95.66414644,UNCATEGORIZED,2.836975,4.047776
рецидив,1,94.78962651,UNCATEGORIZED,7.91518,3.2593474
склон,4,87.28602635,UNCATEGORIZED,4.500897,5.752621
авиакомпания,1,92.55325286,UNCATEGORIZED,5.053419,7.848466
ректор,3,92.97857836000001,UNCATEGORIZED,3.066092,9.356558
баннер,3,87.75576564333335,UNCATEGORIZED,0.38068166,6.876228
милостыня,3,91.46438207333334,UNCATEGORIZED,8.7025585,5.9996414
попадья,4,87.47504397,UNCATEGORIZED,2.135176,8.016682
чапати,1,84.27766667,UNCATEGORIZED,3.3253815,2.3863323
подкормка,2,90.37927624,UNCATEGORIZED,6.5320444,3.9496205
хамсин,1,85.87329612,UNCATEGORIZED,5.0486503,4.8224826
кидалово,1,93.59602333,UNCATEGORIZED,8.38417,5.326308
наваждение,3,91.53112451333334,UNCATEGORIZED,8.723339,6.3031693
поединок,2,90.102102315,UNCATEGORIZED,7.1610303,7.0288825
окантовка,2,92.16889130499999,UNCATEGORIZED,3.6866663,4.156831
мрачность,1,88.84109939,UNCATEGORIZED,9.678266,4.742288
рубик,1,92.47308091,UNCATEGORIZED,1.1394911,7.115042
поилка,1,94.75361339,UNCATEGORIZED,4.057536,5.937121
засланец,1,97.19643789,UNCATEGORIZED,1.1349585,8.908133
вестернизация,1,86.62451113,UNCATEGORIZED,7.390237,4.681244
гетеросексуальность,2,90.76304012,UNCATEGORIZED,8.514407,4.2379246
троглодит,2,83.828395765,UNCATEGORIZED,1.185566,9.4190235
токарь,5,88.34594453000001,UNCATEGORIZED,2.5703344,9.851424
синеглазка,1,82.82544263,UNCATEGORIZED,0.72420686,7.9483733
афгани,1,86.8116239,UNCATEGORIZED,4.2393312,4.3481355
величественность,1,86.8116239,UNCATEGORIZED,9.630495,4.485012
качка,2,93.60789208,UNCATEGORIZED,6.6791825,4.326078
воздвижение,2,94.61920924500001,UNCATEGORIZED,7.8828707,7.1408286
кранец,1,91.78856738,UNCATEGORIZED,2.050001,6.5349913
валькирия,2,90.55523486,UNCATEGORIZED,1.7406418,7.967009
эркер,6,86.63250284333333,UNCATEGORIZED,3.9227262,6.0550885
мольба,3,94.37514722333333,UNCATEGORIZED,9.327219,6.211608
горошина,2,90.292674395,UNCATEGORIZED,3.7387915,4.269663
удобство,3,91.16124774666666,UNCATEGORIZED,9.502488,5.0682673
собеседование,3,93.09841913666666,UNCATEGORIZED,7.1385064,7.2597246
ацетат,2,94.35178062,UNCATEGORIZED,4.796424,2.0148342
гремлин,2,92.110269525,UNCATEGORIZED,0.9090166,7.8497486
богач,1,97.44985111,UNCATEGORIZED,2.3687053,9.785721
смах,2,64.29911763,UNCATEGORIZED,1.7506248,6.963614
состоятельность,2,94.95952437,UNCATEGORIZED,9.321309,4.874914
заседание,1,94.63904877,UNCATEGORIZED,6.320259,7.9768095
ухажер,1,94.63904877,UNCATEGORIZED,2.2490656,8.684736
путешественник,5,85.648553868,UNCATEGORIZED,2.4791496,9.958858
родство,3,87.87125638333333,UNCATEGORIZED,8.563944,6.2833176
рига,1,98.2357326,UNCATEGORIZED,5.5616074,7.464687
лунка,6,86.86187008333333,UNCATEGORIZED,4.2899175,5.0234585
лампас,4,86.5026918275,UNCATEGORIZED,1.9457612,3.9494553
классик,1,83.79556896,UNCATEGORIZED,3.057489,10.146728
конкурс,3,90.10057377666668,UNCATEGORIZED,5.978627,7.553315
эмера,1,86.88732805,UNCATEGORIZED,0.58834267,6.656783
флэш,1,86.88732805,UNCATEGORIZED,0.6241153,7.169073
лукавство,3,94.89283259666666,UNCATEGORIZED,8.720127,5.609096
перенаселение,1,97.04951839,UNCATEGORIZED,7.7822847,4.570595
движок,2,91.69765079999999,UNCATEGORIZED,2.8958907,5.6302066
представление,4,95.3304372325,UNCATEGORIZED,8.102804,7.1936665
зоотехник,1,91.9635124,UNCATEGORIZED,2.7755346,9.776827
современность,1,95.55029116,UNCATEGORIZED,7.3076406,5.239961
бурлеск,14,92.99720054428572,UNCATEGORIZED,6.1594324,6.092924
ханурик,1,87.08629463,UNCATEGORIZED,1.0171036,9.196898
симуляция,1,87.63388291,UNCATEGORIZED,7.3334746,5.282634
тариф,3,90.74039685999999,UNCATEGORIZED,6.728957,7.5221577
ситечко,3,88.79524794000001,UNCATEGORIZED,3.1253643,1.5222155
отрез,2,89.70714354,UNCATEGORIZED,2.811881,3.2726538
лапландец,1,87.63388291,UNCATEGORIZED,6.187475,3.0378182
солнцепек,2,93.05248265,UNCATEGORIZED,5.1492157,4.739782
деревенька,1,90.3913048,UNCATEGORIZED,4.4437003,6.629183
великодушие,4,90.72339035249999,UNCATEGORIZED,9.75532,5.645581
старина,9,93.52447278222222,UNCATEGORIZED,-0.002875452,7.056254
писательство,3,93.35764795,UNCATEGORIZED,8.41832,5.604796
олененок,4,79.70317106,UNCATEGORIZED,0.25054884,8.379557
рядовой,1,87.86815068,UNCATEGORIZED,3.3556294,9.087501
синг,1,91.40099092,UNCATEGORIZED,0.3687364,6.80381
редька,6,67.46648416333333,UNCATEGORIZED,2.3280876,1.3196211
гипергликемия,1,97.09012324,UNCATEGORIZED,6.357178,2.5320532
рыдание,3,87.73086792,UNCATEGORIZED,5.7915616,5.897282
пестрота,2,88.31698679,UNCATEGORIZED,6.9138885,5.6871
позумент,1,89.86438502,UNCATEGORIZED,1.7476634,3.4781487
твид,2,90.69778816,UNCATEGORIZED,3.833665,3.0661883
бурьян,1,85.09477859,UNCATEGORIZED,1.992001,2.2349439
сообразительность,2,90.75233718499999,UNCATEGORIZED,9.822067,5.271859
эпифиз,2,84.017171945,UNCATEGORIZED,5.5961103,2.9179711
автоген,2,86.19479003000001,UNCATEGORIZED,2.3883238,4.9754124
получение,1,94.46886525,UNCATEGORIZED,8.039952,6.6444654
диктатура,2,92.94639333,UNCATEGORIZED,7.4656005,5.940861
опрыскиватель,1,92.83719568,UNCATEGORIZED,2.374392,5.298728
перемычка,2,92.496973355,UNCATEGORIZED,3.9543633,4.941132
стебль,1,93.97896318,UNCATEGORIZED,6.799088,2.768167
картография,2,89.76187737500001,UNCATEGORIZED,6.751508,4.6423774
приглашение,1,93.7957106,UNCATEGORIZED,7.7584476,7.5502853
софизм,3,91.69762927333333,UNCATEGORIZED,7.5210714,5.332383
заявление,4,96.64427864999999,UNCATEGORIZED,7.5995007,7.5919933
конкистадор,3,92.81537663666667,UNCATEGORIZED,1.8426986,9.47607
изображение,2,83.63695751,UNCATEGORIZED,5.5690055,5.711825
святыня,2,89.42978345,UNCATEGORIZED,4.822299,6.1487064
церемония,4,86.360807725,UNCATEGORIZED,7.1834097,6.875332
разветвление,1,92.98916844,UNCATEGORIZED,7.944459,6.029068
патч,1,92.98916844,UNCATEGORIZED,0.25509402,6.890966
догмат,2,89.61829663500001,UNCATEGORIZED,7.675726,5.3786507
тонзура,1,73.21267845,UNCATEGORIZED,2.1426122,3.498146
генералитет,2,93.38696523,UNCATEGORIZED,5.8082695,8.226717
сторублевка,1,89.10799353,UNCATEGORIZED,4.149356,3.279267
прогнозирование,1,97.40179752,UNCATEGORIZED,7.95683,6.3762074
баба,8,74.349323365,UNCATEGORIZED,2.1868956,8.200771
расходник,1,91.96181069,UNCATEGORIZED,4.001581,3.6266687
налогообложение,4,89.95475981249999,UNCATEGORIZED,7.0474315,7.323427
миллиграмм,2,91.402917015,UNCATEGORIZED,4.371353,4.3589845
гомогенность,1,87.86162389,UNCATEGORIZED,6.8567104,3.4051163
впрыскивание,1,87.86162389,UNCATEGORIZED,6.3613133,3.724974
трепетание,1,87.86162389,UNCATEGORIZED,7.672759,4.744538
таблоид,1,84.82541075,UNCATEGORIZED,5.4216123,7.115535
рефери,1,84.82541075,UNCATEGORIZED,3.751989,8.705011
чугунок,1,84.82541075,UNCATEGORIZED,2.7907968,4.2962213
бегунок,3,88.45654364,UNCATEGORIZED,2.6392055,6.0321636
бруствер,2,89.429171435,UNCATEGORIZED,4.1614227,5.8511257
освящение,1,77.13951086,UNCATEGORIZED,8.255377,6.826613
обогащение,2,84.25674047000001,UNCATEGORIZED,8.103831,6.18365
опровержение,1,77.13951086,UNCATEGORIZED,7.9467697,7.1526704
рефрен,1,92.43475631,UNCATEGORIZED,5.7873893,6.9337373
обходительность,2,85.90942985,UNCATEGORIZED,9.861502,5.3058586
американизация,1,84.7804693,UNCATEGORIZED,7.3498917,4.6794634
семп,1,77.53432353,UNCATEGORIZED,0.71172315,6.9873853
грюн,1,77.53432353,UNCATEGORIZED,1.0358896,6.85989
егер,1,77.53432353,UNCATEGORIZED,0.8414666,6.9957213
хорн,1,77.53432353,UNCATEGORIZED,0.1786,6.849008
выгрузка,1,90.37129208,UNCATEGORIZED,6.83599,5.3689656
медвежонок,1,90.37129208,UNCATEGORIZED,0.29287443,8.304118
лошак,1,90.37129208,UNCATEGORIZED,0.74166375,8.436259
нахождение,1,96.26484133,UNCATEGORIZED,8.146181,6.659999
жрица,2,91.599106465,UNCATEGORIZED,2.0394142,7.9672375
исправление,1,91.6204252,UNCATEGORIZED,8.393027,6.5271034
эльдорадо,2,92.245842625,UNCATEGORIZED,4.530616,6.7229185
стрихнин,2,91.31118510499999,UNCATEGORIZED,4.6702056,1.8457047
концовка,1,94.5228672,UNCATEGORIZED,6.6480765,6.630039
падло,2,88.21071243,UNCATEGORIZED,0.7215416,9.346356
пересдача,1,91.53941424,UNCATEGORIZED,6.4763284,3.2701828
газоанализатор,2,86.295270535,UNCATEGORIZED,2.4211369,5.6179066
секач,1,84.20894744,UNCATEGORIZED,0.38522166,8.537021
носоглотка,3,88.62260724333333,UNCATEGORIZED,5.1834393,3.323178
типограф,1,89.10828433,UNCATEGORIZED,2.8065662,10.060034
топограф,5,91.29397876599998,UNCATEGORIZED,2.8616455,10.353404
пятилетка,1,98.5285279,UNCATEGORIZED,6.981477,5.3054914
носик,4,82.74825889249999,UNCATEGORIZED,4.116636,3.9199092
репетиторство,1,94.00094859,UNCATEGORIZED,8.422666,5.288705
обучаемость,1,87.06523585,UNCATEGORIZED,8.928426,4.534596
экзистенциалист,1,87.06523585,UNCATEGORIZED,1.3715601,8.399109
благоустройство,1,92.18102749,UNCATEGORIZED,7.155057,4.67731
депривация,2,83.805354765,UNCATEGORIZED,7.683752,4.0700097
повязка,3,92.30275155333334,UNCATEGORIZED,2.1355338,3.4765456
румпель,2,95.54919996000001,UNCATEGORIZED,2.775557,5.9059
роды,11,92.79903415636365,UNCATEGORIZED,7.749473,3.3080256
приход,5,88.03974642600001,UNCATEGORIZED,7.9122477,7.064291
лэндинг,1,93.52198034,UNCATEGORIZED,1.822629,7.149408
маффин,1,90.00202853,UNCATEGORIZED,0.7433801,6.5952497
эгалитаризм,2,81.529801685,UNCATEGORIZED,8.020083,4.4562893
импичмент,5,89.64798345,UNCATEGORIZED,6.907745,6.982081
обалдуй,3,89.38652761666667,UNCATEGORIZED,0.90473545,9.60604
баян,4,92.20268433999999,UNCATEGORIZED,3.764933,7.9532585
сороконожка,1,86.1156001,UNCATEGORIZED,0.2148222,7.97479
прогал,1,88.31227895,UNCATEGORIZED,4.2630043,5.427093
деревенщина,1,88.31227895,UNCATEGORIZED,0.79068136,9.816221
сердечко,1,86.85900491,UNCATEGORIZED,3.8931646,3.9065351
глас,4,93.0088396475,UNCATEGORIZED,5.91949,7.067145
кукловод,3,90.1475605,UNCATEGORIZED,2.042262,9.141798
ипохондрик,1,90.3038051,UNCATEGORIZED,1.2849476,9.83995
искупление,3,90.47692553,UNCATEGORIZED,8.602615,6.6937613
крайность,2,93.05083381,UNCATEGORIZED,8.624881,4.6160827
кислица,2,92.74645403,UNCATEGORIZED,1.7884306,1.6917247
эсминец,2,82.73223756,UNCATEGORIZED,3.0952888,7.1689878
мордвин,1,92.99323242,UNCATEGORIZED,1.4344805,8.615289
выпуск,1,92.99323242,UNCATEGORIZED,6.304722,7.164157
ксендз,1,97.13885304,UNCATEGORIZED,2.4443176,9.397927
вторжение,1,97.13885304,UNCATEGORIZED,8.068931,6.488436
токсикоз,1,93.4078645,UNCATEGORIZED,7.886913,3.1360023
сверстник,1,92.3165374,UNCATEGORIZED,2.2738557,8.77653
обоз,3,92.87553090666665,UNCATEGORIZED,4.736345,8.186512
цанга,1,93.88420192,UNCATEGORIZED,0.87288785,6.8754935
сонец,1,84.28987172,UNCATEGORIZED,-0.44001082,5.742535
отягощение,1,90.68573591,UNCATEGORIZED,6.532265,4.542343
святитель,1,90.68573591,UNCATEGORIZED,2.3142312,9.683965
чуваш,2,85.18364236,UNCATEGORIZED,1.5066367,8.592523
домкрат,5,84.650423966,UNCATEGORIZED,2.5893922,4.9247603
сыск,1,98.2927065,UNCATEGORIZED,6.947266,7.0330253
полукольцо,1,94.46437116,UNCATEGORIZED,5.2640166,4.6021867
шаровары,5,91.04543165999999,UNCATEGORIZED,1.6993123,3.4316947
антей,1,89.08251955,UNCATEGORIZED,1.2322481,8.151201
океанолог,1,92.80870086,UNCATEGORIZED,2.876612,10.319576
мероприятие,3,90.14441865333333,UNCATEGORIZED,7.45708,7.4227853
дрессура,1,93.27978038,UNCATEGORIZED,6.7160697,4.415125
заграждение,1,87.87930398,UNCATEGORIZED,4.444145,5.5964665
хобби,5,87.984174428,UNCATEGORIZED,8.595099,6.0958495
лата,2,91.20205155,UNCATEGORIZED,0.5124099,6.52005
сруб,1,88.32640977,UNCATEGORIZED,4.0425177,6.0714808
санэпидемстанция,1,81.40790309,UNCATEGORIZED,4.47796,7.3978686
неореализм,1,81.40790309,UNCATEGORIZED,7.9914765,4.2903733
перитонит,7,92.82112783714287,UNCATEGORIZED,7.7624044,2.6462953
ночник,2,89.11716036,UNCATEGORIZED,3.1195297,5.043225
крымчанин,1,98.10145285,UNCATEGORIZED,6.231274,3.0719438
спортклуб,1,92.01576863,UNCATEGORIZED,4.3612986,7.120941
донжуан,4,96.77316189749999,UNCATEGORIZED,1.4285579,10.027168
бешамель,6,92.77771774333333,UNCATEGORIZED,2.9330602,1.6821333
псилоцибина,2,84.777761905,UNCATEGORIZED,5.7243967,2.334389
времяпрепровождение,2,93.00500307499999,UNCATEGORIZED,8.577382,6.065573
шеренга,2,93.74443858500001,UNCATEGORIZED,5.2218366,8.522927
посылка,3,88.00541962,UNCATEGORIZED,6.3850317,7.262796
сектант,2,92.53458801,UNCATEGORIZED,1.8123069,9.662566
прокуратура,4,86.7782102725,UNCATEGORIZED,5.424416,8.008881
мацони,1,86.78663754,UNCATEGORIZED,3.024513,1.5779248
извлечение,1,94.37509579,UNCATEGORIZED,8.093208,6.383029
обвес,1,86.90043201,UNCATEGORIZED,2.7391593,5.426355
одышка,1,91.07336753,UNCATEGORIZED,8.105298,3.047962
норматив,1,91.07336753,UNCATEGORIZED,6.0903044,7.22797
вегетарианство,3,85.26196233333333,UNCATEGORIZED,8.834233,5.0060606
полураспад,2,84.69214099000001,UNCATEGORIZED,5.0346227,2.2982967
хоспис,2,77.558210125,UNCATEGORIZED,4.4743085,7.146739
рытвина,3,93.23508714,UNCATEGORIZED,4.2098317,4.928072
важенка,1,87.48669343,UNCATEGORIZED,0.11890083,8.09793
севооборот,1,87.48669343,UNCATEGORIZED,6.6913023,3.9750807
стимулятор,2,84.13553468,UNCATEGORIZED,4.6054683,1.7978444
неверность,2,86.55692730999999,UNCATEGORIZED,8.850691,5.585538
замораживание,1,89.67056987,UNCATEGORIZED,7.311223,4.0410714
развертка,1,89.67056987,UNCATEGORIZED,6.8688073,4.684649
трусик,1,89.67056987,UNCATEGORIZED,2.0018928,3.9329646
шор,2,87.26215502,UNCATEGORIZED,0.25202626,6.77185
нор,2,87.26215502,UNCATEGORIZED,4.606721,5.823292
болгар,1,94.51373975,UNCATEGORIZED,1.7739182,8.814467
обух,1,86.75489801,UNCATEGORIZED,2.12818,4.812954
спальня,3,76.95310229333333,UNCATEGORIZED,3.9716878,6.4197273
взор,1,86.75489801,UNCATEGORIZED,4.6477027,4.4672875
неж,1,90.14869698,UNCATEGORIZED,1.024601,6.423993
щепка,3,89.73067434666666,UNCATEGORIZED,3.3108969,4.072941
коронование,1,86.60365088,UNCATEGORIZED,7.6215982,7.228132
диптих,1,91.55379722,UNCATEGORIZED,5.1510324,5.342145
ералаш,1,82.95559461,UNCATEGORIZED,6.9718637,6.2674336
киндзмараули,1,82.95559461,UNCATEGORIZED,3.3460329,1.6771028
ультразвук,7,88.49417816428571,UNCATEGORIZED,6.264716,3.7167447
сутра,1,92.42305599,UNCATEGORIZED,6.75695,5.02644
отбеливатель,1,75.85424744,UNCATEGORIZED,4.464291,2.3983014
вычислитель,1,79.52742133,UNCATEGORIZED,2.71125,6.171136
малость,1,97.66892647,UNCATEGORIZED,8.094926,7.819997
приемка,1,97.66892647,UNCATEGORIZED,6.859495,5.311151
толкучка,1,86.02239352,UNCATEGORIZED,6.8348355,5.996462
опустошитель,1,80.90188914,UNCATEGORIZED,1.3497313,9.002644
отражатель,1,80.90188914,UNCATEGORIZED,2.7218485,5.55438
промокашка,3,87.46716559333333,UNCATEGORIZED,3.1993816,3.6492305
апартамент,2,74.31330264,UNCATEGORIZED,3.8713992,6.747403
регата,3,83.82737341333332,UNCATEGORIZED,6.6069884,5.438401
беляк,1,87.9405767,UNCATEGORIZED,0.20806119,8.027795
избежание,1,91.28869036,UNCATEGORIZED,7.95597,7.205249
отсос,1,89.20112518,UNCATEGORIZED,2.7918286,5.286775
эгида,3,93.21231838333334,UNCATEGORIZED,3.183765,5.1231265
зраза,1,88.16561113,UNCATEGORIZED,-0.2325233,5.873369
местечко,2,94.69691954000001,UNCATEGORIZED,4.711543,6.7137938
жребий,2,86.18744297,UNCATEGORIZED,8.328539,6.9124994
психометрия,2,89.29180035499999,UNCATEGORIZED,6.780163,2.9677553
солонка,3,85.73377461,UNCATEGORIZED,3.1537812,4.3090515
соборование,1,84.56607192,UNCATEGORIZED,8.150953,7.132554
артиллерист,1,84.56607192,UNCATEGORIZED,3.12701,9.169793
индейка,3,77.68087353333333,UNCATEGORIZED,2.834896,2.1001859
культист,1,95.10137409,UNCATEGORIZED,1.2855982,7.667568
локаут,1,82.18727464,UNCATEGORIZED,6.2506847,4.949691
апекс,1,95.93191112,UNCATEGORIZED,2.277077,6.6411085
чижик,3,86.34822150333332,UNCATEGORIZED,0.46223265,7.819603
физик,2,88.4635041,UNCATEGORIZED,2.9549682,10.263908
офицер,2,89.01237134,UNCATEGORIZED,3.487229,9.089342
профанация,2,82.995357395,UNCATEGORIZED,6.8521094,5.5809975
юрисконсульт,1,78.75282792,UNCATEGORIZED,2.8778384,9.524325
штейгер,1,89.69788337,UNCATEGORIZED,2.7305298,10.025716
брема,1,95.80529562,UNCATEGORIZED,0.8710259,6.562107
синкретизм,1,80.04354337,UNCATEGORIZED,7.9598207,4.6064386
металлодетектор,1,89.83594233,UNCATEGORIZED,2.504639,6.1358185
порнуха,1,89.83594233,UNCATEGORIZED,7.1564264,5.4010735
палисад,2,93.190062755,UNCATEGORIZED,4.130066,5.7888465
обнищание,1,95.74842543,UNCATEGORIZED,8.232179,5.4358125
солдатик,1,84.77066339,UNCATEGORIZED,2.9020517,9.011293
миропорядок,2,94.335534365,UNCATEGORIZED,7.966337,4.8401103
тишь,1,88.20879642,UNCATEGORIZED,5.476129,4.8537188
покорение,1,88.20879642,UNCATEGORIZED,8.059153,6.368031
положение,2,82.38150518,UNCATEGORIZED,8.3640785,6.9740195
искание,1,87.19171847,UNCATEGORIZED,8.453359,6.2782803
слежка,1,91.64718026,UNCATEGORIZED,7.067697,6.5311375
штукатур,1,82.18473786,UNCATEGORIZED,2.4215987,9.887802
хоругвь,5,90.446437144,UNCATEGORIZED,1.4323834,4.34232
метаболизм,2,91.29564702,UNCATEGORIZED,7.8890967,3.9355648
выверт,1,78.01753039,UNCATEGORIZED,6.1501827,6.357659
поскребыш,1,78.01753039,UNCATEGORIZED,0.8904672,7.2215986
сухотка,1,84.20521511,UNCATEGORIZED,7.7052293,2.9465237
баптист,1,84.20521511,UNCATEGORIZED,1.9160205,9.883217
пародист,1,84.20521511,UNCATEGORIZED,3.175187,9.879992
мытье,1,68.33434652,UNCATEGORIZED,6.690519,4.7930517
меланж,1,93.72999668,UNCATEGORIZED,3.272281,1.6577098
шансон,3,90.28908705333333,UNCATEGORIZED,5.0133257,7.4076557
корд,3,89.13627976333333,UNCATEGORIZED,0.19930702,6.866262
массажер,5,89.152849554,UNCATEGORIZED,2.6453753,5.4316297
авто,6,75.80353175833334,UNCATEGORIZED,3.4113889,7.67945
стат,1,95.4572262,UNCATEGORIZED,0.95476824,6.291023
саше,5,93.166734236,UNCATEGORIZED,2.0377839,8.087438
верстка,3,91.52884429333334,UNCATEGORIZED,6.290464,5.4542136
адмирал,2,87.786024555,UNCATEGORIZED,3.5204804,8.970909
тезка,2,89.699319785,UNCATEGORIZED,2.3158135,8.605876
горжетка,1,71.71708561,UNCATEGORIZED,2.0298636,3.353195
патина,1,71.71708561,UNCATEGORIZED,5.144648,3.7602959
словоблуд,1,71.71708561,UNCATEGORIZED,1.4398769,7.6794047
охранник,2,90.524263445,UNCATEGORIZED,3.045103,9.066307
авиалайнер,2,90.20931887500001,UNCATEGORIZED,3.146433,7.126835
удержание,1,78.42759794,UNCATEGORIZED,8.083789,6.4583726
габарит,3,89.58690945333335,UNCATEGORIZED,5.837,4.304356
звонарь,2,83.31615726999999,UNCATEGORIZED,2.1260211,9.301896
кухарь,1,75.57989318,UNCATEGORIZED,1.3871937,7.9432454
рев,3,92.90623256333333,UNCATEGORIZED,5.7138286,5.9520197
электроника,4,85.5335737975,UNCATEGORIZED,6.8131623,4.7359567
гиппогриф,1,95.14573505,UNCATEGORIZED,0.46598324,8.2816
метрополь,1,85.35539084,UNCATEGORIZED,3.80126,7.0040913
гемодиализ,1,94.88675984,UNCATEGORIZED,6.6483593,3.66331
ковролин,2,90.248176365,UNCATEGORIZED,3.8042052,3.4459774
кабаре,2,88.22242815,UNCATEGORIZED,4.142395,7.565012
клубень,14,77.47806399142857,UNCATEGORIZED,2.4809504,1.3959244
амнион,1,98.47284298,UNCATEGORIZED,0.7872151,6.5401754
трезвон,1,85.08712651,UNCATEGORIZED,5.754192,6.035259
котильон,1,85.08712651,UNCATEGORIZED,4.8112516,7.6471105
кузня,2,91.973682785,UNCATEGORIZED,4.142388,6.382589
курьер,4,88.13959987000001,UNCATEGORIZED,3.0768888,8.899004
корнишон,7,88.96773434142857,UNCATEGORIZED,1.2835189,6.550117
тендер,5,91.69099000000001,UNCATEGORIZED,5.822299,7.530709
концепт,5,90.82291932,UNCATEGORIZED,7.7202783,4.623615
ночница,1,83.57391922,UNCATEGORIZED,1.2130401,6.8870826
похудение,2,96.962571385,UNCATEGORIZED,8.014755,3.3875926
предисловие,3,88.02670588666666,UNCATEGORIZED,6.467835,7.0933437
кассир,3,85.24170728,UNCATEGORIZED,3.0204358,9.172327
объективация,3,89.30724823999999,UNCATEGORIZED,7.5053387,4.6959105
графа,2,89.61721125,UNCATEGORIZED,2.7275102,8.420661
москвич,1,86.92288063,UNCATEGORIZED,3.355265,7.7251134
морозилка,1,89.43402241,UNCATEGORIZED,3.3454792,5.1357455
прилипание,1,93.42381974,UNCATEGORIZED,7.0946155,4.036893
израильтянин,1,93.42381974,UNCATEGORIZED,1.6374316,9.115348
аутентичность,3,91.90882328,UNCATEGORIZED,9.182326,4.7897224
юр,2,84.639234125,UNCATEGORIZED,0.6445742,7.052806
пись,3,75.06674524333333,UNCATEGORIZED,-0.035438124,6.0799966
присвоение,2,98.496339275,UNCATEGORIZED,7.997777,6.333152
пеночка,2,80.91575388000001,UNCATEGORIZED,1.413461,6.7363644
пеларгония,3,90.23986832333333,UNCATEGORIZED,2.268962,1.9093634
полировка,1,78.65957706,UNCATEGORIZED,5.539555,3.9959235
пирит,2,78.84493319500001,UNCATEGORIZED,4.598953,2.2241302
пикули,2,83.49855492,UNCATEGORIZED,2.9009798,1.9118601
гимнастерка,1,90.8710399,UNCATEGORIZED,1.7369086,3.388774
пыжик,1,89.07877694,UNCATEGORIZED,0.79027814,7.7117987
ангажемент,1,89.07877694,UNCATEGORIZED,5.7050004,7.3065414
паз,1,80.68151466,UNCATEGORIZED,2.9810586,5.1958995
трата,2,92.823378555,UNCATEGORIZED,7.610785,6.189832
террор,2,92.62571983999999,UNCATEGORIZED,8.226074,5.585402
чеканка,5,89.951252042,UNCATEGORIZED,5.5943656,4.1874385
прак,1,86.76249189,UNCATEGORIZED,1.3441963,8.151816
дол,6,83.52797681833334,UNCATEGORIZED,0.016143335,6.1296515
доплер,1,92.0193719,UNCATEGORIZED,0.75347084,7.061441
здоровяк,1,88.00772016,UNCATEGORIZED,1.5798154,8.966999
помост,1,88.00772016,UNCATEGORIZED,4.3539643,6.177371
курсант,2,91.589290385,UNCATEGORIZED,3.3232813,9.154927
бурлак,1,85.80309521,UNCATEGORIZED,1.5615841,8.76428
хиппи,1,88.49509238,UNCATEGORIZED,5.08766,7.877957
свершение,1,89.96307083,UNCATEGORIZED,8.537351,6.5374827
разрядка,1,89.96307083,UNCATEGORIZED,7.144654,5.022887
эротоман,1,79.03028933,UNCATEGORIZED,1.2624202,9.110138
ирга,5,86.482660098,UNCATEGORIZED,0.9146391,8.027844
трепло,2,82.480978765,UNCATEGORIZED,0.78609926,9.691786
блюз,2,91.79102799,UNCATEGORIZED,5.0092344,7.4508767
тренинг,1,96.33749474,UNCATEGORIZED,6.6348686,7.1553416
иммобилизация,1,84.84786046,UNCATEGORIZED,6.933418,4.1713805
ижица,1,89.837824,UNCATEGORIZED,5.6107125,4.6662583
трансфигурация,13,94.60606188307693,UNCATEGORIZED,6.4674845,4.9461455
квота,3,85.06149566,UNCATEGORIZED,7.4428077,5.139844
белорус,1,87.91358639,UNCATEGORIZED,1.537648,8.635403
чум,2,88.62242527000001,UNCATEGORIZED,4.119909,6.8092
прайс,1,91.22096933,UNCATEGORIZED,0.018395184,6.8933644
трясина,2,92.071463885,UNCATEGORIZED,4.744143,5.1074743
фрезер,2,90.944157545,UNCATEGORIZED,0.54102874,6.894753
джигит,1,94.21680944,UNCATEGORIZED,1.6484865,8.976535
шейх,2,90.379562105,UNCATEGORIZED,2.0040746,9.034253
рядок,1,78.98059592,UNCATEGORIZED,3.737545,5.4107866
убеждение,2,92.57908189,UNCATEGORIZED,8.750986,6.597377
серия,1,89.82922321,UNCATEGORIZED,6.231623,7.380442
трамп,3,87.06145123666666,UNCATEGORIZED,2.7207735,9.903395
взмах,2,86.01787175,UNCATEGORIZED,5.4157395,6.174641
френч,1,89.21624243,UNCATEGORIZED,1.5065042,3.6427078
флегматик,1,82.70973591,UNCATEGORIZED,1.2988063,9.985552
пресса,1,87.61601705,UNCATEGORIZED,5.5110908,7.9258604
промывка,1,90.51475199,UNCATEGORIZED,6.8660045,4.4103985
патология,2,92.91313035499999,UNCATEGORIZED,7.895377,3.201839
орарь,1,90.44167722,UNCATEGORIZED,1.5890476,3.8598754
пигмалион,1,90.44167722,UNCATEGORIZED,2.6122918,10.078379
чудак,4,88.90295499,UNCATEGORIZED,0.7161407,9.803458
сир,2,87.93852849,UNCATEGORIZED,2.749832,8.570483
тайм,1,88.86421053,UNCATEGORIZED,5.241669,7.5505333
топик,1,87.1390824,UNCATEGORIZED,1.5947189,3.5240054
агентура,1,91.09837741,UNCATEGORIZED,5.138638,8.149447
расход,1,96.59326885,UNCATEGORIZED,7.5217137,6.199998
балетки,2,79.81002787,UNCATEGORIZED,1.888452,3.506202
быдло,3,92.38186054333333,UNCATEGORIZED,5.474106,8.453479
утренник,2,87.77975193,UNCATEGORIZED,6.2433395,7.089366
садик,2,85.27772576999999,UNCATEGORIZED,4.2014694,6.054151
шнуровка,1,91.1812666,UNCATEGORIZED,3.1505733,3.991903
информатика,4,81.923272095,UNCATEGORIZED,6.857419,4.5980754
боязнь,2,84.410186865,UNCATEGORIZED,9.739516,5.885484
консульство,1,91.09850325,UNCATEGORIZED,5.7818313,8.051011
потемнение,1,92.39559535,UNCATEGORIZED,8.186059,2.972865
самообслуживание,1,93.21674035,UNCATEGORIZED,8.20141,5.631066
злоумышленник,1,91.0256233,UNCATEGORIZED,1.5588877,9.811889
конкуренция,1,93.41180725,UNCATEGORIZED,7.561567,5.8036785
триплет,1,87.32038814,UNCATEGORIZED,2.374091,6.319454
верхотура,2,82.31527765999999,UNCATEGORIZED,3.4623353,5.694805
перетяжка,1,81.15465585,UNCATEGORIZED,5.204147,3.436608
аккомпаниатор,1,93.63939731,UNCATEGORIZED,3.439111,9.658963
электро,1,93.78840854,UNCATEGORIZED,6.839829,3.7194965
мануфактура,5,92.61009928000001,UNCATEGORIZED,4.7293105,6.9859858
жучок,1,92.47551824,UNCATEGORIZED,0.1774245,8.188597
гуманист,1,85.09190465,UNCATEGORIZED,2.5505834,10.156088
гага,1,96.36066574,UNCATEGORIZED,0.5411414,7.365477
гагара,2,84.655665065,UNCATEGORIZED,-0.012266976,7.8351526
гомосексуал,1,93.79246653,UNCATEGORIZED,6.269717,3.109143
австрия,2,86.55659413000001,UNCATEGORIZED,5.5632157,7.680662
реципиент,3,83.60718813666666,UNCATEGORIZED,3.146302,9.585408
акушер,3,93.14569820666667,UNCATEGORIZED,2.7377646,10.432098
анис,2,89.67016853999999,UNCATEGORIZED,2.1190224,1.5512736
закуска,6,78.11851011166668,UNCATEGORIZED,3.1799417,2.0464036
тамбур,1,91.18413755,UNCATEGORIZED,3.7694006,6.352369
тягомотина,1,90.15317976,UNCATEGORIZED,6.7096076,5.8127522
приданое,3,94.01951072666667,UNCATEGORIZED,7.1211843,7.705132
детеныш,1,91.19107839,UNCATEGORIZED,0.1276062,8.551497
помутнение,1,91.19107839,UNCATEGORIZED,8.311694,3.2063239
заискивание,2,90.05555324,UNCATEGORIZED,8.628787,5.364766
ментор,2,86.800724455,UNCATEGORIZED,1.75429,7.826929
водомерка,1,83.44609133,UNCATEGORIZED,1.5465801,6.775675
ралли,2,84.05213604,UNCATEGORIZED,5.6190476,7.4114347
зодиак,5,90.51641982400001,UNCATEGORIZED,-0.3298414,8.343787
подобострастие,1,92.03524157,UNCATEGORIZED,8.847888,5.4199767
столярка,1,96.08549869,UNCATEGORIZED,3.4870167,5.6857257
шатание,1,88.74529245,UNCATEGORIZED,7.735677,5.593887
панегирик,2,90.640590325,UNCATEGORIZED,6.3416066,6.749244
воображала,1,93.20823741,UNCATEGORIZED,0.7543048,9.363528
рачительность,2,90.825610135,UNCATEGORIZED,9.663514,4.802434
нагнетание,1,84.08487533,UNCATEGORIZED,7.5444155,4.7796645
консилиум,1,84.08487533,UNCATEGORIZED,5.8666034,8.040966
безответность,1,84.08487533,UNCATEGORIZED,9.336096,4.481391
суфлер,3,90.13474358666667,UNCATEGORIZED,3.346692,9.705306
своеобразие,1,95.9549763,UNCATEGORIZED,9.004306,5.0517464
пядь,2,91.09228493500001,UNCATEGORIZED,4.569812,4.3161654
принижение,1,90.95313693,UNCATEGORIZED,8.353333,5.8081594
дрессировщица,1,94.01600825,UNCATEGORIZED,1.9419636,7.707395
преследование,1,94.01600825,UNCATEGORIZED,7.8905787,6.6985188
матчасть,1,86.88984831,UNCATEGORIZED,6.3378205,5.5338655
графоман,1,86.88984831,UNCATEGORIZED,1.1954938,9.935888
предпосылка,1,92.0399491,UNCATEGORIZED,7.234778,5.6832776
обманщик,2,95.34673581999999,UNCATEGORIZED,1.4304391,10.0071125
бронетранспортер,2,89.21544965000001,UNCATEGORIZED,3.3063695,7.415464
строгость,2,83.01758477999999,UNCATEGORIZED,9.809546,5.1018715
недомыслие,1,88.98995613,UNCATEGORIZED,8.806618,5.3237576
кручение,1,88.98995613,UNCATEGORIZED,6.975851,4.2711587
междусобойчик,1,93.05663785,UNCATEGORIZED,6.469033,6.9732804
просфора,2,94.86885839,UNCATEGORIZED,3.6953552,4.2489605
затылок,1,91.43857866,UNCATEGORIZED,4.035808,3.7807226
коляда,1,94.20804613,UNCATEGORIZED,7.25293,8.019439
амбициозность,2,87.075760435,UNCATEGORIZED,9.363182,4.9951963
грандиозность,1,88.63877175,UNCATEGORIZED,9.583273,4.4683504
обертывание,1,88.63877175,UNCATEGORIZED,6.399651,3.7943602
отделка,1,90.89503684,UNCATEGORIZED,5.231352,4.198916
цикличность,1,94.52774759,UNCATEGORIZED,8.747034,4.5118403
поэтика,1,94.52774759,UNCATEGORIZED,7.050054,4.9563775
разобщение,1,94.52774759,UNCATEGORIZED,8.33668,5.5483494
барство,1,85.13162027,UNCATEGORIZED,8.55893,5.1709275
двоемыслие,2,92.888872455,UNCATEGORIZED,8.209159,4.6918664
воинство,1,93.05394552,UNCATEGORIZED,5.4967046,8.23585
оболванивание,1,84.31658195,UNCATEGORIZED,8.229634,5.5280633
игумен,1,84.31658195,UNCATEGORIZED,2.324142,9.626886
позерство,1,84.66172591,UNCATEGORIZED,8.639357,5.3680634
извилина,4,89.27199730250001,UNCATEGORIZED,4.11696,4.2705827
культивирование,1,94.3539571,UNCATEGORIZED,7.5574856,4.7506156
талион,3,91.10933939,UNCATEGORIZED,1.0282619,7.0985103
пенка,3,89.52112998666666,UNCATEGORIZED,3.3336954,2.7154813
свободолюбие,1,98.0372865,UNCATEGORIZED,9.405291,5.345222
передел,1,98.0372865,UNCATEGORIZED,7.6661434,5.8030343
малиновка,3,84.77774052666666,UNCATEGORIZED,-0.056862026,7.757789
чабрец,4,86.100187525,UNCATEGORIZED,1.899232,1.6419135
сыроедение,2,84.48410591999999,UNCATEGORIZED,7.689439,3.9943376
королевна,1,90.75267991,UNCATEGORIZED,1.927596,8.069719
обстановка,1,85.05195846,UNCATEGORIZED,5.5214376,4.9566603
постановка,2,85.68182082499999,UNCATEGORIZED,6.608893,6.445128
каль,1,85.05195846,UNCATEGORIZED,0.64058626,6.568955
роботизация,2,84.40149891499999,UNCATEGORIZED,6.74564,3.2364588
искусственность,2,89.04189794999999,UNCATEGORIZED,9.594921,4.3693476
дорс,1,84.57697095,UNCATEGORIZED,0.3656319,6.6731296
сурепка,2,84.32586245,UNCATEGORIZED,1.9789649,1.9145703
грызун,2,75.667773155,UNCATEGORIZED,0.35998532,8.387966
львица,1,92.77469001,UNCATEGORIZED,-0.041727077,8.5513935
кичливость,1,92.77469001,UNCATEGORIZED,9.206084,5.09517
родич,1,56.70645215,UNCATEGORIZED,2.437545,8.689648
крестик,2,86.39695653000001,UNCATEGORIZED,3.9932418,4.765609
брота,1,84.18762326,UNCATEGORIZED,0.8775213,6.5081496
отличница,1,87.60173159,UNCATEGORIZED,2.3262253,8.372126
свиноферма,2,88.69052682,UNCATEGORIZED,4.1281857,5.9550138
печурка,1,89.77932205,UNCATEGORIZED,3.1857915,4.706667
сведение,2,93.398375,UNCATEGORIZED,8.254007,6.397731
кинолента,1,82.36772634,UNCATEGORIZED,3.545435,5.1600857
сумах,1,86.47601788,UNCATEGORIZED,1.8139385,1.7995454
неприятность,1,82.75986745,UNCATEGORIZED,7.371066,6.1564717
альбатрос,6,92.21320103833334,UNCATEGORIZED,0.12441637,8.182798
мана,2,88.20103215500001,UNCATEGORIZED,0.25740477,6.455999
элизиум,1,82.03687304,UNCATEGORIZED,4.3763175,6.454026
готтентот,1,82.03687304,UNCATEGORIZED,1.360352,7.6821027
цинь,1,82.03687304,UNCATEGORIZED,0.07042071,6.246903
екклесиаст,2,86.993114475,UNCATEGORIZED,6.1202607,6.9512234
вход,4,88.2759977925,UNCATEGORIZED,4.3601427,5.9960775
пинг,2,83.52648195500001,UNCATEGORIZED,0.6876685,6.788408
синто,1,82.67474261,UNCATEGORIZED,7.6726217,5.1162205
намет,1,89.5193142,UNCATEGORIZED,2.1146898,3.9648004
чипсет,1,89.5193142,UNCATEGORIZED,3.0032651,5.7953095
картинка,4,87.321111395,UNCATEGORIZED,5.635672,5.603915
расстрига,1,87.00734545,UNCATEGORIZED,1.7426834,9.6849
овражек,1,98.59163607,UNCATEGORIZED,4.2982535,5.6825542
грот,5,90.484101556,UNCATEGORIZED,3.2778704,6.239307
ливрея,7,90.61508951428571,UNCATEGORIZED,1.8652508,3.3926191
неуч,1,90.27808479,UNCATEGORIZED,1.0104237,9.953019
прайм,1,87.42392835,UNCATEGORIZED,2.056666,6.774221
футон,1,86.58970521,UNCATEGORIZED,2.5881023,4.0728784
прорезь,2,82.753466325,UNCATEGORIZED,3.9394083,5.1506824
госпиталь,2,95.86778985999999,UNCATEGORIZED,4.6654325,7.2493534
перманганат,2,95.86778985999999,UNCATEGORIZED,5.5586047,2.493268
пасьянс,2,82.172796635,UNCATEGORIZED,4.4249887,8.0559435
интер,1,91.34894509,UNCATEGORIZED,3.2836788,7.134979
дактилоскопия,3,93.78431916,UNCATEGORIZED,6.908395,4.3360114
тригон,1,89.38316982,UNCATEGORIZED,1.426371,7.23044
торможение,1,91.16178357,UNCATEGORIZED,7.714212,5.62017
вратарь,5,89.58169659400001,UNCATEGORIZED,3.6630273,8.853285
комиссар,7,95.9967331357143,UNCATEGORIZED,3.4703543,9.133354
тореро,1,97.53901154,UNCATEGORIZED,2.4947731,9.048121
горбун,1,82.92442438,UNCATEGORIZED,1.6124449,9.074842
мякина,1,86.26790545,UNCATEGORIZED,3.606061,3.3954535
змеелов,2,85.62317389,UNCATEGORIZED,1.3901092,8.211837
кик,1,89.08891721,UNCATEGORIZED,0.42725348,6.52445
приворот,2,88.56383674,UNCATEGORIZED,7.8644433,5.6117835
совершенство,1,87.36917193,UNCATEGORIZED,9.069739,5.4818974
отбойник,1,90.88146252,UNCATEGORIZED,1.9989423,5.561523
сооружение,4,83.92059425000001,UNCATEGORIZED,4.878789,6.3239965
расстановка,1,90.05587158,UNCATEGORIZED,6.81172,5.4970474
разметка,2,88.65242111,UNCATEGORIZED,6.2633514,4.754202
шаланда,2,90.71723697499999,UNCATEGORIZED,2.922057,6.7871146
портфолио,3,86.30722367999999,UNCATEGORIZED,7.1420493,6.8865204
болгарка,4,92.03533421750001,UNCATEGORIZED,2.1769683,7.264517
фармация,1,87.23211433,UNCATEGORIZED,6.795036,2.8604782
геодезист,6,88.25564642833335,UNCATEGORIZED,2.8671343,10.29382
миллиардер,1,84.91411433,UNCATEGORIZED,2.9450676,9.88496
усик,2,76.85826503999999,UNCATEGORIZED,2.7983513,5.450875
высочество,1,93.8524441,UNCATEGORIZED,2.7887065,8.555507
отповедь,2,96.97807420000001,UNCATEGORIZED,6.8373294,6.3788586
величество,1,100.1037043,UNCATEGORIZED,2.8051891,8.587018
отрывок,3,96.09478139666665,UNCATEGORIZED,6.5199165,6.9401674
усиление,1,94.524571,UNCATEGORIZED,8.128407,6.3661895
колечко,1,94.3307093,UNCATEGORIZED,3.1561973,3.6998963
воблер,1,93.47086088,UNCATEGORIZED,0.7191636,5.0265584
благость,2,89.96707089,UNCATEGORIZED,9.400948,5.8004975
лабаз,1,94.15313162,UNCATEGORIZED,3.8915207,6.6007495
вылов,1,91.89291902,UNCATEGORIZED,6.395252,4.7632213
газопровод,3,90.82513097666667,UNCATEGORIZED,3.6928031,5.6097555
практикант,1,90.36659908,UNCATEGORIZED,2.9695294,9.774506
судейство,1,88.77343727,UNCATEGORIZED,8.374,5.145044
гриффин,1,96.35966963,UNCATEGORIZED,0.06521038,6.915029
сурьма,4,89.536044495,UNCATEGORIZED,4.830024,2.3602915
достоевщина,1,90.91315753,UNCATEGORIZED,6.59856,5.5553284
непрерывность,1,90.91315753,UNCATEGORIZED,8.734606,4.609972
тмин,2,91.08458379999999,UNCATEGORIZED,2.2457874,1.4859035
чалма,1,85.4286532,UNCATEGORIZED,1.8610939,3.463081
наклонение,2,87.4049163,UNCATEGORIZED,6.1475406,4.919918
квача,1,88.38250097,UNCATEGORIZED,1.0748233,7.0852914
крупинка,1,87.07384417,UNCATEGORIZED,3.945416,4.320389
веялка,1,92.73678219,UNCATEGORIZED,3.4168417,5.673442
монист,1,84.8623614,UNCATEGORIZED,3.207682,3.5562694
символизация,1,88.97105706,UNCATEGORIZED,7.306483,4.604644
хлястик,1,93.53023474,UNCATEGORIZED,2.373365,3.7864175
охта,1,95.15748765,UNCATEGORIZED,1.6239723,6.060915
рубец,4,88.6884676475,UNCATEGORIZED,4.7857385,4.0419893
автомагистраль,4,82.880168025,UNCATEGORIZED,4.2194295,5.629128
сборище,1,96.51706164,UNCATEGORIZED,5.663331,8.365336
рада,1,96.51706164,UNCATEGORIZED,2.301538,8.115398
автопилот,2,84.33270603,UNCATEGORIZED,2.9301474,5.9310193
ориентировка,1,84.48520259,UNCATEGORIZED,7.0983005,5.136031
поручение,2,88.181471305,UNCATEGORIZED,7.7778664,7.577517
улан,1,93.02384947,UNCATEGORIZED,4.3872857,8.985493
удаль,2,95.12365914,UNCATEGORIZED,9.830338,5.36975
цыпка,1,88.40543648,UNCATEGORIZED,1.7512184,6.9518085
урология,2,92.1396275,UNCATEGORIZED,6.784974,2.8115895
триол,1,93.4145783,UNCATEGORIZED,1.2504437,6.7738266
фрау,1,87.09762379,UNCATEGORIZED,2.273836,8.007756
пяточек,2,87.68595973000001,UNCATEGORIZED,3.4096587,5.635255
рудокоп,1,88.08159343,UNCATEGORIZED,2.2826993,9.593556
измывательство,1,91.32087223,UNCATEGORIZED,8.570291,5.675802
ниндзя,3,85.81046879333333,UNCATEGORIZED,3.760773,8.590983
агрессивность,2,93.85988271,UNCATEGORIZED,9.346753,5.1001263
динарий,1,91.25226817,UNCATEGORIZED,4.103126,4.5496874
кабошон,1,85.93572874,UNCATEGORIZED,4.323585,1.6050631
медсестра,3,80.12009129666666,UNCATEGORIZED,2.5325925,8.174989
лечебница,1,64.13013846,UNCATEGORIZED,4.54081,6.984063
угодливость,1,81.22002089,UNCATEGORIZED,9.169304,5.144304
кулинар,2,76.124963235,UNCATEGORIZED,2.585058,9.851658
блямба,3,89.99238715333333,UNCATEGORIZED,4.019284,4.369809
объедала,1,86.46949452,UNCATEGORIZED,1.1780025,8.856901
дуля,1,83.05511092,UNCATEGORIZED,3.2671685,3.6582835
нашлепка,1,83.05511092,UNCATEGORIZED,3.9462028,4.4158854
горст,1,96.64937425,UNCATEGORIZED,0.5863601,6.8739696
прихвостень,1,84.42194373,UNCATEGORIZED,1.3089197,9.526445
колоннада,1,84.42194373,UNCATEGORIZED,4.1759224,5.8089075
тростник,2,85.988941575,UNCATEGORIZED,2.0917747,2.3004487
наймит,1,94.48462915,UNCATEGORIZED,1.4228625,9.47784
магистратура,1,83.75630767,UNCATEGORIZED,4.578001,4.8969417
оговорка,1,83.75630767,UNCATEGORIZED,7.104992,6.509451
прецессия,1,89.1239327,UNCATEGORIZED,6.3579793,4.339063
подстанция,4,90.56678968000001,UNCATEGORIZED,4.0065007,6.0081515
со,1,96.17501893,UNCATEGORIZED,8.111563,7.7461104
зайчишка,1,86.82417696,UNCATEGORIZED,0.4084631,8.273434
распылитель,1,86.82417696,UNCATEGORIZED,2.4275126,5.268944
обрушение,1,96.93155791,UNCATEGORIZED,7.4584446,4.3508806
разнарядка,1,96.93155791,UNCATEGORIZED,6.4630156,5.35263
загадочность,1,92.04798336,UNCATEGORIZED,9.775836,4.6800556
фатализм,6,89.79680824666667,UNCATEGORIZED,8.450869,4.699413
мошка,2,90.447383895,UNCATEGORIZED,0.36657268,8.146918
эпизод,3,95.29739387333332,UNCATEGORIZED,6.796947,6.896476
посещение,2,96.410316995,UNCATEGORIZED,7.9191976,6.917096
миллиметровка,1,90.25651848,UNCATEGORIZED,3.6191084,3.1231506
вспомоществование,2,85.46642647499999,UNCATEGORIZED,7.420798,6.835979
картошечка,1,98.78639739,UNCATEGORIZED,2.947438,2.0747612
капи,1,98.78639739,UNCATEGORIZED,0.3728882,6.974515
бюджет,2,93.444187,UNCATEGORIZED,6.870784,7.567337
кривда,2,83.800738575,UNCATEGORIZED,6.499192,5.603545
усвоение,1,87.49223172,UNCATEGORIZED,8.167085,6.3265285
картонка,2,86.484003245,UNCATEGORIZED,3.4162128,4.2540917
хитровка,1,92.79621925,UNCATEGORIZED,3.361408,5.716903
ботулизм,1,93.68645048,UNCATEGORIZED,7.68591,2.4493053
худо,2,84.419390395,UNCATEGORIZED,2.4665031,8.469491
декларация,2,91.862075675,UNCATEGORIZED,6.6049814,7.359111
киберпространство,1,84.13347209,UNCATEGORIZED,2.773166,6.5895743
тринитротолуол,3,86.92724502666665,UNCATEGORIZED,1.8475266,5.678674
бордо,1,90.98966068,UNCATEGORIZED,3.5045059,1.6320878
придирка,1,94.45070175,UNCATEGORIZED,6.6122046,5.4221935
модернизм,2,80.43993900999999,UNCATEGORIZED,7.9634976,4.3862824
автограф,3,87.97130151666666,UNCATEGORIZED,6.2744927,7.322473
лют,1,96.71873258,UNCATEGORIZED,2.0439262,8.793044
полуночник,1,90.68668475,UNCATEGORIZED,0.9085631,7.8965006
лесоводство,1,90.68668475,UNCATEGORIZED,6.802822,3.0239184
каббал,1,90.35090957,UNCATEGORIZED,6.9277053,4.750817
шеврон,3,90.7706865,UNCATEGORIZED,2.223578,4.0104623
вегетация,4,88.35210981,UNCATEGORIZED,6.5837264,3.866055
зоофилия,1,90.67111817,UNCATEGORIZED,8.106016,4.651531
цитрус,4,91.2193677675,UNCATEGORIZED,1.3894407,7.184675
фриц,1,90.67111817,UNCATEGORIZED,1.8624243,8.732632
прошение,1,91.90530202,UNCATEGORIZED,7.5394917,7.6374803
керенка,1,81.66701833,UNCATEGORIZED,4.225818,3.3897793
громила,1,94.19353665,UNCATEGORIZED,1.6620291,8.992313
ятаган,1,83.80655303,UNCATEGORIZED,1.8251739,4.6916237
попечительство,1,88.21528071,UNCATEGORIZED,8.352854,6.0786033
скрип,3,90.19016841666667,UNCATEGORIZED,5.656668,5.9157553
невыносимость,1,94.72342979,UNCATEGORIZED,9.657209,4.2768197
безграмотность,1,89.16524784,UNCATEGORIZED,9.283324,4.9953175
подавление,2,93.49082238,UNCATEGORIZED,8.300175,6.3637533
выделение,5,83.763986992,UNCATEGORIZED,8.137281,6.3702774
смрад,2,92.916545965,UNCATEGORIZED,5.2421856,3.8915863
шествие,3,90.12976078333334,UNCATEGORIZED,5.3919697,8.328593
лепта,1,90.92215555,UNCATEGORIZED,4.76258,6.0466924
завал,2,90.74964750000001,UNCATEGORIZED,4.420275,5.3085747
оттенок,3,77.72649581,UNCATEGORIZED,4.7652383,4.3378425
конч,1,92.70145,UNCATEGORIZED,0.7463491,6.540229
темя,1,92.70145,UNCATEGORIZED,4.078804,3.7323468
апейрон,1,78.91021305,UNCATEGORIZED,4.7498956,2.3459487
камертон,2,80.79162013499999,UNCATEGORIZED,2.8234038,5.877408
тезаурус,1,95.32482926,UNCATEGORIZED,6.419457,4.1518826
озеленение,1,95.32482926,UNCATEGORIZED,6.896798,4.214253
шпик,1,91.23143294,UNCATEGORIZED,2.9062333,1.5320145
блуд,3,91.42058730666668,UNCATEGORIZED,8.751904,5.6633687
семейка,1,92.2573263,UNCATEGORIZED,5.2148824,8.594938
шатр,1,91.1394711,UNCATEGORIZED,1.0588071,6.5680866
фехтовальщик,1,91.88684601,UNCATEGORIZED,2.7282908,9.562683
наноробот,1,87.10278427,UNCATEGORIZED,6.255039,2.9801495
топоса,1,79.99318368,UNCATEGORIZED,7.533318,4.000243
пупик,1,87.30974606,UNCATEGORIZED,1.3246053,6.9954166
племянник,3,88.09997799333333,UNCATEGORIZED,2.4596584,8.622564
наценка,1,91.1917186,UNCATEGORIZED,6.9498963,7.3847218
убогость,1,91.1917186,UNCATEGORIZED,9.511755,4.4989643
хук,1,87.83071717,UNCATEGORIZED,5.1238,6.3131456
электропоезд,1,83.77330652,UNCATEGORIZED,3.4790478,7.4448237
просветитель,1,90.75008781,UNCATEGORIZED,2.8060057,10.170075
капуцин,2,94.96687722,UNCATEGORIZED,1.7247163,8.927796
купава,1,101.1036819,UNCATEGORIZED,1.4392388,8.013432
галлерей,2,89.84930567500001,UNCATEGORIZED,4.588454,3.3462698
напоминание,1,90.64661664,UNCATEGORIZED,8.199682,7.197907
выкуп,1,90.64661664,UNCATEGORIZED,7.0020404,7.8139124
именины,1,69.57460555,UNCATEGORIZED,7.261183,7.966818
отчество,7,85.27518514857142,UNCATEGORIZED,6.552496,6.8330526
гудок,2,90.431379545,UNCATEGORIZED,3.369273,6.266295
даос,1,89.27304931,UNCATEGORIZED,1.616834,9.124866
пакер,1,86.49013973,UNCATEGORIZED,0.736544,6.762501
апост,1,94.06817516,UNCATEGORIZED,1.47672,7.275202
финдиректор,1,93.76217044,UNCATEGORIZED,1.3489087,7.234267
ириска,2,92.325663815,UNCATEGORIZED,0.56094086,7.0605617
углубление,1,94.08488709,UNCATEGORIZED,4.1517663,5.302155
сомнительность,2,91.53719455999999,UNCATEGORIZED,9.656908,4.335808
пинсон,1,98.3135392,UNCATEGORIZED,0.6603276,6.788955
моцион,1,88.91608099,UNCATEGORIZED,5.880105,6.851264
экзегеза,1,90.85665133,UNCATEGORIZED,7.0847893,4.798062
штучка,1,90.85665133,UNCATEGORIZED,1.9950777,7.8911705
робость,3,89.26260850999999,UNCATEGORIZED,9.9055,5.7582974
хост,1,73.61013811,UNCATEGORIZED,1.8323021,6.4403167
алькор,1,95.52873472,UNCATEGORIZED,1.3310627,6.924186
цуккини,1,95.52873472,UNCATEGORIZED,2.5991707,1.4415574
зубчик,1,92.2421308,UNCATEGORIZED,2.551777,1.4462067
сефирота,1,90.03908933,UNCATEGORIZED,6.2129765,4.4751906
пульсация,1,92.16004661,UNCATEGORIZED,8.077595,3.0735116
герметичность,1,92.16004661,UNCATEGORIZED,8.748872,4.3762536
монизм,1,88.93497174,UNCATEGORIZED,8.204564,4.6204085
конструкт,1,92.48325167,UNCATEGORIZED,2.7410882,6.2497206
шалфей,1,82.1715621,UNCATEGORIZED,1.846757,1.699242
изъян,1,95.05351045,UNCATEGORIZED,7.4524064,6.2976565
дождик,2,89.263553935,UNCATEGORIZED,5.28317,4.6137757
невод,2,88.73026532,UNCATEGORIZED,0.8306745,5.0562134
когорта,2,95.441661235,UNCATEGORIZED,5.2553663,8.52859
жакерия,1,90.09031174,UNCATEGORIZED,6.39458,4.6676636
статичность,1,97.67367577,UNCATEGORIZED,9.11965,4.2284575
мелисса,1,97.67367577,UNCATEGORIZED,-0.06923619,6.645417
хтон,3,84.19682695333334,UNCATEGORIZED,1.2157717,6.9683485
командование,9,98.24566888222222,UNCATEGORIZED,5.370946,8.266803
обрат,3,92.46171174999999,UNCATEGORIZED,3.1645346,1.6484759
меркад,1,83.68772029,UNCATEGORIZED,0.93894655,6.975072
демарш,1,83.68772029,UNCATEGORIZED,6.010244,6.609305
корсаж,1,97.92549261,UNCATEGORIZED,1.9549361,3.6041708
пахарь,1,90.24801551,UNCATEGORIZED,2.335513,9.659006
опорок,1,90.24801551,UNCATEGORIZED,2.2735035,5.0400963
психотренинг,1,90.24801551,UNCATEGORIZED,6.7313123,3.4381497
пищуха,1,90.24801551,UNCATEGORIZED,5.110149,3.2140312
рептилия,17,94.08740282764705,UNCATEGORIZED,0.16598661,8.207149
траханье,1,91.55250638,UNCATEGORIZED,7.341247,4.470771
хрум,2,88.64472775,UNCATEGORIZED,0.9877701,6.832206
непротивление,1,94.20727621,UNCATEGORIZED,9.023871,5.3479743
перевязка,1,88.06427374,UNCATEGORIZED,6.631775,4.1214213
акселератор,2,86.89989725999999,UNCATEGORIZED,2.8331678,5.701985
тракторист,1,93.57422447,UNCATEGORIZED,2.6563394,9.677435
биоценоз,2,81.60067719,UNCATEGORIZED,7.567724,4.45512
экстракт,3,84.52195016666667,UNCATEGORIZED,4.1020813,1.9738936
новаторство,1,85.52957081,UNCATEGORIZED,8.943146,5.2332683
сотрудник,1,93.38844644,UNCATEGORIZED,3.436261,9.350583
интерфейс,2,92.29636099,UNCATEGORIZED,3.183673,6.2783003
мусс,2,93.149215235,UNCATEGORIZED,3.2427785,1.9891921
законопослушность,1,95.31162797,UNCATEGORIZED,9.257578,4.417508
закалка,1,92.41136238,UNCATEGORIZED,9.666699,5.2014837
герметик,4,88.7868574175,UNCATEGORIZED,4.462298,2.8326912
фелич,1,86.75754539,UNCATEGORIZED,0.66191185,6.9206495
бройлер,1,86.75754539,UNCATEGORIZED,1.2943841,7.602038
приблуд,4,90.42697732,UNCATEGORIZED,1.3543437,7.6283207
жеров,1,87.4881389,UNCATEGORIZED,0.5968328,6.619863
жуир,1,87.4881389,UNCATEGORIZED,1.4690845,9.926616
садизм,1,82.62769395,UNCATEGORIZED,8.399025,4.730306
танкетка,1,91.22345957,UNCATEGORIZED,3.2561932,7.6727266
богословие,1,91.22345957,UNCATEGORIZED,7.435172,4.998941
безвыходность,1,91.22345957,UNCATEGORIZED,9.695883,4.3892226
вольность,1,88.44047004,UNCATEGORIZED,9.57365,5.2110972
губерния,3,93.15604672666666,UNCATEGORIZED,4.794288,7.0261445
затон,1,87.40452582,UNCATEGORIZED,4.1469016,6.1518598
клеенка,1,80.32228242,UNCATEGORIZED,3.1558232,3.8219216
сосунок,1,90.18118279,UNCATEGORIZED,0.8877724,9.404774
транспортация,1,92.48143117,UNCATEGORIZED,6.6069646,3.293087
санитар,1,92.48143117,UNCATEGORIZED,2.9531085,9.51485
гомункул,4,84.76740216500001,UNCATEGORIZED,1.1721354,8.335596
глазастика,1,93.39626149,UNCATEGORIZED,0.7743884,6.9295444
гномик,1,97.67594555,UNCATEGORIZED,0.8952691,8.354716
жительство,1,97.67594555,UNCATEGORIZED,6.508999,7.3886814
посольство,1,97.04170418,UNCATEGORIZED,5.7051888,8.126687
элерон,1,93.54332018,UNCATEGORIZED,2.9760735,5.2985563
горец,3,92.16726558,UNCATEGORIZED,1.6455369,8.975129
искин,1,86.59819003,UNCATEGORIZED,2.7284482,6.281978
готовка,2,91.021724035,UNCATEGORIZED,6.7303076,4.897892
халдей,2,92.145589415,UNCATEGORIZED,1.5324887,8.790394
скачок,3,92.35547568666668,UNCATEGORIZED,6.6214004,6.2850647
абрек,1,87.72938102,UNCATEGORIZED,1.5575473,8.898049
убор,1,87.72938102,UNCATEGORIZED,1.9558035,3.6544914
физалис,1,95.39170836,UNCATEGORIZED,2.0537052,1.8178139
беллетрист,1,82.02937667,UNCATEGORIZED,3.061653,10.165882
сбруя,4,91.544588885,UNCATEGORIZED,2.2359405,3.8320706
правонарушение,3,87.88013434,UNCATEGORIZED,8.411123,6.201181
оплошность,3,91.35882385999999,UNCATEGORIZED,7.901874,6.1432967
парез,2,95.14428542,UNCATEGORIZED,8.005829,2.8916364
гнездование,1,92.06824023,UNCATEGORIZED,6.3703833,3.235611
блогер,2,93.312688885,UNCATEGORIZED,3.14547,9.811725
отсек,1,91.19120979,UNCATEGORIZED,3.5145905,6.330406
допинг,2,87.76490021500001,UNCATEGORIZED,4.5746055,1.7345054
генералиссимус,1,89.74303295,UNCATEGORIZED,3.0714338,9.227813
беззаботность,1,92.76491005,UNCATEGORIZED,9.732548,5.154331
феромон,2,92.775194105,UNCATEGORIZED,5.818142,2.3979638
заповедь,2,94.67972793999999,UNCATEGORIZED,7.2910705,7.245704
напряженность,1,94.5870191,UNCATEGORIZED,9.877186,5.8462176
наливка,2,90.15085229499999,UNCATEGORIZED,3.582683,2.0104187
ремешок,1,86.55135464,UNCATEGORIZED,2.259221,3.9620945
биохимик,1,92.30087502,UNCATEGORIZED,2.895171,10.369639
десятник,1,92.30087502,UNCATEGORIZED,2.448746,9.02591
сословие,1,92.30087502,UNCATEGORIZED,5.6984935,8.20024
формочка,2,85.29008833,UNCATEGORIZED,3.2622669,2.112663
тутанхамон,1,88.33262268,UNCATEGORIZED,2.021737,8.807117
плевательница,2,89.375930455,UNCATEGORIZED,3.2403615,4.494642
обезвоживание,1,90.42307005,UNCATEGORIZED,7.755904,3.47312
рукосуй,1,90.48438939,UNCATEGORIZED,1.2305689,7.311705
сцепка,2,91.11010127,UNCATEGORIZED,6.723625,5.1471334
светопреставление,2,80.01032802,UNCATEGORIZED,7.0533113,6.3692455
колодка,3,88.44811270333332,UNCATEGORIZED,3.2277632,4.289384
инженерия,2,91.23667768,UNCATEGORIZED,6.9553533,4.2837906
метис,3,87.90632638666666,UNCATEGORIZED,1.5616319,8.985516
колымага,2,84.508645,UNCATEGORIZED,3.2577543,7.8296237
старбакс,1,85.12168497,UNCATEGORIZED,4.0627956,7.0435996
обертка,1,97.31081109,UNCATEGORIZED,3.4793713,3.2896113
портик,2,90.75200465500001,UNCATEGORIZED,4.158278,5.795845
коп,1,82.09062104,UNCATEGORIZED,4.3536263,4.3781543
тамтам,2,87.46045206,UNCATEGORIZED,3.15297,6.16741
шиппинг,1,89.98488466,UNCATEGORIZED,2.4725535,6.848316
энурез,1,93.03030698,UNCATEGORIZED,8.062491,3.2543197
парикмахерская,2,91.39484163,UNCATEGORIZED,4.301647,6.754184
кенотаф,3,88.45804946999999,UNCATEGORIZED,4.708509,6.1272035
глиф,4,85.46923280749999,UNCATEGORIZED,2.5150552,6.5773234
дозволение,1,81.32193556,UNCATEGORIZED,7.6771426,7.5648527
сабо,1,81.32193556,UNCATEGORIZED,1.864817,3.5101686
вундеркинд,1,87.27806993,UNCATEGORIZED,1.391384,9.880023
епанча,1,87.27806993,UNCATEGORIZED,1.8548747,3.4365466
пальчик,2,92.29818684,UNCATEGORIZED,3.1984768,3.633885
рукопись,2,87.35911564,UNCATEGORIZED,6.1920605,7.131235
басурман,1,90.66779275,UNCATEGORIZED,1.2914516,9.27392
мичман,1,90.66779275,UNCATEGORIZED,3.3046172,9.055879
кислятина,1,94.08597597,UNCATEGORIZED,6.187399,5.4659405
вика,5,80.44198865999999,UNCATEGORIZED,1.8693806,7.927864
интерлюдия,1,92.7916362,UNCATEGORIZED,6.1361723,6.309741
махараджа,1,85.19662235,UNCATEGORIZED,2.1755822,9.182013
воеводство,1,85.19662235,UNCATEGORIZED,5.634061,8.131425
непритязательность,1,85.19662235,UNCATEGORIZED,9.542572,4.737848
суггестия,1,85.19662235,UNCATEGORIZED,7.4002295,4.57368
толкование,1,96.13193669,UNCATEGORIZED,7.922736,7.0291767
иерофант,1,90.54543519,UNCATEGORIZED,2.2103415,9.167894
луддит,1,94.07762883,UNCATEGORIZED,6.1546745,3.0611603
мирт,2,84.066124355,UNCATEGORIZED,1.7604796,2.0276816
анчутка,1,81.05373794,UNCATEGORIZED,1.1611873,7.8613358
минорит,1,93.35887847,UNCATEGORIZED,2.0231097,6.5805693
монтировка,1,85.14400396,UNCATEGORIZED,2.451757,4.638209
куколка,2,90.924397365,UNCATEGORIZED,0.9419345,8.2681265
непререкаемость,1,86.08240229,UNCATEGORIZED,9.268673,4.4324427
плацкарта,3,88.04490837666667,UNCATEGORIZED,3.088225,4.9320564
конвоир,1,90.17447206,UNCATEGORIZED,2.9000902,9.222342
игрек,1,90.17447206,UNCATEGORIZED,2.0997977,6.737896
неопрятность,1,89.31890387,UNCATEGORIZED,9.492664,4.546835
динго,1,91.77182607,UNCATEGORIZED,-0.10708942,8.634965
акын,1,88.00912028,UNCATEGORIZED,1.3861585,8.540121
парусник,2,85.96602672,UNCATEGORIZED,2.989186,6.932771
тык,3,88.68104905666667,UNCATEGORIZED,3.3620377,6.351022
банкир,2,91.71451993,UNCATEGORIZED,3.0091047,9.803686
вылазка,1,88.9713495,UNCATEGORIZED,7.1791377,6.4657702
миномет,2,90.0637842,UNCATEGORIZED,2.0306325,5.2554846
мыловар,2,89.385460035,UNCATEGORIZED,1.6860437,3.7533126
эпистола,12,96.84087122083334,UNCATEGORIZED,2.2143006,5.735365
студентка,1,95.06647154,UNCATEGORIZED,2.3673172,8.247143
аффект,4,88.31112724500001,UNCATEGORIZED,8.358225,4.5521884
скил,1,95.06647154,UNCATEGORIZED,0.7583234,7.0153728
богослов,2,92.93532894,UNCATEGORIZED,2.4398637,9.876365
обобществление,1,89.72695561,UNCATEGORIZED,7.435938,4.880253
амфетамин,1,87.89111705,UNCATEGORIZED,4.5584917,1.7548048
электроэнергия,3,85.72351435666667,UNCATEGORIZED,3.8854942,5.2834945
маргарин,5,89.36626353199999,UNCATEGORIZED,3.0612166,1.5294282
электросталь,1,84.96773334,UNCATEGORIZED,3.7995324,4.9212766
ляжка,2,90.703718425,UNCATEGORIZED,1.5210737,7.196884
содомия,1,92.20092862,UNCATEGORIZED,8.053266,4.875689
пугач,1,89.97058554,UNCATEGORIZED,1.7231262,5.0597367
овен,3,88.50108935666667,UNCATEGORIZED,-0.36938307,8.461708
захват,1,90.44422952,UNCATEGORIZED,7.679951,6.558891
табакерка,4,85.4398324425,UNCATEGORIZED,3.1429536,4.235639
брезгливость,2,89.39498068500001,UNCATEGORIZED,9.827504,5.966549
перелесок,3,89.96119749666667,UNCATEGORIZED,4.163062,5.645588
смятение,2,89.36712703500001,UNCATEGORIZED,9.59929,6.2999134
судок,2,87.93648963,UNCATEGORIZED,2.7943203,4.4480205
мореходство,1,90.00003256,UNCATEGORIZED,6.545358,4.5635934
терраформирование,3,89.20502504666666,UNCATEGORIZED,6.8757405,4.118865
ашель,1,87.00709648,UNCATEGORIZED,1.2225602,6.560071
функционал,1,76.84900307,UNCATEGORIZED,3.5741696,7.299908
антисемитизм,3,81.32731082333333,UNCATEGORIZED,8.277555,4.930836
веб,2,88.87749063,UNCATEGORIZED,0.52827024,6.8025575
электроплитка,1,84.41661478,UNCATEGORIZED,3.1952236,4.90855
дайджест,3,82.22338530666667,UNCATEGORIZED,5.74415,7.039687
изолента,3,87.94207833,UNCATEGORIZED,3.770361,4.031543
зазор,2,86.52966669,UNCATEGORIZED,3.8903346,5.4692116
интендант,1,86.83757352,UNCATEGORIZED,3.0918427,9.213882
камора,1,86.83757352,UNCATEGORIZED,3.961299,5.66799
праксис,1,80.98028072,UNCATEGORIZED,7.900122,4.4754944
гешефт,2,83.929148185,UNCATEGORIZED,6.5646605,7.239299
ультрас,2,84.82753717,UNCATEGORIZED,6.0890036,3.1235957
хохол,1,80.98028072,UNCATEGORIZED,1.6520025,8.87695
копия,3,94.25665278333334,UNCATEGORIZED,6.2797694,6.976927
дворф,1,85.09448591,UNCATEGORIZED,1.381959,8.565724
мокк,1,86.79133416,UNCATEGORIZED,0.9881492,7.0436554
кукурузник,1,86.79133416,UNCATEGORIZED,3.0574584,7.126597
шток,1,92.23274295,UNCATEGORIZED,2.6800077,5.3686185
рачок,2,87.47088532999999,UNCATEGORIZED,1.574783,6.5779266
живой,2,71.986997675,UNCATEGORIZED,1.2182581,8.692061
самоощущение,1,90.19533646,UNCATEGORIZED,8.320032,5.614787
редукция,2,91.20360287,UNCATEGORIZED,7.3829355,4.7133217
терпкость,1,87.88945262,UNCATEGORIZED,9.342717,4.1980486
кубер,1,87.25454138,UNCATEGORIZED,1.0109385,7.1510105
ганом,4,84.45099974,UNCATEGORIZED,0.90300673,6.7884145
калипсо,1,90.67688607,UNCATEGORIZED,1.569848,7.9563317
маклер,1,95.09314503,UNCATEGORIZED,2.6583333,9.735949
угги,3,88.89331208333334,UNCATEGORIZED,1.0143659,7.0992565
ополчение,2,92.03301037,UNCATEGORIZED,5.5775027,8.27056
кровища,2,90.86976285,UNCATEGORIZED,5.098332,3.7852921
истеричность,1,92.25167338,UNCATEGORIZED,9.567188,4.596192
молотьба,1,69.63821386,UNCATEGORIZED,5.9394794,4.9740505
косилка,1,69.63821386,UNCATEGORIZED,3.375985,5.2625504
аустерлица,1,90.40682398,UNCATEGORIZED,4.780729,4.9348426
подполковник,1,86.18780243,UNCATEGORIZED,3.4921312,9.149941
курильщик,3,85.27902418333333,UNCATEGORIZED,1.4053019,9.988806
жлобство,1,84.91280688,UNCATEGORIZED,8.419617,5.2462387
безапелляционность,1,84.91280688,UNCATEGORIZED,9.565492,4.7040296
дракара,1,92.61653542,UNCATEGORIZED,9.314426,4.5387626
эффективность,1,91.79640938,UNCATEGORIZED,9.082122,4.895915
денди,5,91.478351344,UNCATEGORIZED,1.8869371,10.128241
дронт,1,90.14023518,UNCATEGORIZED,0.6565112,7.5666776
домработница,2,80.522461745,UNCATEGORIZED,2.3668327,7.96359
нитрит,1,92.13855233,UNCATEGORIZED,4.873007,2.1707869
судмедэксперт,1,86.85647515,UNCATEGORIZED,2.9834294,9.830901
лексикограф,1,86.85647515,UNCATEGORIZED,3.0524547,10.340656
оселедец,2,87.240598455,UNCATEGORIZED,2.6295366,3.311914
перифраз,1,92.12895427,UNCATEGORIZED,6.659941,5.5321803
мещанство,2,89.863394245,UNCATEGORIZED,5.828675,8.242849
хостинг,2,81.162517545,UNCATEGORIZED,3.2144237,6.429435
танталь,2,83.436036735,UNCATEGORIZED,0.795969,6.5692053
пилка,2,88.98535697,UNCATEGORIZED,2.6667244,4.4632864
налим,1,84.55628082,UNCATEGORIZED,0.19446598,5.1323643
инициализация,1,95.9994337,UNCATEGORIZED,7.2282834,4.64866
гастрономия,1,82.64029521,UNCATEGORIZED,6.4026227,4.6309476
няня,2,86.04480298,UNCATEGORIZED,2.3570955,8.063555
дурачество,1,93.59182811,UNCATEGORIZED,8.464524,5.5373583
сложность,4,89.513810885,UNCATEGORIZED,9.18524,4.8718734
якобинец,1,89.11418682,UNCATEGORIZED,2.229252,10.24194
шумер,2,88.916208555,UNCATEGORIZED,4.759256,6.6335316
прямая,3,95.55684608333333,UNCATEGORIZED,4.7783203,4.930851
ракетостроение,1,80.27439797,UNCATEGORIZED,6.575641,4.583821
веселицо,1,80.27439797,UNCATEGORIZED,1.2154931,7.2446184
рабыня,1,81.96044232,UNCATEGORIZED,2.3518667,7.9811945
пресвитер,2,85.06603494,UNCATEGORIZED,2.3518836,9.572592
хоботок,1,86.45557109,UNCATEGORIZED,2.1193683,4.8521423
суверенность,2,85.05953585,UNCATEGORIZED,9.049114,4.9687605
богоматерь,1,86.4079624,UNCATEGORIZED,2.3061416,7.9861574
гомофобия,1,88.16456186,UNCATEGORIZED,8.203386,4.6131496
реликвия,2,87.010755895,UNCATEGORIZED,4.8864927,6.225586
звукоподражание,1,98.07758407,UNCATEGORIZED,6.837325,4.4019885
копь,1,84.07464327,UNCATEGORIZED,4.273489,6.374542
спаривание,1,89.76248272,UNCATEGORIZED,7.1718345,4.0474963
регионал,1,89.76248272,UNCATEGORIZED,6.312684,3.1757314
действенность,1,89.76248272,UNCATEGORIZED,9.180158,4.773566
вредительство,1,95.91809712,UNCATEGORIZED,8.272586,5.8138804
сектор,2,91.1217546,UNCATEGORIZED,4.889689,6.818064
оккультист,2,84.65319705499999,UNCATEGORIZED,2.4144828,9.970439
конструирование,1,94.46848518,UNCATEGORIZED,7.8445907,6.2552056
нанометр,2,89.945382075,UNCATEGORIZED,4.2668767,4.674161
маном,1,81.36476743,UNCATEGORIZED,0.9652386,6.625376
лоскуток,2,89.375371865,UNCATEGORIZED,2.8371313,3.1789227
импал,1,94.5913088,UNCATEGORIZED,0.090557575,8.353696
лизоцим,1,76.02989113,UNCATEGORIZED,5.184595,2.1045933
назидание,1,89.78014501,UNCATEGORIZED,8.454803,6.4808125
гидросфера,1,92.61280688,UNCATEGORIZED,6.9009113,3.8852386
злорадство,1,84.65615883,UNCATEGORIZED,9.448847,6.2585936
гарнизон,4,90.60437982,UNCATEGORIZED,4.8271365,8.322497
самописец,1,90.29271696,UNCATEGORIZED,2.520698,5.7662225
тучка,2,91.182578045,UNCATEGORIZED,4.3089175,4.5378385
ляд,1,89.95118963,UNCATEGORIZED,0.71574765,9.477908
переворот,3,92.33129856999999,UNCATEGORIZED,7.561607,6.092245
вервие,1,89.95118963,UNCATEGORIZED,3.7180812,4.034504
фондю,2,86.42775833,UNCATEGORIZED,3.0728447,1.834658
рамена,2,81.684437285,UNCATEGORIZED,1.6725783,3.8814743
текстология,1,83.32659317,UNCATEGORIZED,6.8323326,4.777393
пивоварение,1,81.5656765,UNCATEGORIZED,6.7278705,3.2502701
сервелат,1,84.04212603,UNCATEGORIZED,2.8613627,2.0335026
дембель,7,86.70341731428572,UNCATEGORIZED,2.05138,8.854046
ядерщик,1,84.04212603,UNCATEGORIZED,5.49273,3.2935264
экранизация,3,90.27278696333333,UNCATEGORIZED,6.1982727,6.693672
задаток,1,91.42598424,UNCATEGORIZED,6.754641,7.8545647
эдикт,2,89.2217029,UNCATEGORIZED,6.5706415,7.432626
нокдаун,1,86.179966,UNCATEGORIZED,5.144376,6.2477717
нытик,1,86.179966,UNCATEGORIZED,1.0052626,9.703848
суперкомпьютер,13,87.35561626769231,UNCATEGORIZED,2.7244627,6.0436344
разумность,1,84.92271307,UNCATEGORIZED,9.35887,4.710495
видеосъемка,1,84.92271307,UNCATEGORIZED,6.6263156,5.886113
пыл,3,81.80543640333333,UNCATEGORIZED,9.399235,5.7617908
трибунал,1,87.23841935,UNCATEGORIZED,7.340686,7.557447
неволя,1,79.5458733,UNCATEGORIZED,4.9432173,6.582213
кувшинка,3,84.49288229666666,UNCATEGORIZED,1.7491007,2.2935748
хариус,1,78.36961014,UNCATEGORIZED,0.26069054,5.135414
электорат,3,89.3049669,UNCATEGORIZED,5.6083074,8.219106
соло,3,94.19276584666666,UNCATEGORIZED,4.4158144,7.743576
экспроприатор,1,93.43569031,UNCATEGORIZED,7.37028,4.795609
инцидент,1,84.77882618,UNCATEGORIZED,7.470156,6.7704234
жалование,1,84.79914752,UNCATEGORIZED,7.07182,7.5003676
аккуратность,2,85.0016423,UNCATEGORIZED,9.833377,4.999461
самовыражение,2,81.506071245,UNCATEGORIZED,8.447648,5.4285913
мостовая,4,91.183327975,UNCATEGORIZED,4.17644,5.4973116
самоидентификация,1,95.52350576,UNCATEGORIZED,8.203994,5.0828276
еретик,5,89.627857548,UNCATEGORIZED,1.7950798,9.799781
салями,2,84.44300987,UNCATEGORIZED,2.887917,1.9954177
видеонаблюдение,1,84.56018245,UNCATEGORIZED,7.0355425,6.9428716
шагомер,3,87.63267785666666,UNCATEGORIZED,2.4832637,5.7360086
дублирование,1,85.53728064,UNCATEGORIZED,8.073858,6.089644
маратх,1,91.03081997,UNCATEGORIZED,5.990318,6.272392
искатель,2,92.70440435,UNCATEGORIZED,1.7627641,9.686813
прабабушка,2,91.762632575,UNCATEGORIZED,2.2626922,7.986247
номинал,1,81.22962514,UNCATEGORIZED,4.266671,4.561735
точило,1,85.37897855,UNCATEGORIZED,2.2565513,4.8056445
конкурсант,1,76.44759906,UNCATEGORIZED,6.1608567,3.1172569
жеребьевка,3,85.69107503999999,UNCATEGORIZED,6.7288218,5.2911615
лентяй,2,86.321545735,UNCATEGORIZED,0.8884253,9.779211
ранд,2,90.06995215,UNCATEGORIZED,0.057371847,6.8233867
правосудие,2,90.28384588,UNCATEGORIZED,8.841632,6.213944
простой,3,91.54015779333334,UNCATEGORIZED,7.557902,7.088634
нрав,1,91.9490475,UNCATEGORIZED,9.079494,5.8830085
проскур,1,88.12193763,UNCATEGORIZED,1.1253588,6.6145487
мешочек,1,88.12193763,UNCATEGORIZED,2.564968,4.0731726
штабель,1,84.37925446,UNCATEGORIZED,3.5377827,5.1160026
аллерген,1,89.83534813,UNCATEGORIZED,5.349875,2.4078832
ревенант,1,88.94029138,UNCATEGORIZED,1.0912461,8.008898
бурдюк,3,89.77562704666667,UNCATEGORIZED,2.7490325,4.2033324
искусствоведение,1,88.80862116,UNCATEGORIZED,6.698872,4.6777005
инстанция,2,88.58866542000001,UNCATEGORIZED,5.964822,7.7304463
лясы,2,87.34570158,UNCATEGORIZED,4.225965,8.361954
трамбо,1,86.16548756,UNCATEGORIZED,0.7853214,6.876794
разминка,3,91.40168077999999,UNCATEGORIZED,6.5177493,5.076389
несчастие,1,91.20738287,UNCATEGORIZED,8.803739,6.2274613
масштабность,1,92.90620504,UNCATEGORIZED,9.399619,4.5750723
уезд,2,92.60731240000001,UNCATEGORIZED,4.8073506,7.054462
террикон,4,81.5412872075,UNCATEGORIZED,3.4497435,6.591939
объяснение,1,90.24987332,UNCATEGORIZED,8.0808935,7.1167665
мил,2,87.12574928000001,UNCATEGORIZED,2.0142393,8.203092
чета,2,91.58478557,UNCATEGORIZED,2.6973588,8.147877
самодержавие,2,87.98128812499999,UNCATEGORIZED,8.118988,5.312521
ликвидатор,1,84.70001862,UNCATEGORIZED,1.7604024,8.715685
агора,1,84.70001862,UNCATEGORIZED,4.7031693,6.118629
биточек,1,89.3259808,UNCATEGORIZED,3.1311474,2.0173638
простейшее,1,91.00122491,UNCATEGORIZED,7.9682307,6.109616
острота,6,87.93391126833335,UNCATEGORIZED,9.393376,4.8188257
срамота,2,81.49095342,UNCATEGORIZED,6.3566465,5.488881
кил,2,83.954632655,UNCATEGORIZED,0.34548992,6.7415524
дегенерация,4,85.75443935000001,UNCATEGORIZED,7.542317,4.4370213
косогор,1,89.368374,UNCATEGORIZED,4.347199,5.6567264
улус,1,91.8479052,UNCATEGORIZED,4.653763,7.294929
самиздат,2,86.21988718,UNCATEGORIZED,7.8295617,4.643675
книголюб,2,83.41852794,UNCATEGORIZED,1.8349917,9.941717
сеновал,3,87.53102491666665,UNCATEGORIZED,3.8433042,6.4821877
ксива,1,90.54695922,UNCATEGORIZED,3.897367,4.221796
братва,1,90.54695922,UNCATEGORIZED,5.2557054,8.426232
видеоигра,2,87.16956319,UNCATEGORIZED,5.938263,4.9233937
герменевтика,2,80.98778097,UNCATEGORIZED,7.245303,4.7402444
удав,4,87.0805547,UNCATEGORIZED,0.19736442,8.289351
радиовещание,1,76.0640613,UNCATEGORIZED,5.1492186,6.949609
самоход,1,76.0640613,UNCATEGORIZED,3.1575758,7.35316
положительность,1,95.18201417,UNCATEGORIZED,9.14679,4.5179696
кваканье,1,96.14769953,UNCATEGORIZED,5.732164,5.809708
делопроизводитель,2,85.90693314500001,UNCATEGORIZED,3.0513988,9.500855
эскадрилья,2,85.67109716,UNCATEGORIZED,4.988947,8.453099
позер,1,91.17338297,UNCATEGORIZED,1.1539636,9.750711
предписание,1,91.17338297,UNCATEGORIZED,7.7293835,7.629668
волеизъявление,1,91.17338297,UNCATEGORIZED,8.4315,5.525998
деревяшка,5,87.37930388200002,UNCATEGORIZED,2.9625134,4.4728985
серена,1,93.33977911,UNCATEGORIZED,-0.026624989,6.623921
ризома,2,81.82679015,UNCATEGORIZED,7.6696525,4.191407
мигалка,1,89.92028885,UNCATEGORIZED,3.475721,5.9512157
гулена,1,88.33718166,UNCATEGORIZED,1.0698534,9.43406
фича,1,83.84623745,UNCATEGORIZED,6.1505575,4.7658377
голубец,1,80.04849278,UNCATEGORIZED,1.4754673,6.152281
дрессировщик,1,89.960146,UNCATEGORIZED,3.1638153,9.080337
экстремизм,3,82.76667827333334,UNCATEGORIZED,8.30869,4.9358187
самоучитель,1,82.51110922,UNCATEGORIZED,6.306452,7.129283
черепок,3,87.39148798333333,UNCATEGORIZED,3.2704284,3.3018215
приватность,2,94.03068495,UNCATEGORIZED,9.213774,4.8230743
чмок,1,87.4893496,UNCATEGORIZED,5.4005113,5.96652
огра,1,94.82796866,UNCATEGORIZED,0.6477507,6.291898
деструктивность,2,88.779820035,UNCATEGORIZED,9.040347,4.685389
пропись,2,92.86050149,UNCATEGORIZED,4.539634,4.0499415
мясокомбинат,1,87.17961945,UNCATEGORIZED,4.0036664,6.8040934
жилплощадь,2,89.76933764,UNCATEGORIZED,6.278127,7.4264503
сателлит,3,89.54028880666665,UNCATEGORIZED,3.049051,6.991652
сударь,4,91.26862488,UNCATEGORIZED,2.6878948,8.414856
пересказ,1,87.00375344,UNCATEGORIZED,6.8922544,6.921674
доставание,2,90.475975795,UNCATEGORIZED,6.580039,3.1604302
слюни,3,90.02058306666667,UNCATEGORIZED,5.0816765,3.904898
циркуляция,1,92.35905583,UNCATEGORIZED,7.3492026,4.1365933
нефтяник,2,88.99470715000001,UNCATEGORIZED,2.5713575,9.871353
характерник,1,97.70139082,UNCATEGORIZED,1.3934106,7.9205627
протекторат,2,95.185761335,UNCATEGORIZED,5.4599876,7.546757
задел,1,97.70139082,UNCATEGORIZED,3.9672334,3.961292
бериллий,2,65.149662675,UNCATEGORIZED,4.9208612,2.3282893
початок,1,90.00284269,UNCATEGORIZED,2.4100266,2.2381287
гастроль,3,92.46903041333333,UNCATEGORIZED,5.9920907,5.514647
об,1,87.23704612,UNCATEGORIZED,7.994431,7.536591
ана,1,87.23704612,UNCATEGORIZED,0.0841769,6.337336
созидание,4,87.6626009775,UNCATEGORIZED,8.269276,6.49687
дисфункция,2,82.264235325,UNCATEGORIZED,7.9460554,3.1747184
хитросплетение,1,82.77172944,UNCATEGORIZED,5.2416983,5.6428328
торн,1,81.74557391,UNCATEGORIZED,0.010105727,6.8719225
абонент,1,79.4386943,UNCATEGORIZED,2.9917116,6.476084
форпост,3,82.51840858999999,UNCATEGORIZED,4.2769547,6.72378
богобоязненность,1,79.4386943,UNCATEGORIZED,9.293253,4.371088
марей,2,85.83384269999999,UNCATEGORIZED,0.9038508,6.840241
шотландец,1,94.3873508,UNCATEGORIZED,1.68109,9.080215
водяра,1,86.13170509,UNCATEGORIZED,3.903773,4.0115447
макулатура,2,90.2144626,UNCATEGORIZED,6.714245,5.6494956
автомастерская,1,85.12533041,UNCATEGORIZED,4.1628947,6.2937574
банкротство,4,91.50935773249999,UNCATEGORIZED,7.902643,6.204554
кисея,1,88.19298877,UNCATEGORIZED,4.007152,3.3497605
заверение,1,97.41376594,UNCATEGORIZED,7.6198926,7.498132
почтамт,1,87.05162015,UNCATEGORIZED,4.4854865,7.2822795
конъюгация,1,96.42898019,UNCATEGORIZED,6.4717646,3.1990883
селянин,1,84.41737689,UNCATEGORIZED,2.1542282,9.575812
рулет,3,88.83611882999999,UNCATEGORIZED,3.0196269,1.8583554
распад,3,93.07315331333335,UNCATEGORIZED,7.833057,6.088527
стяг,2,92.11440612999999,UNCATEGORIZED,1.4559839,4.3867946
древоточец,3,85.37367369666667,UNCATEGORIZED,4.655405,3.2993445
цугцванг,6,83.44274682166667,UNCATEGORIZED,7.4689474,5.456989
униформа,1,89.96268709,UNCATEGORIZED,1.9297814,3.367801
аристократ,7,91.74159107142857,UNCATEGORIZED,2.1416674,9.738058
морфин,3,91.86297641,UNCATEGORIZED,4.593246,1.7848295
проксима,1,90.42510223,UNCATEGORIZED,2.1569896,6.775033
гонец,2,87.13133973500001,UNCATEGORIZED,2.891718,8.920488
пистоль,1,82.53473772,UNCATEGORIZED,1.7773318,4.9741893
штоф,1,93.0387837,UNCATEGORIZED,2.8881197,4.0965204
трагик,1,93.44209458,UNCATEGORIZED,3.2618237,9.815365
аут,1,84.24602822,UNCATEGORIZED,4.608859,7.8815875
айва,2,89.15769403499999,UNCATEGORIZED,1.9040185,1.6010097
супница,1,90.05801064,UNCATEGORIZED,3.2455714,4.387287
пайт,1,88.22104867,UNCATEGORIZED,0.7061038,6.9163704
офшор,1,76.64963162,UNCATEGORIZED,7.6126685,4.4459405
пеленгатор,11,92.28575654363637,UNCATEGORIZED,2.542255,5.8171735
трельяж,1,95.10131787,UNCATEGORIZED,2.973372,4.604417
ревматизм,9,93.3793561688889,UNCATEGORIZED,8.019046,2.6989696
хвастовство,4,89.528560655,UNCATEGORIZED,8.780563,5.505103
устав,1,93.84330769,UNCATEGORIZED,7.189922,7.194544
дороговизна,1,97.80354998,UNCATEGORIZED,8.886849,5.3246555
алка,2,83.85539327000001,UNCATEGORIZED,1.515613,7.7913523
гриза,1,84.70090758,UNCATEGORIZED,0.85994726,6.4107633
коттедж,2,74.9924896,UNCATEGORIZED,4.080861,6.757641
надзор,1,84.18794607,UNCATEGORIZED,7.1379123,7.258691
ускоритель,2,87.218767145,UNCATEGORIZED,2.9201703,5.7318444
целлюлит,5,92.410197724,UNCATEGORIZED,8.0454645,2.7006907
автоматика,1,86.84411209,UNCATEGORIZED,3.244046,5.7401247
беготня,1,86.84411209,UNCATEGORIZED,6.8042088,6.150875
карамба,1,87.60483737,UNCATEGORIZED,1.2371129,7.1007915
айран,1,93.64179559,UNCATEGORIZED,3.1138234,1.5792819
рекрут,4,89.7558690925,UNCATEGORIZED,2.4671981,9.304616
слониха,1,79.70474171,UNCATEGORIZED,-0.015062284,8.432133
конура,3,79.60365378666667,UNCATEGORIZED,4.150482,6.3690047
раскат,2,91.861221625,UNCATEGORIZED,5.4918284,5.6309247
биб,3,87.06024874333332,UNCATEGORIZED,0.64169174,6.8878794
гиг,1,82.30544764,UNCATEGORIZED,1.1194218,7.7050085
джазмен,1,76.83957389,UNCATEGORIZED,2.7792118,9.888471
нейрохирургия,2,85.20976028,UNCATEGORIZED,6.8220716,2.7772737
липкость,1,90.53558371,UNCATEGORIZED,9.25016,4.1044183
бон,1,87.22162587,UNCATEGORIZED,0.12246876,6.1553154
русификация,2,93.88351503999999,UNCATEGORIZED,7.412448,4.672051
перепутье,1,89.6044797,UNCATEGORIZED,4.4968815,6.6113343
баллер,3,99.32928979,UNCATEGORIZED,1.1007298,6.7434254
бармаглот,1,88.20096879,UNCATEGORIZED,1.3869746,7.409547
сооб,1,98.16337824,UNCATEGORIZED,6.4306946,3.3890762
казнь,3,85.06630958666666,UNCATEGORIZED,7.7818093,7.0716968
мудозвон,2,79.45808922,UNCATEGORIZED,1.0192326,9.065121
пустозвон,1,66.273936,UNCATEGORIZED,1.0616586,9.718483
ебло,4,66.9721258325,UNCATEGORIZED,6.607395,3.3732636
роба,11,97.15680189636365,UNCATEGORIZED,1.3939396,3.7060332
воспрепятствование,1,99.38780368,UNCATEGORIZED,6.9882483,4.0885816
драккар,1,84.07938109,UNCATEGORIZED,2.9718907,6.9096556
бигель,50,100.07518097320002,OBJECT_HOME,1.0660255,6.7754154
мадам,1,94.69105607,UNCATEGORIZED,2.5327902,8.230145
фрегат,1,94.69105607,UNCATEGORIZED,3.035278,7.062481
нагота,1,95.17863209,UNCATEGORIZED,9.656806,5.2485256
боливар,4,99.2923010225,UNCATEGORIZED,0.75635767,7.0623965
кашка,2,88.276614495,UNCATEGORIZED,2.5498922,1.9557327
алгол,1,93.48575689,UNCATEGORIZED,1.4793096,6.7272253
многоэтажка,3,86.78014499666666,UNCATEGORIZED,4.3264284,6.3935413
пустынь,3,91.36384316,UNCATEGORIZED,4.670045,6.1438146
мулен,1,100.0838707,UNCATEGORIZED,0.83523786,6.3522396
хуйня,4,75.714239285,UNCATEGORIZED,6.633475,5.6446476
сравнение,1,100.3356348,UNCATEGORIZED,8.200092,7.006722
собачонка,1,51.07120667,UNCATEGORIZED,-0.1930271,8.784461
виноградарь,1,93.0777825,UNCATEGORIZED,2.379886,9.743696
бузотер,1,92.7248348,UNCATEGORIZED,1.1856594,9.147064
кистень,4,91.0078982425,UNCATEGORIZED,1.9088902,4.765335
солонина,1,99.54873319,UNCATEGORIZED,2.8429973,2.0277605
экстраверт,2,92.96715277000001,UNCATEGORIZED,1.317877,10.007165
газетчик,1,95.09198252,UNCATEGORIZED,3.105987,10.016208
деваха,3,52.82252423333333,UNCATEGORIZED,1.9470116,7.8751516
девица,3,65.40998760666668,UNCATEGORIZED,2.147035,8.132231
тетка,2,52.924344895000004,UNCATEGORIZED,2.3127904,8.103892
запорожец,1,88.66342355,UNCATEGORIZED,3.36321,7.6445355
девка,3,54.02084318000001,UNCATEGORIZED,2.1407259,8.237856
девчонка,3,54.02084318000001,UNCATEGORIZED,2.0959275,8.156779
девчушка,3,54.02084318000001,UNCATEGORIZED,2.046243,8.131674
девчата,1,56.78949124,UNCATEGORIZED,4.3209763,8.109791
кисонька,2,68.28450632,UNCATEGORIZED,1.0755475,8.084571
композит,3,92.58169420666667,UNCATEGORIZED,6.124389,3.3986602
котяр,1,60.63595642,UNCATEGORIZED,0.16453049,8.566334
кошара,1,60.63595642,UNCATEGORIZED,2.3574517,6.9546022
котофей,2,61.225063625000004,UNCATEGORIZED,1.1686258,7.412402
водица,2,61.325148875,UNCATEGORIZED,3.5706077,2.3145266
водичка,2,61.325148875,UNCATEGORIZED,3.6010354,2.3197184
речушка,1,60.11245653,UNCATEGORIZED,4.529035,5.628692
глама,1,99.17077754,UNCATEGORIZED,1.2770994,6.6390133
тюряга,1,92.19270715,UNCATEGORIZED,4.035099,6.0018263
арифмометр,1,100.4335003,UNCATEGORIZED,2.5020132,5.810712
здравоохранение,1,91.26024966,UNCATEGORIZED,6.986252,4.6875005
выдержка,5,89.24229389799999,UNCATEGORIZED,9.911787,5.4311666
рыбина,2,58.51173243,UNCATEGORIZED,0.3615608,5.260284
рыбешка,2,58.51173243,UNCATEGORIZED,0.3976089,5.228816
рыбонька,1,61.22148766,UNCATEGORIZED,1.4760871,7.8812227
рыбец,1,61.22148766,UNCATEGORIZED,0.24053124,5.12922
уборщик,2,99.70108326,UNCATEGORIZED,2.7485998,9.305112
рыболов,1,55.8019772,UNCATEGORIZED,0.7739127,5.0796995
солитер,6,86.63386947,UNCATEGORIZED,4.3205047,8.198866
стахановец,4,86.74063824,UNCATEGORIZED,2.5354195,9.74124
микрофлора,1,86.43150022,UNCATEGORIZED,7.5823956,3.02822
алкалоид,1,86.43150022,UNCATEGORIZED,4.759669,1.8719599
люрексом,2,85.44427167,UNCATEGORIZED,2.375528,3.3976307
сглаз,2,88.83517743499999,UNCATEGORIZED,7.9589143,5.559767
имажинизм,2,78.51720489,UNCATEGORIZED,7.9966245,4.3232794
юноша,1,73.87759623,UNCATEGORIZED,2.0129488,8.868499
анкетирование,1,92.55933344,UNCATEGORIZED,7.2465777,7.2578773
карцер,4,90.8683365225,UNCATEGORIZED,4.294156,6.74848
пессимист,3,88.81067562999999,UNCATEGORIZED,1.6213608,10.2141
холерик,2,89.91480436,UNCATEGORIZED,1.3118781,10.005539
пятнистость,1,95.2731515,UNCATEGORIZED,7.5188713,2.7391982
прибавка,1,95.2731515,UNCATEGORIZED,7.0194798,7.4231668
импозантность,3,90.66867309666667,UNCATEGORIZED,9.50583,4.2303724
кроссовка,1,87.09831316,UNCATEGORIZED,3.002106,3.724418
прятки,1,88.76618775,UNCATEGORIZED,4.2706056,8.35093
виток,2,90.83602017999999,UNCATEGORIZED,5.4773297,6.106261
проказник,1,87.18894441,UNCATEGORIZED,1.1612551,9.834239
четвертушка,1,89.75155596,UNCATEGORIZED,3.9303744,4.315014
клятва,3,91.139588,UNCATEGORIZED,7.6192713,7.3297343
починка,2,90.791921555,UNCATEGORIZED,6.789093,4.967335
яичник,2,85.93185693500001,UNCATEGORIZED,5.424581,3.1366289
конфуцианство,14,98.36206108357143,UNCATEGORIZED,7.832084,4.972794
ключник,1,85.86166549,UNCATEGORIZED,1.9225862,9.298895
доброхот,1,79.60719213,UNCATEGORIZED,1.1197463,9.3473625
синантроп,1,79.60719213,UNCATEGORIZED,0.651447,8.761647
тестикула,4,93.230483585,UNCATEGORIZED,5.0054345,3.3021865
россыпь,1,96.04244591,UNCATEGORIZED,4.2832217,5.058631
стронций,5,88.45591512600001,UNCATEGORIZED,4.9353166,2.3382351
сальник,3,86.38034609666666,UNCATEGORIZED,5.3371296,3.0709822
анахата,1,82.01910454,UNCATEGORIZED,6.000601,4.400873
сверление,1,82.01910454,UNCATEGORIZED,6.7161894,4.0660543
прейскурант,1,82.01910454,UNCATEGORIZED,6.2161703,7.4257135
маета,1,87.49618578,UNCATEGORIZED,6.4944887,5.6235723
облатка,1,87.49618578,UNCATEGORIZED,3.6183813,4.2561016
ойкумена,2,85.97684747,UNCATEGORIZED,6.5177684,4.3162513
аперитив,4,86.61664587,UNCATEGORIZED,3.5481994,1.5705664
следопыт,2,93.85663572499999,UNCATEGORIZED,1.8115534,9.357349
настойка,4,89.47110015,UNCATEGORIZED,4.0536876,1.9798568
пилотирование,1,87.91335705,UNCATEGORIZED,6.7570863,4.955905
тритий,1,98.57320257,UNCATEGORIZED,4.910356,2.2822409
лимерик,1,77.69588044,UNCATEGORIZED,1.7881377,6.5025587
времяпровождение,3,82.58208063666666,UNCATEGORIZED,8.511522,5.840503
рифмоплет,1,90.59699142,UNCATEGORIZED,1.1000979,9.163837
сигил,2,85.471185055,UNCATEGORIZED,2.44645,6.5303416
милашка,2,93.020694765,UNCATEGORIZED,1.5126842,8.130711
хозблок,5,95.674255688,UNCATEGORIZED,3.6478522,6.646089
смайл,2,88.72424405000001,UNCATEGORIZED,0.512637,6.8324685
хмарь,1,94.47198461,UNCATEGORIZED,5.2437825,4.4220715
поясок,1,96.65875164,UNCATEGORIZED,1.9834746,3.7822042
оснащение,1,93.32023169,UNCATEGORIZED,7.8332324,6.526755
хит,3,93.90519399666668,UNCATEGORIZED,5.3452873,7.4195504
первобытность,1,89.34272914,UNCATEGORIZED,8.908106,4.1806054
колкость,1,88.62482412,UNCATEGORIZED,9.487786,5.303388
регламент,3,89.76235928,UNCATEGORIZED,7.0816846,7.1079254
ортодоксия,1,93.17145813,UNCATEGORIZED,7.277707,4.4841185
волчица,1,86.8668381,UNCATEGORIZED,-0.06842896,8.558995
чика,1,86.8668381,UNCATEGORIZED,0.3131974,6.509352
самосуд,2,90.30569921,UNCATEGORIZED,8.223878,6.2387376
кроп,1,88.4797734,UNCATEGORIZED,0.86018604,6.949399
мелочевка,1,88.4797734,UNCATEGORIZED,5.5955353,8.427551
фактория,1,88.4797734,UNCATEGORIZED,4.56124,6.7807903
селеста,1,96.25714276,UNCATEGORIZED,0.025069846,6.603022
педик,1,91.49581564,UNCATEGORIZED,0.9408503,9.550371
тимьян,1,83.70056678,UNCATEGORIZED,1.8986933,1.5981133
эксклюзивность,1,83.70056678,UNCATEGORIZED,9.071678,4.4287605
боярство,1,91.27042123,UNCATEGORIZED,5.667817,8.162551
исступление,1,96.42367622,UNCATEGORIZED,9.55352,6.2070074
ницшеанство,1,97.70413719,UNCATEGORIZED,8.144141,4.4918504
лезгин,2,97.59607958000001,UNCATEGORIZED,1.6122881,8.810694
сейсмология,3,81.59536522666667,UNCATEGORIZED,6.796803,2.8761215
аритмия,2,93.85969555,UNCATEGORIZED,7.8597174,2.9848514
подразделение,1,93.8546179,UNCATEGORIZED,5.0809374,8.382139
старатель,1,93.8546179,UNCATEGORIZED,2.1387053,9.559873
батальон,2,90.278403905,UNCATEGORIZED,4.882631,8.434437
блядство,1,89.1236202,UNCATEGORIZED,8.5590515,5.4826803
кило,1,87.66766145,UNCATEGORIZED,4.415055,4.2454076
кам,1,87.66766145,UNCATEGORIZED,-0.08739606,6.0762672
уклад,3,93.74086241999998,UNCATEGORIZED,7.5487833,5.5713043
ном,1,95.31308216,UNCATEGORIZED,0.0038758954,6.201701
онуча,2,85.847118115,UNCATEGORIZED,2.223569,5.176161
проходчик,1,95.19395075,UNCATEGORIZED,1.4225777,7.3499503
турбаза,1,95.19395075,UNCATEGORIZED,4.2266273,6.4795237
разбиение,1,89.84644136,UNCATEGORIZED,8.044271,6.0057864
лягушатник,4,85.45737667,UNCATEGORIZED,1.0555435,9.589844
вариабельность,5,85.24311371799999,UNCATEGORIZED,9.010458,4.227263
церемон,1,82.70196604,UNCATEGORIZED,-0.1121967,5.84443
тетушка,2,97.02995817,UNCATEGORIZED,2.2905924,8.106368
промысел,3,86.63527903333333,UNCATEGORIZED,0.7819306,5.0253577
филигрань,2,90.317725215,UNCATEGORIZED,5.6186466,4.2215858
дубляж,1,82.77489756,UNCATEGORIZED,5.6274195,4.1540685
шестигранник,1,82.77489756,UNCATEGORIZED,5.239068,4.5243073
компетентность,1,92.91367014,UNCATEGORIZED,9.403636,5.1183553
баловство,2,92.28029699999999,UNCATEGORIZED,8.589911,5.64023
конспирология,3,87.65077721,UNCATEGORIZED,6.998109,4.395029
флот,5,80.5885226,UNCATEGORIZED,4.6528306,8.299673
фланг,1,90.80360406,UNCATEGORIZED,4.9450703,8.393683
церера,1,85.76240357,UNCATEGORIZED,1.5133324,7.8130717
новоселье,1,86.95575228,UNCATEGORIZED,7.242669,7.830154
партеногенез,3,89.30141185000001,UNCATEGORIZED,7.195731,3.8226361
скреп,1,79.49550336,UNCATEGORIZED,5.1332893,3.6730444
прослойка,1,79.49550336,UNCATEGORIZED,5.5261927,8.090002
подготовка,1,77.88240522,UNCATEGORIZED,7.44209,6.2677374
руководитель,2,96.178192865,UNCATEGORIZED,3.413008,9.395365
повелитель,1,96.09205744,UNCATEGORIZED,2.278619,9.085706
криптограф,1,97.52035179,UNCATEGORIZED,6.320543,3.1331265
соблазн,1,92.802817,UNCATEGORIZED,9.193913,6.435853
моно,1,84.87907634,UNCATEGORIZED,0.4723797,6.4305425
классицизм,1,84.87907634,UNCATEGORIZED,7.9855165,4.329996
растрепа,1,91.56456267,UNCATEGORIZED,0.84523714,9.524628
пансионат,1,94.90025635,UNCATEGORIZED,4.4506745,7.0931354
экскурс,1,94.90025635,UNCATEGORIZED,6.4290004,6.944847
пункция,1,73.67353122,UNCATEGORIZED,6.7263174,3.7278051
богадельня,1,73.67353122,UNCATEGORIZED,4.653031,7.0932984
мавр,1,73.67353122,UNCATEGORIZED,1.6575981,9.05735
континуум,2,80.49628982499999,UNCATEGORIZED,7.6067734,4.890661
купец,2,87.21040877,UNCATEGORIZED,2.6900475,9.27493
сегун,1,81.34275082,UNCATEGORIZED,1.3506838,7.4923263
электрокардиограмма,2,84.63284437,UNCATEGORIZED,7.204298,3.360651
марь,1,94.03707672,UNCATEGORIZED,1.8310833,7.6577425
гладкость,2,95.11393219,UNCATEGORIZED,9.392269,4.166065
рейтинг,2,96.26027621,UNCATEGORIZED,7.703639,6.619826
надрез,1,86.56405528,UNCATEGORIZED,4.69091,4.148642
гиперборей,1,86.56405528,UNCATEGORIZED,1.196692,7.487312
мечь,1,89.32694425,UNCATEGORIZED,2.0014863,3.9945056
призер,2,91.274671915,UNCATEGORIZED,3.2252975,8.921924
оруженосец,2,84.376871975,UNCATEGORIZED,2.606967,8.783338
ост,1,93.98739328,UNCATEGORIZED,0.35498852,6.133136
панчо,1,93.09166582,UNCATEGORIZED,0.7036474,6.6699586
витилиго,5,90.04772474399998,UNCATEGORIZED,7.7899776,2.5320098
шпионаж,1,95.63689377,UNCATEGORIZED,8.262412,5.8184423
деструкция,3,94.8672002,UNCATEGORIZED,7.4883966,4.3624
питч,1,96.58662834,UNCATEGORIZED,0.9504479,6.94317
славянин,1,94.75065619,UNCATEGORIZED,1.6446822,9.095386
телеканал,1,89.3426916,UNCATEGORIZED,5.052095,7.030757
металлообработка,1,90.63170008,UNCATEGORIZED,6.4481916,4.7090797
снайперка,1,95.40799572,UNCATEGORIZED,2.5240831,4.517729
гиперссылка,3,89.94773772333333,UNCATEGORIZED,6.365742,4.983076
дп,2,82.94806136,UNCATEGORIZED,1.9341066,5.267227
цук,1,86.79781423,UNCATEGORIZED,5.2997518,6.24807
тренога,1,81.99034829,UNCATEGORIZED,3.1212676,4.582992
терморегулятор,1,81.99034829,UNCATEGORIZED,2.5907152,5.5115666
патрициат,1,88.83845826,UNCATEGORIZED,6.4016232,3.1086962
объезд,3,92.23191959,UNCATEGORIZED,5.3767004,6.804127
реалия,1,76.77946162,UNCATEGORIZED,7.1673045,4.9197874
биндер,2,82.43311113,UNCATEGORIZED,0.91186243,7.1309376
аванпост,2,84.16862971,UNCATEGORIZED,4.1783195,6.927958
гик,2,93.0358117,UNCATEGORIZED,2.82119,6.2051134
конфедерация,2,86.600022275,UNCATEGORIZED,5.575373,7.871029
примитивность,2,89.20182757,UNCATEGORIZED,9.348672,4.4802775
спати,2,87.965454005,UNCATEGORIZED,-0.23612018,5.876269
лукавый,1,88.5663941,UNCATEGORIZED,1.5793021,9.371705
леса,2,87.96295552000001,UNCATEGORIZED,4.5713525,5.4919696
крушина,2,92.277386035,UNCATEGORIZED,1.8440173,1.7992693
оборванец,2,88.257654195,UNCATEGORIZED,1.4897555,9.577695
фарисейство,1,84.85266564,UNCATEGORIZED,8.537785,5.28593
лец,1,88.85962838,UNCATEGORIZED,0.23250611,6.199995
фонк,2,93.00272565,UNCATEGORIZED,1.1307006,7.042074
кабина,2,87.99311019000001,UNCATEGORIZED,3.367716,6.3161554
школяр,1,99.68895063,UNCATEGORIZED,2.5303369,9.55023
попадание,1,99.68895063,UNCATEGORIZED,2.27821,5.520619
самобичевание,1,86.04533484,UNCATEGORIZED,8.606163,5.3632483
гадливость,1,86.04533484,UNCATEGORIZED,9.755471,5.9816666
вдумчивость,1,86.2310187,UNCATEGORIZED,9.846272,5.005043
яой,1,81.68804801,UNCATEGORIZED,0.747665,6.5465145
отсутствие,2,89.00277429,UNCATEGORIZED,8.305517,6.986236
рушник,1,91.90911848,UNCATEGORIZED,1.6438007,3.591626
кэш,1,91.2358861,UNCATEGORIZED,0.16979092,6.917756
дрой,1,91.2358861,UNCATEGORIZED,1.0228065,6.844724
скудность,1,93.02449943,UNCATEGORIZED,9.383786,4.312206
гуппи,1,93.02449943,UNCATEGORIZED,0.63994646,7.3903675
вытачка,2,92.27367354,UNCATEGORIZED,5.523844,3.9870198
телка,5,62.831525478,UNCATEGORIZED,1.8447028,7.981324
мелодрама,1,85.4933509,UNCATEGORIZED,6.01351,6.712567
табуреточка,1,58.71942274,UNCATEGORIZED,3.4491532,5.7140093
гастарбайтер,2,83.00942011500001,UNCATEGORIZED,1.4742697,8.872451
заземление,2,87.63427009,UNCATEGORIZED,6.1219697,4.2421384
буренка,3,62.62631840666668,UNCATEGORIZED,0.33777922,7.9476647
телятина,2,62.39032736,UNCATEGORIZED,2.820828,2.0396059
инквизитор,1,92.33029431,UNCATEGORIZED,2.3438725,9.331317
корсак,1,87.57021512,UNCATEGORIZED,0.6511416,7.1579304
прыганье,1,91.44383124,UNCATEGORIZED,7.0587373,4.40101
лан,1,80.65615046,UNCATEGORIZED,0.14387624,6.4730005
ный,1,80.65615046,UNCATEGORIZED,0.009935941,6.139248
авантюра,5,85.03217361400002,UNCATEGORIZED,7.1722546,6.1718736
попочка,2,72.085594045,UNCATEGORIZED,3.6473384,4.1611047
попс,1,78.89000682,UNCATEGORIZED,1.3982809,6.9847226
сбербанк,2,95.15420316999999,UNCATEGORIZED,5.0080314,7.748427
глория,1,83.34890453,UNCATEGORIZED,-0.07887938,6.664263
изменяемость,1,91.56369469,UNCATEGORIZED,8.980223,4.1746078
видеокамера,1,84.47034902,UNCATEGORIZED,3.1745827,5.4585032
сотворчество,1,90.7382201,UNCATEGORIZED,8.269655,5.466254
лежебок,2,86.225713935,UNCATEGORIZED,0.8718082,9.780952
меценатство,1,86.30779857,UNCATEGORIZED,8.257776,5.155034
певица,1,88.49789925,UNCATEGORIZED,2.3234384,7.8060565
страшила,1,88.49789925,UNCATEGORIZED,1.3680861,8.859221
атташе,2,95.98172457000001,UNCATEGORIZED,3.4339156,9.258526
гаврик,1,94.79071276,UNCATEGORIZED,0.8939205,7.695641
нацист,2,86.975517715,UNCATEGORIZED,1.9156867,9.936466
кащей,1,81.31160534,UNCATEGORIZED,1.4773442,8.760509
терра,1,92.52492629,UNCATEGORIZED,5.8436193,7.490866
излом,1,92.52492629,UNCATEGORIZED,4.742996,4.4364896
иммунитет,13,90.54986842692308,UNCATEGORIZED,8.223769,4.031198
марокканец,1,84.93723363,UNCATEGORIZED,1.465304,8.513728
этикет,5,89.82057990199999,UNCATEGORIZED,7.4573426,7.162328
эхолот,1,81.19762177,UNCATEGORIZED,2.5516963,5.858803
кандид,1,81.19762177,UNCATEGORIZED,0.80809784,7.6996675
хобо,3,94.50451627,UNCATEGORIZED,2.0447905,6.703759
букмекер,1,97.0947853,UNCATEGORIZED,2.3384264,9.684364
новинка,1,86.53719833,UNCATEGORIZED,7.015611,6.4192967
импетиго,1,91.16883816,UNCATEGORIZED,7.5394773,2.5195851
диаспора,1,91.16883816,UNCATEGORIZED,7.492217,5.414653
гуголь,1,91.83582507,UNCATEGORIZED,1.1953325,7.279691
краснуха,1,90.75825034,UNCATEGORIZED,7.8251815,2.3815863
псалтырь,2,93.85812595,UNCATEGORIZED,6.061583,7.0467186
швартов,1,91.15523664,UNCATEGORIZED,2.5283458,6.042278
микс,3,92.85279923,UNCATEGORIZED,0.3136253,7.051485
альманах,1,92.69569355,UNCATEGORIZED,6.055494,7.4393015
харм,32,97.77038403374999,UNCATEGORIZED,0.6238805,6.805841
энтелехия,1,94.95839885,UNCATEGORIZED,7.9059076,4.7596645
тычок,2,91.68189789499999,UNCATEGORIZED,5.15762,5.9699025
зияние,1,94.95839885,UNCATEGORIZED,7.5531797,2.835146
наждачка,3,91.21239185,UNCATEGORIZED,2.0841775,6.2233377
краса,2,92.89807415,UNCATEGORIZED,9.108593,5.5522733
помеха,1,89.72529232,UNCATEGORIZED,7.45134,6.088395
северсталь,1,91.14823697,UNCATEGORIZED,4.936436,2.9991868
итальянец,2,87.56699314,UNCATEGORIZED,1.7882806,9.091122
пипь,6,90.35525197666668,UNCATEGORIZED,1.050581,6.402865
хлой,1,86.40176873,UNCATEGORIZED,0.34036574,6.462977
жуж,1,86.40176873,UNCATEGORIZED,0.5767448,7.30278
эвой,1,86.40176873,UNCATEGORIZED,0.7871068,6.715478
хайра,1,75.15233031,UNCATEGORIZED,1.2777818,7.1427016
хар,1,75.15233031,UNCATEGORIZED,0.24414383,6.5629334
хиль,1,75.15233031,UNCATEGORIZED,0.6350579,6.847968
госдума,3,85.13443380666666,UNCATEGORIZED,5.8814,8.003673
холка,2,86.43260823,UNCATEGORIZED,4.153887,3.65721
очевидец,2,97.80056898999999,UNCATEGORIZED,3.2683089,9.764054
избыток,1,85.35535178,UNCATEGORIZED,7.7093906,6.1152844
мочегонное,1,79.25904763,UNCATEGORIZED,4.35022,1.8340057
приемник,3,86.76490767,UNCATEGORIZED,3.1212397,5.994508
надфиль,2,100.594659745,UNCATEGORIZED,3.9109962,2.6957862
сатие,1,84.53286676,UNCATEGORIZED,0.6139198,6.3555155
божба,1,84.53286676,UNCATEGORIZED,6.6378956,5.603815
разиня,1,84.53286676,UNCATEGORIZED,0.74318177,9.822382
ботик,1,84.53286676,UNCATEGORIZED,3.0733674,6.9235168
феска,1,82.85481213,UNCATEGORIZED,1.8070055,3.4441648
мямля,1,82.85481213,UNCATEGORIZED,0.79277396,9.695946
интерн,1,91.48195787,UNCATEGORIZED,2.8963132,9.749975
булла,2,88.26193391000001,UNCATEGORIZED,6.434231,7.2105074
вис,1,101.6314048,UNCATEGORIZED,0.5775243,6.6797037
чистилище,3,88.87465379333334,UNCATEGORIZED,4.6466136,6.2415133
мумификация,2,89.08780164500001,UNCATEGORIZED,7.19594,4.0711303
отечество,1,95.37659763,UNCATEGORIZED,5.610141,7.6352077
коготок,1,90.37602878,UNCATEGORIZED,2.082799,4.669412
живность,2,89.88370976,UNCATEGORIZED,1.0468996,8.736215
мобильник,1,90.16014001,UNCATEGORIZED,2.9612234,6.214979
сожжение,1,94.64722028,UNCATEGORIZED,7.6786947,7.044762
участливость,1,94.64722028,UNCATEGORIZED,9.674982,5.1663566
геофизик,1,94.64722028,UNCATEGORIZED,2.8830714,10.373314
микроэлемент,1,89.08102616,UNCATEGORIZED,4.9717584,2.281932
пререкание,1,84.96837738,UNCATEGORIZED,8.478924,5.2502537
квасцы,1,81.03297133,UNCATEGORIZED,4.6962204,2.111163
кориолан,1,81.03297133,UNCATEGORIZED,2.212236,8.944023
изголовье,1,91.2323035,UNCATEGORIZED,2.5596375,4.2841015
коренья,1,94.51775312,UNCATEGORIZED,2.4924743,1.4167558
загогулина,2,85.82573346500001,UNCATEGORIZED,6.5599914,5.627593
косуха,1,91.25676921,UNCATEGORIZED,1.8357295,3.4178894
карлсон,1,89.99860711,UNCATEGORIZED,0.6575612,8.119681
подполье,1,93.50189218,UNCATEGORIZED,4.8419523,6.8682504
одногруппник,1,94.5163986,UNCATEGORIZED,2.0904982,8.542245
нагайка,2,96.91636627,UNCATEGORIZED,2.1701431,4.380297
семинария,1,88.19127068,UNCATEGORIZED,4.9102416,7.2071204
отдушина,1,91.5666083,UNCATEGORIZED,6.252961,5.6476884
антивирус,1,94.21020692,UNCATEGORIZED,3.0546963,6.432208
замужество,1,95.90177316,UNCATEGORIZED,7.572018,7.2315145
мошна,2,76.18425752,UNCATEGORIZED,2.984304,3.8779483
антанта,1,83.00654754,UNCATEGORIZED,5.7639174,7.576848
двустволка,1,85.41425021,UNCATEGORIZED,1.9990611,4.6370025
невоз,1,89.67629697,UNCATEGORIZED,6.54523,3.5166595
кричалка,1,84.69074164,UNCATEGORIZED,4.5782704,3.0993068
ноут,2,85.00875779,UNCATEGORIZED,2.946959,5.9772305
инаковость,2,91.423572435,UNCATEGORIZED,8.920109,4.639779
дымоход,2,93.533960205,UNCATEGORIZED,3.2137668,5.1427336
духовенство,2,96.57567258,UNCATEGORIZED,5.6900635,8.205707
лирик,1,81.37679058,UNCATEGORIZED,2.6689198,10.032832
барабанщица,1,81.37679058,UNCATEGORIZED,0.9867839,6.5809326
перекладина,1,93.23365117,UNCATEGORIZED,3.4923158,4.755388
каллиграф,1,88.19155833,UNCATEGORIZED,2.8674412,10.036065
недолет,1,81.98950077,UNCATEGORIZED,5.56445,6.4394646
тигрица,1,83.61458624,UNCATEGORIZED,-0.09043355,8.561785
дерзновение,1,85.17397947,UNCATEGORIZED,9.131767,6.1276174
дружина,1,93.39649008,UNCATEGORIZED,5.2463117,8.442126
прокол,6,91.15568546499999,UNCATEGORIZED,7.2156653,6.2868934
махина,1,90.90167898,UNCATEGORIZED,3.6943047,5.046248
бессердечность,1,95.44377649,UNCATEGORIZED,9.494235,4.8768554
грызня,2,95.48929746,UNCATEGORIZED,6.941543,5.8600545
врачевание,2,89.113360585,UNCATEGORIZED,8.461535,6.052139
подлиза,2,90.264406815,UNCATEGORIZED,1.0335407,9.57258
одноклассник,2,87.150736715,UNCATEGORIZED,2.260563,8.677139
швара,1,91.29762796,UNCATEGORIZED,1.2111807,7.0369134
стретч,1,90.27151515,UNCATEGORIZED,1.2546982,7.048925
силос,3,87.68810118666666,UNCATEGORIZED,3.155829,2.4595
криптомерия,1,93.99909295,UNCATEGORIZED,2.3827698,2.0922382
туника,1,89.45885773,UNCATEGORIZED,1.7682731,3.3882408
балдахин,2,83.78255106,UNCATEGORIZED,2.488604,4.0823755
донжон,1,81.37802821,UNCATEGORIZED,4.476726,6.544955
орудие,4,81.14645207999999,UNCATEGORIZED,2.043017,5.216719
окаменелость,3,88.21270587666667,UNCATEGORIZED,7.1168,5.317393
крека,1,96.34551419,UNCATEGORIZED,1.0368897,7.2105646
администратор,3,92.64550734,UNCATEGORIZED,3.2793171,9.335991
барбекю,2,94.3534434,UNCATEGORIZED,3.0866175,1.8495533
закуп,1,80.74353047,UNCATEGORIZED,1.3403305,9.000778
матерьял,1,80.74353047,UNCATEGORIZED,4.4061027,3.0650442
барьер,1,92.75533791,UNCATEGORIZED,4.5667443,5.5225096
палаш,1,86.18707391,UNCATEGORIZED,1.8054967,4.7429852
доминирование,1,86.18707391,UNCATEGORIZED,8.590775,6.3954177
похабщина,1,92.05027474,UNCATEGORIZED,6.4364557,5.592465
междоусобица,1,86.24204969,UNCATEGORIZED,7.070722,6.106454
этногенез,1,94.96724242,UNCATEGORIZED,6.8538494,4.5137157
креолка,1,81.02343215,UNCATEGORIZED,2.0937457,7.551864
культивация,1,81.02343215,UNCATEGORIZED,6.9934645,4.0817404
поклонник,1,96.83102965,UNCATEGORIZED,2.0049424,10.191296
кинокамера,1,96.83102965,UNCATEGORIZED,3.2392552,5.3615484
сухарик,3,90.75557635333332,UNCATEGORIZED,2.9915218,2.34936
иерихон,2,82.75746697,UNCATEGORIZED,4.60436,6.685192
тапиока,1,87.18582324,UNCATEGORIZED,1.3547935,6.432846
гомосексуалист,1,92.74114737,UNCATEGORIZED,1.0951847,9.666518
иерархия,2,93.71214585,UNCATEGORIZED,7.3774757,5.4047384
очиститель,3,87.04986036000001,UNCATEGORIZED,2.7518134,5.2808213
вермахт,2,86.43837286499999,UNCATEGORIZED,4.459648,8.411541
пацан,3,85.47244297333333,UNCATEGORIZED,1.8862522,8.769762
лайнер,5,87.37630503,UNCATEGORIZED,3.15886,7.0924487
сас,1,87.67332484,UNCATEGORIZED,2.8079162,9.020049
сус,1,87.67332484,UNCATEGORIZED,-0.19627358,5.92307
скарб,1,101.673613,UNCATEGORIZED,3.2952552,3.125015
прогрев,1,89.08925076,UNCATEGORIZED,7.303707,4.017803
посадка,1,89.08925076,UNCATEGORIZED,5.794328,6.3728433
подливка,1,100.7371864,UNCATEGORIZED,3.2082934,2.1465938
бодхисаттва,1,83.48697447,UNCATEGORIZED,2.2271967,9.14817
халифат,1,83.48697447,UNCATEGORIZED,5.27023,7.4277773
зоомагазин,2,87.077537885,UNCATEGORIZED,4.1125607,7.119991
расщелина,3,84.67997,UNCATEGORIZED,4.463479,5.317676
древко,2,83.984582375,UNCATEGORIZED,1.870356,4.6859956
рать,1,78.46785807,UNCATEGORIZED,5.201244,8.375787
молокозавод,1,66.25025658,UNCATEGORIZED,3.8593693,6.824251
родословная,1,80.82409332,UNCATEGORIZED,6.9925876,5.18923
стик,2,93.362575005,UNCATEGORIZED,0.5502847,7.155987
шлюшка,1,79.26024304,UNCATEGORIZED,2.0095701,7.8321834
фонограф,2,84.70967310500001,UNCATEGORIZED,3.0497353,5.9531245
серфер,1,75.73522236,UNCATEGORIZED,2.2004545,9.166004
бухта,1,95.29943729,UNCATEGORIZED,4.3699675,5.982558
толокнянка,1,95.29943729,UNCATEGORIZED,1.8384383,1.7243589
огнестрел,1,88.89965342,UNCATEGORIZED,1.8651884,4.9172873
киллер,2,90.999734825,UNCATEGORIZED,1.8853006,9.735442
маковка,2,85.368884275,UNCATEGORIZED,3.5402558,4.1005926
праз,1,84.74318192,UNCATEGORIZED,-0.4274928,5.7463837
бессмысленность,1,96.5782139,UNCATEGORIZED,9.666147,4.4857335
обет,3,79.59128629,UNCATEGORIZED,7.602642,7.416114
самочувствие,1,82.85468421,UNCATEGORIZED,9.06245,6.0386496
лок,1,78.96568429,UNCATEGORIZED,0.2518646,6.63567
ранение,2,82.56935623,UNCATEGORIZED,7.7284985,3.3326337
порша,2,93.85462504,UNCATEGORIZED,2.1603088,6.775695
радикулит,1,93.69373328,UNCATEGORIZED,8.028095,2.695965
тяжеловес,1,93.69373328,UNCATEGORIZED,2.5019846,9.171116
спортсмен,6,84.83485959166667,UNCATEGORIZED,3.1864836,9.095575
олимпиец,1,79.6334018,UNCATEGORIZED,1.435414,8.373752
шарман,1,95.24178468,UNCATEGORIZED,1.6876479,6.506204
заморозок,1,87.88237303,UNCATEGORIZED,5.4170966,4.5588837
улов,5,84.481515338,UNCATEGORIZED,0.7864656,5.052462
дайм,1,94.81215514,UNCATEGORIZED,4.1710086,4.395925
гениталии,2,91.199690075,UNCATEGORIZED,4.835366,3.4474478
пердун,1,67.22295975,UNCATEGORIZED,0.9079802,9.524144
клеймор,1,96.687833,UNCATEGORIZED,1.8560071,5.260264
тургор,1,97.47527167,UNCATEGORIZED,9.082709,3.9981704
пиздь,1,61.63919858,UNCATEGORIZED,1.679252,7.371118
кампания,3,82.27825138666667,UNCATEGORIZED,7.1685266,6.3476505
численность,1,71.97770599,UNCATEGORIZED,6.5794287,7.942152
население,2,81.71051381000001,UNCATEGORIZED,5.6800804,8.108719
литературоведение,1,76.21212437,UNCATEGORIZED,6.829806,4.772841
инь,1,90.58742099,UNCATEGORIZED,5.914681,4.9517193
ухаб,3,80.61257309666667,UNCATEGORIZED,4.148213,4.906864
товарищество,2,91.81620563499999,UNCATEGORIZED,5.795817,8.0536
крысеныш,3,73.0576473,UNCATEGORIZED,1.0499418,9.307265
крысятник,1,66.86651739,UNCATEGORIZED,4.037081,7.1184807
зиг,1,86.52448192,UNCATEGORIZED,1.619114,5.2894473
вольер,3,76.44772820333334,UNCATEGORIZED,4.0208335,6.9247227
сейф,3,87.36828545333333,UNCATEGORIZED,2.8623056,4.729313
маза,2,89.44984853,UNCATEGORIZED,1.0368026,6.4169216
аферист,3,92.84074166333333,UNCATEGORIZED,1.5939963,9.85776
журавель,1,91.49751303,UNCATEGORIZED,0.19472378,7.9941177
добродетель,3,89.85679041333333,UNCATEGORIZED,9.169439,5.714572
вермеер,1,89.92570362,UNCATEGORIZED,1.0349567,6.8219967
приказчик,1,89.79492734,UNCATEGORIZED,2.7420182,9.310352
цитрин,1,90.66323227,UNCATEGORIZED,4.275936,1.3484967
приплод,2,87.78415995,UNCATEGORIZED,3.1198487,2.7723448
пай,2,91.636663415,UNCATEGORIZED,6.4924746,7.9428997
ситроен,2,73.80426237500001,UNCATEGORIZED,3.3354309,7.6921954
неуязвимость,1,92.01594302,UNCATEGORIZED,9.251086,4.9840717
бутон,3,82.73690136,UNCATEGORIZED,2.1626785,2.371811
техникум,1,85.31040178,UNCATEGORIZED,5.0718465,7.5563965
заболевание,2,78.437466175,UNCATEGORIZED,7.800041,2.7641838
дециметр,1,80.79951745,UNCATEGORIZED,4.519951,4.359437
домосед,2,82.645698395,UNCATEGORIZED,1.3172209,10.031951
сал,1,80.34949282,UNCATEGORIZED,0.26226082,6.4763374
рептилоид,1,84.49187934,UNCATEGORIZED,1.1782992,7.6997733
самоед,1,93.28315025,UNCATEGORIZED,1.4353064,8.484309
чаепитие,2,74.97550725,UNCATEGORIZED,7.0962663,7.4794154
курильница,1,84.59894764,UNCATEGORIZED,3.1407173,4.6603184
мнимость,2,90.60590300000001,UNCATEGORIZED,8.996089,4.2033052
бастина,1,86.34983692,UNCATEGORIZED,1.087429,6.7336745
грибник,2,57.398872655,UNCATEGORIZED,1.8926985,9.514021
инфильтрат,1,94.70024532,UNCATEGORIZED,7.7548356,2.7997887
кормилец,2,88.48996424,UNCATEGORIZED,2.2090063,8.49871
вешенка,1,54.52340696,UNCATEGORIZED,2.4926558,1.6561296
гусенок,1,56.6139102,UNCATEGORIZED,0.9654835,8.076174
вертер,1,78.86649329,UNCATEGORIZED,1.145175,7.713374
въезд,1,80.67813262,UNCATEGORIZED,5.0031524,6.6366997
пуговка,1,88.06114087,UNCATEGORIZED,3.1954582,3.8944476
фруктоза,1,65.10374158,UNCATEGORIZED,5.1879845,2.0908933
пуховик,1,93.49290219,UNCATEGORIZED,1.560512,3.62329
вельможа,4,89.06140811,UNCATEGORIZED,2.5151243,9.35802
планирование,2,89.62206125,UNCATEGORIZED,7.884682,6.5320697
репортаж,1,83.34581129,UNCATEGORIZED,5.592785,7.2326293
витека,1,96.33854728,UNCATEGORIZED,0.98075956,6.5434284
мишлен,1,89.88789175,UNCATEGORIZED,2.356174,6.626664
индиана,1,89.88789175,UNCATEGORIZED,3.9790924,7.283811
старпом,1,92.48737966,UNCATEGORIZED,3.3263812,9.037934
беженец,2,91.649274365,UNCATEGORIZED,1.799149,9.863976
обход,1,93.92059775,UNCATEGORIZED,5.545925,6.8542776
легионер,1,92.09810064,UNCATEGORIZED,2.1855803,8.700569
корректировка,1,92.09810064,UNCATEGORIZED,7.1293616,5.0070157
литературовед,1,83.47370728,UNCATEGORIZED,3.029325,10.270226
подиум,8,90.4962267425,UNCATEGORIZED,4.2463646,6.3261786
шарманщик,1,101.0570192,UNCATEGORIZED,3.094458,9.129433
рифт,1,86.5829263,UNCATEGORIZED,1.1675473,7.6587462
преувеличение,1,95.80482557,UNCATEGORIZED,8.328753,5.764133
доминант,1,95.80482557,UNCATEGORIZED,0.90142363,7.7849035
ликвидация,4,94.12542959000001,UNCATEGORIZED,7.7025137,6.072379
дент,1,89.86420986,UNCATEGORIZED,0.25168416,6.7385287
завершение,2,87.671165145,UNCATEGORIZED,7.967062,7.243304
радон,2,83.289140745,UNCATEGORIZED,4.8697896,2.3342214
заслуга,1,91.43517992,UNCATEGORIZED,7.953342,6.212497
испорченность,1,97.27378708,UNCATEGORIZED,9.287903,4.9743977
контаминация,1,103.6684655,UNCATEGORIZED,6.8428454,4.7443643
фарм,1,95.28670434,UNCATEGORIZED,1.6324494,6.9285107
стекловолокно,1,94.48065713,UNCATEGORIZED,4.315964,3.1725233
экипаж,1,91.59208279,UNCATEGORIZED,3.1923156,7.1295223
сброс,2,91.960958805,UNCATEGORIZED,5.774637,6.469933
архар,1,85.58810634,UNCATEGORIZED,0.42864287,8.365363
популизм,4,85.77431468,UNCATEGORIZED,8.0809145,4.6422787
телик,1,88.15119648,UNCATEGORIZED,3.0538385,6.008968
ангидрид,3,92.40674169666666,UNCATEGORIZED,4.740342,2.1388104
логос,1,89.49165126,UNCATEGORIZED,7.9707236,4.9458036
кляча,1,88.31947005,UNCATEGORIZED,0.2854923,8.922376
аннексия,2,89.6610414,UNCATEGORIZED,7.449709,5.219255
короткометражка,1,96.88903812,UNCATEGORIZED,4.7770176,3.3259797
отбор,1,93.51161556,UNCATEGORIZED,7.38129,7.1054945
тушка,2,84.682451915,UNCATEGORIZED,2.9197006,2.1905136
старение,1,98.56737479,UNCATEGORIZED,7.6993184,4.2173247
данк,1,78.75375367,UNCATEGORIZED,0.6824978,6.80292
флик,1,79.52416694,UNCATEGORIZED,0.38734463,6.8642945
лопарь,1,79.52416694,UNCATEGORIZED,1.3339149,7.3037157
фантазм,3,85.67069894333333,UNCATEGORIZED,7.431449,4.3777304
хождение,1,72.20269093,UNCATEGORIZED,7.67228,5.9068284
заход,1,72.20269093,UNCATEGORIZED,5.5806236,6.490187
заброд,1,82.79900566,UNCATEGORIZED,0.9566722,7.2752376
лузга,2,83.32770571500001,UNCATEGORIZED,1.1040927,7.3118677
мультимедиа,1,95.66772585,UNCATEGORIZED,6.421789,4.7589445
лапта,1,95.80595043,UNCATEGORIZED,4.3597503,8.1666355
этнолог,1,92.96388554,UNCATEGORIZED,2.9370806,10.344193
энергетик,5,90.263007746,UNCATEGORIZED,2.79599,9.906253
опрос,1,88.94961122,UNCATEGORIZED,7.098614,7.221871
наколенник,2,95.20171716499999,UNCATEGORIZED,2.5458097,4.047237
ми,5,79.201692814,UNCATEGORIZED,-0.09990281,6.017371
саксон,1,94.98729949,UNCATEGORIZED,0.11610441,6.900741
физиолог,1,91.06948944,UNCATEGORIZED,2.9523335,10.301604
шкатулка,3,83.33696214999999,UNCATEGORIZED,3.1617188,4.295367
моток,2,66.685522215,UNCATEGORIZED,2.614502,3.868595
пуф,2,57.884646055000005,UNCATEGORIZED,2.791749,4.667538
телеграфист,1,85.60102186,UNCATEGORIZED,3.2082007,8.951559
дисквалификация,2,96.447959115,UNCATEGORIZED,7.777084,5.6465664
секуляризация,4,89.4751106,UNCATEGORIZED,7.436806,4.820692
онколог,1,95.46619502,UNCATEGORIZED,2.7682455,10.378359
монография,1,94.14767292,UNCATEGORIZED,6.1929,7.0320787
приятность,1,95.79005473,UNCATEGORIZED,9.753988,4.6982574
добыча,1,91.33961165,UNCATEGORIZED,6.6088557,5.349179
мэр,2,87.359725615,UNCATEGORIZED,3.3896158,9.354051
фас,1,90.35680781,UNCATEGORIZED,4.7316065,8.002428
катык,1,92.68431909,UNCATEGORIZED,3.1067424,1.5858545
зарядник,2,82.73941685,UNCATEGORIZED,2.6471436,5.5198736
джезва,1,94.99962356,UNCATEGORIZED,3.293601,2.650594
постскриптум,1,92.37992585,UNCATEGORIZED,6.347474,6.8801813
креб,1,90.95866833,UNCATEGORIZED,0.6897255,7.004109
феррум,1,90.95866833,UNCATEGORIZED,4.0846725,2.293154
мах,1,87.49135052,UNCATEGORIZED,0.6972826,7.723242
мироед,1,80.7507711,UNCATEGORIZED,1.1580898,7.8447227
патриарх,2,93.82819222,UNCATEGORIZED,2.3972743,9.501183
перспективность,1,90.7084779,UNCATEGORIZED,9.457062,4.43501
застолье,2,87.47651661,UNCATEGORIZED,7.0912194,7.576103
трактирщик,1,82.35552013,UNCATEGORIZED,2.7122557,8.989393
орлан,2,86.070777555,UNCATEGORIZED,0.91093373,7.7687345
баллада,3,80.45293953,UNCATEGORIZED,6.443338,6.4743395
лещина,1,96.87068077,UNCATEGORIZED,1.9221995,1.9185365
кондиция,1,91.3190165,UNCATEGORIZED,5.867121,4.229218
раввин,5,93.623132102,UNCATEGORIZED,2.3194644,9.355322
цех,2,88.25442346,UNCATEGORIZED,4.2360497,7.1412477
капец,1,93.47677193,UNCATEGORIZED,6.3371816,6.3795652
распаковка,1,92.06105526,UNCATEGORIZED,6.535084,3.2595043
нравоучение,1,92.50001188,UNCATEGORIZED,8.527721,5.7986684
собиратель,1,84.84148794,UNCATEGORIZED,2.4177368,10.27271
бэтмена,1,92.02189653,UNCATEGORIZED,2.563533,6.1806636
цукат,6,91.73246769999999,UNCATEGORIZED,3.1745095,2.0612738
щитовидка,1,93.24051817,UNCATEGORIZED,5.3047256,3.3647475
шатер,2,80.81442386,UNCATEGORIZED,4.2328353,6.825171
роскошество,1,92.89620999,UNCATEGORIZED,8.555348,5.052823
вздор,1,92.86835732,UNCATEGORIZED,7.519628,5.8607206
перегородка,1,89.49015479,UNCATEGORIZED,3.8314397,4.532933
целитель,2,96.031914305,UNCATEGORIZED,2.3765218,9.495354
согласование,3,88.26391509333332,UNCATEGORIZED,8.013244,6.5061607
тотемизм,1,92.37106892,UNCATEGORIZED,8.021365,4.851709
пословица,4,91.2174586575,UNCATEGORIZED,6.593961,6.329741
народничество,1,88.5259156,UNCATEGORIZED,8.202264,4.6056514
аналой,2,98.947382585,UNCATEGORIZED,3.1188471,4.801896
наместничество,1,86.06026764,UNCATEGORIZED,5.666465,8.121561
мифотворчество,1,90.30412825,UNCATEGORIZED,7.662656,4.9076486
автошкола,3,95.64822803333334,UNCATEGORIZED,6.436868,4.1013527
ароматизация,1,92.10884498,UNCATEGORIZED,4.184684,2.1450994
треньканье,1,92.10884498,UNCATEGORIZED,5.6242094,6.0107126
анимизм,1,85.2051754,UNCATEGORIZED,8.166128,4.6876335
энигма,2,88.76120914,UNCATEGORIZED,3.420714,7.5286613
линейность,1,92.44994733,UNCATEGORIZED,9.033003,4.3024783
багрянец,1,92.98796645,UNCATEGORIZED,4.5193343,2.8390126
подпитка,1,92.98796645,UNCATEGORIZED,7.09715,5.0823903
анналы,1,92.98796645,UNCATEGORIZED,6.367593,7.1319685
слайдер,1,87.97502934,UNCATEGORIZED,0.50878674,7.053263
путаница,3,91.17755017,UNCATEGORIZED,6.9209146,6.0541344
удалец,1,83.87069924,UNCATEGORIZED,1.4354793,9.623071
гадюка,3,88.24682662333333,UNCATEGORIZED,0.1661766,8.179189
эмфизема,2,85.588223435,UNCATEGORIZED,7.8241024,2.6062977
атеист,1,92.17005153,UNCATEGORIZED,1.7276536,10.1897955
азербайджанец,1,89.88367177,UNCATEGORIZED,1.6194016,8.824479
гипер,1,90.74120648,UNCATEGORIZED,2.7884314,6.587817
неразбериха,2,92.50565354,UNCATEGORIZED,6.8797846,5.9554324
садовник,3,94.17350470666668,UNCATEGORIZED,2.8842473,9.135808
служитель,1,90.41930251,UNCATEGORIZED,2.463555,9.242075
шторка,1,92.30841976,UNCATEGORIZED,3.6761444,4.5086493
автомашина,1,56.43966305,UNCATEGORIZED,3.3805032,7.718963
неравенство,2,82.04308302999999,UNCATEGORIZED,8.366586,6.109042
подсчет,1,58.33360379,UNCATEGORIZED,7.0854063,7.1378703
выпечка,2,85.86832451000001,UNCATEGORIZED,3.2034006,1.8325702
аклей,4,87.87644181,UNCATEGORIZED,1.1654676,7.133864
бородавочник,1,89.36783535,UNCATEGORIZED,1.2663323,7.6730485
преторианец,2,83.485371015,UNCATEGORIZED,1.659377,8.107075
фетва,2,93.48014101,UNCATEGORIZED,6.5403986,5.3152165
валидол,4,92.57608315249999,UNCATEGORIZED,4.649362,1.7566017
трудоголик,1,87.7632968,UNCATEGORIZED,1.3554605,10.069927
мегера,1,85.85130187,UNCATEGORIZED,1.0930939,8.449365
зубоскал,1,81.59930209,UNCATEGORIZED,1.0117472,9.332212
орошение,4,91.3319736225,UNCATEGORIZED,6.8464656,4.019078
лютеранство,1,93.03625325,UNCATEGORIZED,7.9632125,5.0531116
хибара,1,91.09153242,UNCATEGORIZED,4.1825824,6.435892
катаракта,1,95.05903031,UNCATEGORIZED,8.099923,3.061261
сангвиник,2,86.74628369,UNCATEGORIZED,1.29709,10.007277
маневр,4,90.83171056999998,UNCATEGORIZED,5.507162,6.4343753
сиама,1,91.22235265,UNCATEGORIZED,1.1358898,6.215532
благоразумие,3,94.95539535666667,UNCATEGORIZED,9.795634,5.5217443
стража,2,93.01663791,UNCATEGORIZED,5.1393175,8.297679
стечение,1,96.56384716,UNCATEGORIZED,8.515954,6.478618
предупреждение,1,92.03699326,UNCATEGORIZED,7.7553024,7.4739466
прошивка,1,88.58054504,UNCATEGORIZED,5.164853,4.320806
эксцентричность,1,84.17097982,UNCATEGORIZED,9.63236,4.52555
битум,4,88.7712192625,UNCATEGORIZED,4.263529,2.6277852
конвульсия,3,79.54406711666667,UNCATEGORIZED,5.7472706,4.9889607
основа,3,94.08112329666666,UNCATEGORIZED,7.1479836,5.768342
химик,2,85.428539375,UNCATEGORIZED,2.9444628,10.183295
цветник,1,88.60074136,UNCATEGORIZED,4.1895366,5.9989853
ростбиф,2,90.63731194,UNCATEGORIZED,3.0232174,1.9895766
дискинезия,1,83.68554991,UNCATEGORIZED,7.8954105,2.7317476
метрдотель,2,88.29263796000001,UNCATEGORIZED,3.072061,8.767333
полиграф,1,83.47589947,UNCATEGORIZED,2.5924215,5.851413
некрономикон,1,83.47589947,UNCATEGORIZED,3.0034585,4.0122848
тройня,1,87.98349706,UNCATEGORIZED,5.4749203,3.5206
бормотуха,1,87.14498385,UNCATEGORIZED,4.023505,4.035316
лордоз,2,88.180683955,UNCATEGORIZED,7.668113,3.0032187
плексиглас,1,82.33713355,UNCATEGORIZED,2.6964123,5.3856025
завоеватель,1,84.64583313,UNCATEGORIZED,1.9307463,9.395143
доминантность,1,77.93028558,UNCATEGORIZED,8.842764,4.271017
гун,1,92.35567173,UNCATEGORIZED,0.1461483,6.4338202
дележка,1,86.68576288,UNCATEGORIZED,7.2748547,5.6221294
бивак,1,91.96885528,UNCATEGORIZED,4.4949794,7.0291185
авиапром,1,87.67826063,UNCATEGORIZED,2.7989664,10.006668
простагландин,2,85.1970441,UNCATEGORIZED,6.0268927,2.4746325
триплан,1,87.67826063,UNCATEGORIZED,2.4965105,6.721762
прух,2,89.950443545,UNCATEGORIZED,6.4416485,5.6530695
сивуха,1,94.35031033,UNCATEGORIZED,3.9965186,3.9686935
старпер,2,92.87361449,UNCATEGORIZED,0.9923194,9.170069
заинтересованность,2,82.55163902000001,UNCATEGORIZED,9.76949,5.670583
секретер,1,90.33698514,UNCATEGORIZED,2.9464364,4.626006
черница,1,93.97821462,UNCATEGORIZED,2.1056159,7.4180784
карбид,3,91.45285883999999,UNCATEGORIZED,4.8880234,2.1765146
деспот,1,89.78367796,UNCATEGORIZED,1.6731901,9.420726
хинин,1,85.40410998,UNCATEGORIZED,4.6386514,1.7917136
плоскогорье,1,88.06970676,UNCATEGORIZED,4.5962834,5.650515
райком,1,88.06970676,UNCATEGORIZED,5.0570154,7.6599545
чаша,2,75.337648305,UNCATEGORIZED,3.1153579,4.1666803
бот,2,84.20703696000001,UNCATEGORIZED,3.0126529,6.911413
парфенона,1,90.74194849,UNCATEGORIZED,4.168218,5.7607503
любовница,1,88.92596098,UNCATEGORIZED,2.3441434,8.055303
чемпионат,2,93.89374706999999,UNCATEGORIZED,5.8977036,7.569417
космодесантник,1,91.86071044,UNCATEGORIZED,1.9450552,8.663692
управдом,1,89.44857478,UNCATEGORIZED,2.8648536,9.503179
треп,1,95.85985352,UNCATEGORIZED,7.8509855,5.80917
пентхаус,3,91.89228325333333,UNCATEGORIZED,3.9492188,6.79451
ревера,1,94.17859693,UNCATEGORIZED,1.2133904,6.7092953
йокай,1,83.77524439,UNCATEGORIZED,1.210086,6.843442
монополист,1,89.77850322,UNCATEGORIZED,3.4573581,9.636676
нарукавник,1,87.27179087,UNCATEGORIZED,2.43825,4.0878677
кувыркание,1,94.66966738,UNCATEGORIZED,7.822171,5.119642
рыльце,1,92.86009446,UNCATEGORIZED,3.6219902,3.743606
воевода,1,89.72244955,UNCATEGORIZED,2.460463,8.997639
рохля,1,89.72244955,UNCATEGORIZED,0.75179833,9.744583
прополка,1,89.72244955,UNCATEGORIZED,6.424003,4.1970124
историк,1,98.86098007,UNCATEGORIZED,3.042699,10.162407
проныра,1,85.8241904,UNCATEGORIZED,1.1705447,9.822902
спецназ,2,91.50768604999999,UNCATEGORIZED,4.8916616,8.430513
клатч,2,83.2047839,UNCATEGORIZED,2.3469036,4.515951
пушок,1,93.48732244,UNCATEGORIZED,4.2117553,3.5687087
этикетка,1,87.15449511,UNCATEGORIZED,3.7982798,4.4286056
щелк,1,85.80733002,UNCATEGORIZED,5.2453656,5.941355
лада,1,64.4473965,UNCATEGORIZED,1.6617423,7.817005
ниссан,1,64.4473965,UNCATEGORIZED,3.3785806,7.660864
форд,2,59.633424785,UNCATEGORIZED,3.3547394,7.65
тойота,1,64.4473965,UNCATEGORIZED,3.3818908,7.7171445
эспланада,3,84.42035506666667,UNCATEGORIZED,4.1897106,5.9875073
приспособленчество,1,85.21717503,UNCATEGORIZED,8.482468,4.96483
восхваление,1,89.18472503,UNCATEGORIZED,8.429813,5.86056
кипятильник,2,91.738598145,UNCATEGORIZED,2.9051096,4.9840007
мормон,1,94.75295834,UNCATEGORIZED,1.367708,8.500482
тарзанк,1,84.3316517,UNCATEGORIZED,3.2585883,5.7869115
автокран,1,86.0951959,UNCATEGORIZED,3.27239,7.34946
мус,1,98.27929484,UNCATEGORIZED,0.18606518,6.355931
резюме,2,92.24101887500001,UNCATEGORIZED,7.135801,7.271788
трогательность,1,86.96195851,UNCATEGORIZED,9.665209,4.552202
бухло,2,90.634128275,UNCATEGORIZED,3.561517,2.608012
бурбон,1,86.62526011,UNCATEGORIZED,3.5290136,1.6394315
ершик,5,86.28419704000001,UNCATEGORIZED,2.3129406,5.0330415
выпендрежник,1,93.41878075,UNCATEGORIZED,1.0906384,9.06354
повседневность,2,91.65221840999999,UNCATEGORIZED,9.092548,4.7207885
регистратура,2,91.26148234,UNCATEGORIZED,4.101256,6.671775
оплата,1,87.45738196,UNCATEGORIZED,6.9646964,7.3421044
электрочайник,2,92.06550777,UNCATEGORIZED,3.0573647,5.1200233
гносеология,1,100.5869763,UNCATEGORIZED,7.189431,4.7394457
ходик,1,89.9205193,UNCATEGORIZED,2.7546587,5.9187694
укротитель,1,99.89914187,UNCATEGORIZED,2.20877,9.092226
подбор,1,90.10937977,UNCATEGORIZED,7.4235706,6.985929
тюлька,2,89.465638665,UNCATEGORIZED,0.47466615,5.5694523
мохито,1,93.69334566,UNCATEGORIZED,3.5468216,1.6741416
эффектность,1,92.74514582,UNCATEGORIZED,9.601064,4.414694
падуб,2,84.85575149499999,UNCATEGORIZED,1.6825159,2.091245
тульпа,2,91.356747555,UNCATEGORIZED,6.8259153,2.9128094
инспекция,1,82.77024986,UNCATEGORIZED,5.4241652,7.8144774
эластичность,1,92.56652857,UNCATEGORIZED,9.039938,4.010502
рахит,2,83.16014984,UNCATEGORIZED,7.94824,2.7020552
попутка,1,81.87372708,UNCATEGORIZED,2.1914923,7.255695
одутловатость,1,87.18162572,UNCATEGORIZED,9.358926,4.0238886
киликий,1,83.47644437,UNCATEGORIZED,2.151161,8.992341
европеизация,1,83.47644437,UNCATEGORIZED,7.3649163,4.7338276
щепетильность,1,83.47644437,UNCATEGORIZED,9.834606,5.2614856
атторень,1,87.17333229,UNCATEGORIZED,1.3045988,7.1925726
шербет,1,87.17333229,UNCATEGORIZED,3.4800746,1.8067151
ассоциативность,2,80.567823825,UNCATEGORIZED,9.04864,4.274204
лангедок,2,80.567823825,UNCATEGORIZED,4.8246384,7.0788984
цаца,2,80.567823825,UNCATEGORIZED,0.9436855,9.346271
энциклика,1,78.48715783,UNCATEGORIZED,6.3755,7.131798
скайп,1,95.52529084,UNCATEGORIZED,2.976653,6.222369
персоналия,2,99.112434775,UNCATEGORIZED,4.439557,3.1133008
сени,1,87.84386041,UNCATEGORIZED,3.863328,6.0700984
анфилада,1,82.64848982,UNCATEGORIZED,4.1460333,6.017124
тираж,2,92.62630662500001,UNCATEGORIZED,6.213873,7.193471
хлорид,3,89.94589591333333,UNCATEGORIZED,4.7775207,2.0391147
фабержа,2,88.22444122499999,UNCATEGORIZED,2.7902,9.848437
плакальщица,1,87.60253967,UNCATEGORIZED,2.1199346,7.5144696
рагнарека,1,88.32927828,UNCATEGORIZED,6.7981396,6.7162576
вошка,1,74.86617584,UNCATEGORIZED,4.1549287,3.5159588
выдумщик,1,92.61852858,UNCATEGORIZED,1.379942,10.111241
ориентализм,1,93.03054755,UNCATEGORIZED,7.9714456,4.422312
проформа,1,97.41972077,UNCATEGORIZED,6.6977525,5.5425434
картер,1,97.41972077,UNCATEGORIZED,-0.042550057,6.9157367
рельеф,4,90.99862729750001,UNCATEGORIZED,5.0969768,5.412561
болезненность,1,91.23700291,UNCATEGORIZED,8.0794,3.0167027
изощренность,1,91.23700291,UNCATEGORIZED,9.6516905,4.6408143
княжич,1,91.40652408,UNCATEGORIZED,2.1836073,8.923359
мя,4,75.56653311000001,UNCATEGORIZED,-0.05353505,5.9383426
коммутация,1,96.28808775,UNCATEGORIZED,6.7155185,3.439235
паучок,2,89.394185615,UNCATEGORIZED,0.21207352,8.170243
житница,1,91.97648369,UNCATEGORIZED,4.19494,6.286617
катрон,1,88.14434605,UNCATEGORIZED,0.957481,6.637334
минк,2,80.181256945,UNCATEGORIZED,0.6161867,6.9334874
йо,1,83.08217929,UNCATEGORIZED,0.21708335,6.3897157
иррадиация,1,96.09091721,UNCATEGORIZED,6.6831074,3.2237432
психушка,2,89.168169805,UNCATEGORIZED,4.2999663,6.413525
шарлиз,1,87.50099129,UNCATEGORIZED,0.5844938,6.587371
гуч,1,96.19078766,UNCATEGORIZED,0.90903085,6.9783654
засор,2,94.777783075,UNCATEGORIZED,3.016326,5.2517185
благонадежность,1,91.76941552,UNCATEGORIZED,9.338105,4.8327284
душица,1,80.36024635,UNCATEGORIZED,1.8041794,1.7228833
темень,1,92.83175165,UNCATEGORIZED,5.2748265,4.63213
патетика,1,89.0364031,UNCATEGORIZED,9.134708,4.6704693
конфессия,1,86.57081099,UNCATEGORIZED,6.763858,4.383685
сенат,1,86.57081099,UNCATEGORIZED,6.016136,8.044665
дознаватель,1,93.63913002,UNCATEGORIZED,3.1615531,9.502538
припуск,1,92.7952756,UNCATEGORIZED,5.4446197,4.0197754
символика,1,88.71482154,UNCATEGORIZED,6.9836917,5.5251117
бух,2,87.97731043499999,UNCATEGORIZED,5.343459,5.9327726
чабер,1,94.46421344,UNCATEGORIZED,1.9926523,1.5399963
ловкач,1,91.30228226,UNCATEGORIZED,1.2545341,9.850735
ссылка,10,88.934766153,UNCATEGORIZED,6.321444,6.844575
проницаемость,1,86.84103433,UNCATEGORIZED,8.856996,3.9804895
болтунья,1,86.84103433,UNCATEGORIZED,1.8772113,7.441932
цесаревич,1,89.89336764,UNCATEGORIZED,2.9273102,8.486775
бойлер,3,84.49718514333334,UNCATEGORIZED,2.8022928,5.4055295
связист,2,88.23437956999999,UNCATEGORIZED,3.3020904,8.964303
рогожка,1,88.32009915,UNCATEGORIZED,3.397307,5.724043
гибридизация,2,91.092409355,UNCATEGORIZED,7.1285834,4.2399316
добросердечие,1,95.68036054,UNCATEGORIZED,9.750713,5.4373746
уведомление,2,94.53813775,UNCATEGORIZED,7.609892,7.574118
тако,1,88.73133846,UNCATEGORIZED,-0.044150487,5.906579
незначительность,1,93.59286938,UNCATEGORIZED,9.616719,4.462889
убыль,1,90.38363895,UNCATEGORIZED,8.008962,3.8611152
автозапчасть,2,91.962864575,UNCATEGORIZED,3.6220474,6.4713597
кусака,1,92.2904296,UNCATEGORIZED,0.5071346,7.0312686
рассудительность,8,95.92875431625,UNCATEGORIZED,9.768641,5.322305
касатик,2,97.880632545,UNCATEGORIZED,1.6375124,8.0761175
потребитель,1,95.34111965,UNCATEGORIZED,3.4924486,9.731006
импринт,1,93.67909747,UNCATEGORIZED,2.7562144,6.602573
идолопоклонничество,7,96.02828119714286,UNCATEGORIZED,8.204315,5.1740785
магнитола,2,85.759905835,UNCATEGORIZED,3.327105,5.192033
графомания,2,77.838488845,UNCATEGORIZED,6.6874886,5.52485
прота,1,87.92354387,UNCATEGORIZED,0.91269565,6.424113
бадьян,1,87.92354387,UNCATEGORIZED,2.3225799,1.382439
живость,1,83.0674721,UNCATEGORIZED,9.733444,4.9296093
кровотечение,1,91.53197551,UNCATEGORIZED,7.7651567,2.9301896
гросс,1,82.35224264,UNCATEGORIZED,0.44031385,7.0473228
глузда,1,82.35224264,UNCATEGORIZED,1.170297,7.238512
шанежка,1,82.35224264,UNCATEGORIZED,3.4215827,2.3369818
лицемерие,4,90.450810085,UNCATEGORIZED,8.745429,5.554971
вложенность,1,84.4591885,UNCATEGORIZED,7.0743403,3.5755944
пикетирование,1,84.4591885,UNCATEGORIZED,6.8047667,4.188646
напыление,1,83.85640577,UNCATEGORIZED,5.764729,4.0540195
гульба,2,88.00443713499999,UNCATEGORIZED,6.7884636,6.4287777
паб,1,56.41079673,UNCATEGORIZED,4.0913925,7.1312294
лекторий,1,91.33110853,UNCATEGORIZED,4.115736,7.098426
судоверфь,3,89.00496683666667,UNCATEGORIZED,4.0537715,6.6803627
анаграмма,3,83.06942394333333,UNCATEGORIZED,6.399619,4.8982263
сходка,1,96.30031811,UNCATEGORIZED,6.09904,7.7241096
британец,1,89.9310274,UNCATEGORIZED,1.7123587,9.156643
недотыкомок,1,95.13709045,UNCATEGORIZED,0.44417754,7.5361314
мастак,1,92.83706077,UNCATEGORIZED,1.3283464,10.122014
уд,1,92.67851268,UNCATEGORIZED,0.39727715,5.949584
гондольер,2,90.90655963,UNCATEGORIZED,2.7860365,9.040131
шарж,1,100.3184285,UNCATEGORIZED,6.0660214,5.917317
сапиенс,1,78.11219801,UNCATEGORIZED,0.58888215,8.818833
гоморрой,1,78.11219801,UNCATEGORIZED,7.0037546,4.9307384
штрафник,1,89.0814199,UNCATEGORIZED,1.7749299,9.638324
антихрист,2,90.89201812499999,UNCATEGORIZED,2.0286283,9.457304
полукровка,1,91.15978092,UNCATEGORIZED,1.3663858,8.930077
незнакомка,1,91.15978092,UNCATEGORIZED,2.1065085,8.083091
парафин,2,91.225774065,UNCATEGORIZED,4.2301908,2.3351557
квинт,1,92.9285484,UNCATEGORIZED,2.329906,8.901665
эфес,1,92.9285484,UNCATEGORIZED,1.811022,4.6265154
херес,1,83.24575346,UNCATEGORIZED,3.4271743,1.5292683
перфекционист,5,87.70443064599999,UNCATEGORIZED,1.5058088,9.919012
вокалист,1,88.77495436,UNCATEGORIZED,3.615315,9.708739
ял,3,93.51223485666667,UNCATEGORIZED,2.9250267,6.90247
заусеница,3,90.57256440333333,UNCATEGORIZED,4.921202,3.5434997
политикан,1,97.38844531,UNCATEGORIZED,1.3492221,9.7301
прибамбас,1,97.38844531,UNCATEGORIZED,2.3805845,6.05136
танатос,1,89.97129069,UNCATEGORIZED,1.1898464,7.86286
откровенность,1,91.63426156,UNCATEGORIZED,9.766202,5.2053685
перерождение,1,93.32274987,UNCATEGORIZED,8.280298,6.4083676
бегония,1,91.31593396,UNCATEGORIZED,1.8167048,2.1988845
пчеловодство,1,95.53481843,UNCATEGORIZED,6.515445,4.5713816
подводка,2,90.77405321,UNCATEGORIZED,3.6830356,3.0862558
калифорний,3,92.85606198,UNCATEGORIZED,4.2097645,7.093971
полемика,8,91.24501653875001,UNCATEGORIZED,7.0059514,6.3526025
луза,2,94.458515585,UNCATEGORIZED,0.7095761,7.3828726
инструктор,1,92.21027085,UNCATEGORIZED,3.2237484,9.183433
мафиози,1,92.21027085,UNCATEGORIZED,2.3173652,9.81877
ороса,1,78.71107493,UNCATEGORIZED,1.1720908,6.7909274
пуст,2,86.186333065,UNCATEGORIZED,4.021027,6.2055635
проп,2,80.273975405,UNCATEGORIZED,2.0618157,6.428002
балочка,1,83.26761621,UNCATEGORIZED,3.4728205,5.612489
моченька,1,83.26761621,UNCATEGORIZED,2.4567087,6.5862308
прол,2,85.28710364,UNCATEGORIZED,0.829415,6.3184958
барби,1,86.87200307,UNCATEGORIZED,1.5990878,8.164372
мазда,1,54.81945307,UNCATEGORIZED,3.3826694,7.7335424
ауди,1,54.81945307,UNCATEGORIZED,3.3696728,7.704136
рено,2,75.57696018,UNCATEGORIZED,3.3251002,7.7122316
шкода,1,54.81945307,UNCATEGORIZED,3.3169696,7.7011595
трубин,1,85.6012968,UNCATEGORIZED,1.1011103,7.226921
дозатор,1,85.6012968,UNCATEGORIZED,2.5341187,5.4610486
халк,2,93.61859630000001,UNCATEGORIZED,0.62320316,6.9027796
вессель,1,90.68170011,UNCATEGORIZED,0.754593,6.8842983
проповедник,1,89.01908977,UNCATEGORIZED,2.4775944,9.779408
этос,1,91.56285571,UNCATEGORIZED,8.068356,4.565849
романтик,2,96.07221492,UNCATEGORIZED,1.6967437,10.281712
богемия,1,90.89583433,UNCATEGORIZED,5.383456,7.5598855
панто,1,86.98824186,UNCATEGORIZED,1.2051795,7.119038
сарат,3,88.25367741666666,UNCATEGORIZED,0.628451,6.830078
решимость,1,89.85005287,UNCATEGORIZED,9.836796,5.438738
разделитель,1,83.55631322,UNCATEGORIZED,5.104678,2.9522257
чтец,1,72.86441238,UNCATEGORIZED,2.590226,9.430948
рассказчик,1,72.86441238,UNCATEGORIZED,3.3153496,9.667503
слушатель,1,72.86441238,UNCATEGORIZED,3.3082488,9.620688
езда,1,57.18482021,UNCATEGORIZED,6.5002694,5.079836
байконур,1,96.77314029,UNCATEGORIZED,3.9108284,7.178775
шашлычок,1,96.77314029,UNCATEGORIZED,3.018335,2.077159
контрагент,2,90.31604941500001,UNCATEGORIZED,3.0884163,9.721831
коф,1,95.94168835,UNCATEGORIZED,0.92098165,7.158141
цура,1,91.57632428,UNCATEGORIZED,0.83935076,6.5542784
турмалин,2,86.38910052,UNCATEGORIZED,4.2521524,1.3498162
ость,1,77.73698685,UNCATEGORIZED,4.1221337,3.567208
дудка,3,84.93663264999999,UNCATEGORIZED,3.9965017,7.8997574
единичка,1,81.16755126,UNCATEGORIZED,1.5159801,6.5029116
единство,1,81.16755126,UNCATEGORIZED,8.543323,6.18923
единение,2,83.47523054499999,UNCATEGORIZED,8.596164,6.2812057
отчина,1,80.13539228,UNCATEGORIZED,4.693621,6.431285
отметина,1,80.13539228,UNCATEGORIZED,4.64318,4.411187
курил,1,91.60488665,UNCATEGORIZED,3.9853666,1.875518
отыгрыш,1,91.60488665,UNCATEGORIZED,2.4638383,6.3432064
профессионализм,1,84.70419003,UNCATEGORIZED,9.377517,5.598951
ярус,2,89.259981455,UNCATEGORIZED,3.9135273,6.2690344
палочка,4,84.14029037,UNCATEGORIZED,2.7575374,4.207154
мыт,1,92.58715197,UNCATEGORIZED,6.857375,7.5438237
мамуля,2,59.556121735,UNCATEGORIZED,1.7401898,8.046325
мамзель,1,57.52461691,UNCATEGORIZED,1.1887718,6.959514
брандспойт,2,91.08520841500001,UNCATEGORIZED,2.4490407,5.2790985
радост,1,82.89637305,UNCATEGORIZED,-0.18338138,5.8843584
доволя,1,82.89637305,UNCATEGORIZED,1.0772105,6.346223
чулочек,1,84.89687934,UNCATEGORIZED,2.2271721,4.68024
твин,1,84.89687934,UNCATEGORIZED,1.2436365,6.849405
тран,2,87.180641005,UNCATEGORIZED,0.40015495,6.6070313
ака,1,83.14021727,UNCATEGORIZED,0.58390206,6.5109277
пленэр,1,69.45768539,UNCATEGORIZED,3.9855833,5.177208
шерстинка,1,89.61054106,UNCATEGORIZED,3.936506,4.3295727
обновка,1,95.45358519,UNCATEGORIZED,4.0089774,4.8155317
революционер,3,89.47729282333334,UNCATEGORIZED,2.1820028,10.20765
неприятель,1,92.55731227,UNCATEGORIZED,4.8936195,8.4357605
концептуализм,2,85.387647155,UNCATEGORIZED,7.8685846,4.4350667
ходатайство,3,95.89160823000002,UNCATEGORIZED,7.57848,7.680824
саморегуляция,1,85.72804415,UNCATEGORIZED,7.5853114,4.479769
релиз,3,85.32103743333333,UNCATEGORIZED,5.4979725,7.3869357
секция,1,86.7437293,UNCATEGORIZED,5.0450244,7.2465525
активация,2,88.20038536999999,UNCATEGORIZED,7.1770353,4.913874
маргинальность,1,96.54441368,UNCATEGORIZED,8.959965,4.2095785
лиходей,2,91.410930205,UNCATEGORIZED,1.3294599,9.443708
визави,1,92.30545158,UNCATEGORIZED,2.373427,8.902318
молва,1,92.30545158,UNCATEGORIZED,7.444183,6.2043576
спартак,1,95.34377888,UNCATEGORIZED,3.817839,8.615856
компонент,1,87.32400839,UNCATEGORIZED,7.568367,6.6939907
черви,1,89.62223109,UNCATEGORIZED,0.45365262,8.141546
вдовец,1,94.11794414,UNCATEGORIZED,2.0634477,9.33839
чирик,1,93.41939224,UNCATEGORIZED,0.58066064,7.4294376
очищение,1,85.18175146,UNCATEGORIZED,8.4175415,6.529007
ямс,1,92.98094513,UNCATEGORIZED,2.3355045,1.723828
дефлорация,1,94.53034792,UNCATEGORIZED,7.220577,4.2379127
берш,1,98.11012852,UNCATEGORIZED,0.82416755,6.9411798
зубной,1,95.97114054,UNCATEGORIZED,3.308347,3.1104565
развязка,1,90.63411612,UNCATEGORIZED,6.7205873,6.5748286
шептун,1,93.99526191,UNCATEGORIZED,0.6567645,7.529453
лихачество,1,93.31540376,UNCATEGORIZED,8.609739,5.381484
ять,2,83.155769145,UNCATEGORIZED,0.04116955,5.947268
рей,2,90.310069215,UNCATEGORIZED,-0.009790136,6.713656
пифагореец,1,87.31904843,UNCATEGORIZED,1.342893,7.811277
страхолюдин,1,83.52749064,UNCATEGORIZED,2.0936973,7.3728256
ученичество,2,80.1358048,UNCATEGORIZED,8.378754,5.5489383
гностицизм,1,82.9165462,UNCATEGORIZED,7.9971104,4.6058283
сабантуй,1,90.64033099,UNCATEGORIZED,6.5106664,6.8589864
психологизм,1,85.94806338,UNCATEGORIZED,8.260686,4.4912972
благосостояние,2,93.137519435,UNCATEGORIZED,8.915956,6.036644
дислокация,1,88.17498067,UNCATEGORIZED,6.7809834,5.3492637
бражник,1,91.3346863,UNCATEGORIZED,0.9439895,9.722957
бирюлька,1,91.3346863,UNCATEGORIZED,4.2734075,8.356304
квартердек,1,92.67661443,UNCATEGORIZED,3.5287857,6.2385907
прус,1,92.67661443,UNCATEGORIZED,1.2035143,7.594285
пятачок,2,91.705364435,UNCATEGORIZED,4.1118903,5.4959598
таволга,1,89.95732924,UNCATEGORIZED,1.7735963,1.7419491
концентрация,2,91.528106835,UNCATEGORIZED,8.070344,5.8142977
клеточка,1,90.02074291,UNCATEGORIZED,4.2535357,3.8779838
салоп,3,93.00102412000001,UNCATEGORIZED,1.6748291,3.6259985
контратака,1,86.85649674,UNCATEGORIZED,7.1768594,6.425922
домишко,1,92.54324754,UNCATEGORIZED,4.056453,6.491379
осмотрительность,1,88.87015127,UNCATEGORIZED,9.933762,5.3285284
протечка,1,82.60148905,UNCATEGORIZED,6.845579,5.304987
подозрение,2,95.613328165,UNCATEGORIZED,9.407516,6.521575
глечик,1,94.16078627,UNCATEGORIZED,1.9684699,5.466873
змееносец,1,90.19964361,UNCATEGORIZED,1.4065828,7.414028
тугрик,2,95.808155595,UNCATEGORIZED,4.346772,3.5406942
хач,1,82.69186382,UNCATEGORIZED,1.3780235,7.083158
датировка,1,86.08724441,UNCATEGORIZED,6.959566,5.1341085
доверчивость,1,86.08724441,UNCATEGORIZED,9.708304,5.208755
окоченение,1,84.42595641,UNCATEGORIZED,7.893785,3.4305642
долгожитель,1,93.09320008,UNCATEGORIZED,1.3004025,9.691039
власяница,1,86.09294546,UNCATEGORIZED,2.1390755,3.7580817
сольдо,1,91.8795492,UNCATEGORIZED,4.272643,4.394767
холера,1,87.10318577,UNCATEGORIZED,7.964696,2.4717689
клика,1,87.10318577,UNCATEGORIZED,5.530066,8.169902
труженик,1,87.10318577,UNCATEGORIZED,1.9488287,9.841219
новомученик,1,88.57798522,UNCATEGORIZED,6.399941,3.2544165
абхаз,1,88.57798522,UNCATEGORIZED,1.3452877,8.297387
умысел,1,94.87425369,UNCATEGORIZED,7.941172,6.207932
экстраверсия,3,82.23185173333333,UNCATEGORIZED,8.515533,4.255776
монотонность,1,87.68459944,UNCATEGORIZED,9.346809,4.5337663
галантность,1,96.40852385,UNCATEGORIZED,9.85248,5.245034
галантерея,1,96.40852385,UNCATEGORIZED,4.2494197,3.6030226
пьяный,1,61.4121088,UNCATEGORIZED,1.3723439,9.454196
добо,1,85.09883973,UNCATEGORIZED,0.9333035,6.821714
настрой,1,70.16266048,UNCATEGORIZED,9.140659,5.867268
матица,1,87.13855257,UNCATEGORIZED,3.7098935,4.652153
косметология,1,95.9764497,UNCATEGORIZED,6.803501,2.8441412
акут,1,90.67056506,UNCATEGORIZED,1.1305689,7.062049
психосоматика,1,90.67056506,UNCATEGORIZED,6.920428,4.297594
кемпинг,1,92.80196435,UNCATEGORIZED,4.389222,7.041501
обзор,1,92.80196435,UNCATEGORIZED,6.7601495,7.2375593
фриссон,2,75.65499208,UNCATEGORIZED,0.9971469,6.970921
спинка,1,67.91054495,UNCATEGORIZED,3.5025072,4.3833394
резолюция,2,85.59632501,UNCATEGORIZED,6.574347,7.4016366
гомосексуальность,1,87.87624603,UNCATEGORIZED,8.519589,4.2655716
эрос,1,93.25034348,UNCATEGORIZED,1.1564556,8.112449
переноска,2,91.624346795,UNCATEGORIZED,6.783432,4.866224
толкушка,1,91.35100308,UNCATEGORIZED,3.0476952,1.7305481
замор,1,91.35100308,UNCATEGORIZED,1.3797613,6.2666388
своеобразность,1,89.20928853,UNCATEGORIZED,9.307225,4.2573814
толл,1,95.21083137,UNCATEGORIZED,0.96565086,6.7402153
ватка,1,93.07417518,UNCATEGORIZED,3.3519018,4.144093
сообразность,1,95.21433141,UNCATEGORIZED,6.854308,3.417231
над,1,94.06053859,UNCATEGORIZED,5.0421443,4.816028
выворачивание,1,94.08415282,UNCATEGORIZED,7.3735337,4.3672414
таль,1,92.29447941,UNCATEGORIZED,0.6457002,7.407879
отрасль,1,91.32178017,UNCATEGORIZED,6.7092876,5.612282
конъюнкция,1,90.13808021,UNCATEGORIZED,7.210239,4.4229326
корреспондент,2,89.238813255,UNCATEGORIZED,3.3220062,9.932701
эндшпиль,1,90.52873154,UNCATEGORIZED,4.4383173,8.171029
йошко,1,93.51539613,UNCATEGORIZED,1.0559789,6.7603464
крутость,2,97.003606315,UNCATEGORIZED,9.342237,4.322969
регенерация,1,85.94141743,UNCATEGORIZED,7.3096952,4.8538384
грейдер,1,94.06361189,UNCATEGORIZED,3.3783615,7.183952
бизнесмен,3,90.96886397333333,UNCATEGORIZED,3.1042235,9.752607
нувориш,1,92.47201557,UNCATEGORIZED,1.1755865,9.423153
импотент,2,93.254499555,UNCATEGORIZED,1.0127344,9.641176
стиляга,1,83.6371278,UNCATEGORIZED,1.3150935,9.748234
сватья,1,81.2299588,UNCATEGORIZED,1.9813579,7.7803946
чартер,1,92.24897089,UNCATEGORIZED,2.7577932,6.962114
менка,1,86.65472964,UNCATEGORIZED,0.7751643,6.9551344
куза,1,86.65472964,UNCATEGORIZED,0.86709553,6.839503
флакс,2,87.19803388,UNCATEGORIZED,1.0529842,6.8617783
пассия,1,88.52487889,UNCATEGORIZED,2.2895503,7.8668985
онемение,1,98.00845048,UNCATEGORIZED,8.0843525,3.2150211
содержание,3,94.38233170000001,UNCATEGORIZED,8.035217,6.8470488
йодль,1,98.00845048,UNCATEGORIZED,3.6171882,8.683813
таинственность,1,98.00845048,UNCATEGORIZED,9.778115,4.6845727
шиворот,1,92.4357375,UNCATEGORIZED,2.3846421,3.8851027
теплоемкость,2,86.869255565,UNCATEGORIZED,8.707356,4.051498
ингуш,1,89.43708572,UNCATEGORIZED,1.4281955,8.570603
шиш,1,88.73906336,UNCATEGORIZED,3.1751835,2.979538
овация,2,89.33496593000001,UNCATEGORIZED,6.5535717,6.152789
радужка,3,85.53989853333333,UNCATEGORIZED,4.638179,3.531265
теплоизоляция,2,82.68251037,UNCATEGORIZED,6.534764,4.3709397
березка,2,87.906316125,UNCATEGORIZED,1.6430277,2.008584
поражение,1,93.03928705,UNCATEGORIZED,7.752281,6.6648517
изнасилование,3,93.54829471333333,UNCATEGORIZED,8.4087,6.00443
спка,1,86.96178298,UNCATEGORIZED,0.15437128,6.8152404
комбинатор,1,85.87532345,UNCATEGORIZED,1.6324587,9.980076
буна,1,90.16376671,UNCATEGORIZED,0.71071863,6.351658
лаг,1,90.16376671,UNCATEGORIZED,2.3846388,5.6810465
волосик,1,89.14618735,UNCATEGORIZED,3.21229,3.3922067
апология,1,85.04190995,UNCATEGORIZED,7.149966,5.2376313
папарацци,3,93.71267418333333,UNCATEGORIZED,3.374522,9.799141
мезолит,1,91.65032113,UNCATEGORIZED,1.5225501,6.2413745
швейцар,2,88.83351432,UNCATEGORIZED,3.0389674,8.823924
инициал,2,90.291443475,UNCATEGORIZED,5.648977,5.092809
пинтер,1,88.37900302,UNCATEGORIZED,0.75271475,6.8515325
чмырь,1,63.68084474,UNCATEGORIZED,1.1748354,8.751375
релаксация,1,81.88664426,UNCATEGORIZED,7.122408,4.767789
андрогин,2,88.785934175,UNCATEGORIZED,1.2721919,8.418875
заварушка,1,89.5234729,UNCATEGORIZED,6.804755,6.166368
кострище,1,89.5234729,UNCATEGORIZED,4.217423,5.3618913
козленок,1,88.31831406,UNCATEGORIZED,0.10760553,8.666187
вооружение,1,58.7715687,UNCATEGORIZED,2.1031468,5.2050805
экуменизм,2,89.599347005,UNCATEGORIZED,7.975097,4.6642127
кельвин,1,83.39718581,UNCATEGORIZED,0.19999781,6.9071784
друбич,1,89.63131265,UNCATEGORIZED,1.2486222,6.860264
неадекватность,1,87.33116739,UNCATEGORIZED,9.236131,4.5237083
студия,1,93.99462598,UNCATEGORIZED,5.0384417,7.3331804
беттина,1,93.99462598,UNCATEGORIZED,0.23666067,6.63339
аккумуляция,1,82.61855104,UNCATEGORIZED,7.276048,4.609582
язвительность,1,93.15694396,UNCATEGORIZED,9.480815,5.3182807
сосочек,2,84.98473573999999,UNCATEGORIZED,5.360835,3.0750682
анальгетик,1,92.13243922,UNCATEGORIZED,4.5970774,1.7727832
битлз,1,85.23542746,UNCATEGORIZED,5.346258,7.5283036
симпл,1,85.23542746,UNCATEGORIZED,1.2095456,6.7867274
инкассатор,1,86.28064228,UNCATEGORIZED,2.5585196,9.091974
сервопривод,1,89.34341659,UNCATEGORIZED,6.2460766,3.4925425
ликтор,1,99.16047638,UNCATEGORIZED,1.2673355,7.7504425
прелюбодей,1,99.16047638,UNCATEGORIZED,1.2616563,9.721246
составитель,1,88.93724907,UNCATEGORIZED,3.142369,10.199786
статность,1,94.76363393,UNCATEGORIZED,9.682087,4.5227933
вместимость,1,95.05175242,UNCATEGORIZED,5.929429,5.0318904
типизация,2,84.02226119,UNCATEGORIZED,7.3547487,4.649058
пироманта,2,89.633957305,UNCATEGORIZED,1.8558525,5.95313
ягдташ,1,89.15041724,UNCATEGORIZED,2.1432743,4.434185
илот,1,79.98496597,UNCATEGORIZED,1.2490271,8.276409
официальность,1,93.34138758,UNCATEGORIZED,9.772816,4.6710873
пат,1,77.92839991,UNCATEGORIZED,-0.06462969,6.661267
рубище,1,83.17343965,UNCATEGORIZED,1.6925472,3.5965157
парламентер,2,89.49460312,UNCATEGORIZED,2.878262,8.980927
иконография,1,90.7779921,UNCATEGORIZED,6.9208107,4.6842284
барвинок,1,99.40584935,UNCATEGORIZED,1.7334968,1.7892789
пироман,1,99.40584935,UNCATEGORIZED,1.5460471,7.663965
посошок,1,75.31539041,UNCATEGORIZED,3.726649,1.5308871
бенто,1,91.20591126,UNCATEGORIZED,0.6190162,6.6862345
прош,1,90.03208941,UNCATEGORIZED,0.045425016,6.091859
прост,1,95.27564481,UNCATEGORIZED,7.6280274,7.2754073
кер,1,95.27564481,UNCATEGORIZED,0.39478967,6.6753078
цуп,1,95.27564481,UNCATEGORIZED,3.79628,7.417924
рывок,1,97.10313106,UNCATEGORIZED,5.4429684,6.229539
адаптер,1,89.50790703,UNCATEGORIZED,2.8719888,6.043084
бонза,2,97.77232132500001,UNCATEGORIZED,1.8967735,8.968452
волжанин,1,95.61591981,UNCATEGORIZED,1.556584,8.650618
единомышленник,1,94.21205557,UNCATEGORIZED,2.4500551,8.914256
самообразование,1,94.21205557,UNCATEGORIZED,8.44484,5.4505987
самоистязание,1,87.44605051,UNCATEGORIZED,8.505054,5.3212576
центризм,1,89.75619166,UNCATEGORIZED,7.8936124,4.4607477
жиго,1,89.06113559,UNCATEGORIZED,1.0172377,6.455432
грама,1,85.45420117,UNCATEGORIZED,1.1429574,6.3797626
заливка,2,83.298930735,UNCATEGORIZED,5.9266677,3.8274596
панно,1,92.7547352,UNCATEGORIZED,5.197392,5.4236135
бунтарь,1,72.38348103,UNCATEGORIZED,1.7582216,10.027932
библиотекарша,1,72.38348103,UNCATEGORIZED,2.3351307,8.050991
бладжер,2,89.41156144,UNCATEGORIZED,4.9729443,6.291119
техно,1,79.66899784,UNCATEGORIZED,4.916284,7.544926
документация,1,79.66899784,UNCATEGORIZED,6.7731323,7.0693893
хомячок,1,79.66899784,UNCATEGORIZED,0.6185798,8.236132
селение,1,94.10813558,UNCATEGORIZED,4.6115513,6.841007
поджог,1,94.10813558,UNCATEGORIZED,8.28683,6.1219893
горожанин,3,90.72858781666667,UNCATEGORIZED,2.193517,9.749916
райцентр,1,85.2857413,UNCATEGORIZED,4.574908,7.111038
мито,1,89.33150704,UNCATEGORIZED,0.9841862,6.7201285
окрик,1,92.11011212,UNCATEGORIZED,5.7677464,6.0807357
подписчик,1,96.59784966,UNCATEGORIZED,3.0312545,9.893364
прокси,3,93.81400207333333,UNCATEGORIZED,1.0809562,6.5380116
хорень,1,95.12995069,UNCATEGORIZED,1.0860001,7.162458
перегрев,1,96.62956456,UNCATEGORIZED,7.416235,3.9831107
шепелявость,1,95.82403068,UNCATEGORIZED,9.14714,4.067681
окропление,1,97.14521795,UNCATEGORIZED,7.091606,4.1583104
светик,1,87.21883026,UNCATEGORIZED,1.4307694,7.9363875
жировик,2,89.67214171500001,UNCATEGORIZED,1.998811,6.724515
гашетка,1,76.08777337,UNCATEGORIZED,3.3850746,5.7072544
ясак,2,81.62086848,UNCATEGORIZED,6.9733095,7.808546
корги,1,84.0263434,UNCATEGORIZED,0.89761835,7.8466334
упитанность,1,84.0263434,UNCATEGORIZED,9.396736,4.156219
фалда,1,79.21539356,UNCATEGORIZED,2.5811458,3.441273
хвала,1,89.92483379,UNCATEGORIZED,8.6301565,6.8361783
анкоридж,1,87.76069044,UNCATEGORIZED,3.735171,7.1670976
курган,2,90.26676283500001,UNCATEGORIZED,4.6157594,6.2743273
сувь,1,84.28531887,UNCATEGORIZED,0.70732176,6.9806333
амарант,1,75.07000094,UNCATEGORIZED,2.0185938,2.3740225
кумин,1,75.07000094,UNCATEGORIZED,0.99965686,7.103277
упор,2,87.62642075,UNCATEGORIZED,2.0849292,5.236092
микобактерия,1,95.46072707,UNCATEGORIZED,6.893229,2.4780555
цугундер,1,89.98669829,UNCATEGORIZED,2.0622954,6.525935
тын,1,89.98669829,UNCATEGORIZED,4.096386,5.9899216
осмысление,1,92.22676224,UNCATEGORIZED,8.311095,6.365266
ветла,1,84.94749032,UNCATEGORIZED,1.6498697,2.0807998
дока,1,97.66854429,UNCATEGORIZED,0.62213427,6.3505783
гаргантю,1,90.13181839,UNCATEGORIZED,1.7725034,6.8623433
скоропись,1,90.54399318,UNCATEGORIZED,6.1521525,4.514099
виверна,1,87.71121921,UNCATEGORIZED,0.2554075,7.8814144
сумо,2,93.385690685,UNCATEGORIZED,3.603312,8.765349
красавец,1,89.9245915,UNCATEGORIZED,2.012929,8.941929
мангольд,1,85.28625618,UNCATEGORIZED,2.2867053,1.4284631
корифей,1,91.73703331,UNCATEGORIZED,2.1411233,9.31786
лютер,1,86.43048394,UNCATEGORIZED,2.3747888,9.561733
красочность,2,92.193364915,UNCATEGORIZED,9.584432,4.365046
бездельник,1,86.39251154,UNCATEGORIZED,0.9857331,9.798044
кратковременность,1,86.39251154,UNCATEGORIZED,9.463157,4.2979445
пакетик,2,82.63651870999999,UNCATEGORIZED,2.6943717,3.7981575
атомистика,1,85.26872068,UNCATEGORIZED,6.716366,3.7443287
акча,1,84.02487681,UNCATEGORIZED,4.246912,4.376993
акмеизм,1,85.19934996,UNCATEGORIZED,7.893241,4.2984967
гипермаркет,1,88.27172096,UNCATEGORIZED,3.9252868,7.097659
кумач,1,83.01790458,UNCATEGORIZED,4.5303473,2.8352995
подоплека,1,94.62898311,UNCATEGORIZED,7.119626,5.914011
боксер,2,90.616454205,UNCATEGORIZED,3.143837,9.126914
каротиноид,3,81.24299712,UNCATEGORIZED,5.066738,1.9982933
испаритель,1,96.03227732,UNCATEGORIZED,2.6475897,5.531264
амин,3,89.97679907666667,UNCATEGORIZED,2.0863853,9.021912
трейлер,1,91.27793935,UNCATEGORIZED,3.3619058,7.512518
экстрасистола,2,91.70974586,UNCATEGORIZED,7.758993,2.9955492
роспись,1,89.23369575,UNCATEGORIZED,5.457923,5.4336205
телепорт,2,90.058286165,UNCATEGORIZED,3.0219655,6.0327053
рукоприкладство,2,91.245642015,UNCATEGORIZED,8.445915,5.550951
берма,1,91.20973404,UNCATEGORIZED,4.890183,5.5974503
табличка,2,83.03949313,UNCATEGORIZED,4.923113,5.846877
турция,2,86.51164513,UNCATEGORIZED,5.570031,7.69679
продразверстка,2,90.61442711000001,UNCATEGORIZED,7.455801,4.9908366
доломит,1,94.21557478,UNCATEGORIZED,4.181502,2.5047274
тепловизор,2,87.70160885499999,UNCATEGORIZED,2.595293,5.853688
тектон,1,78.4797261,UNCATEGORIZED,1.2811116,7.029523
бабай,1,86.06141036,UNCATEGORIZED,1.2691792,8.597352
мног,1,86.06141036,UNCATEGORIZED,-0.091399014,5.8538914
кондиционирование,1,88.41618338,UNCATEGORIZED,7.024744,4.1151443
дальтоник,2,89.240576265,UNCATEGORIZED,1.255805,9.906466
поташ,1,84.98697402,UNCATEGORIZED,4.4721694,2.2863913
чернокнижник,1,91.21409476,UNCATEGORIZED,2.0145204,9.137654
технолог,1,91.06217442,UNCATEGORIZED,2.8654854,9.957356
хламида,1,96.24217011,UNCATEGORIZED,1.7921102,3.3713067
змееед,3,92.92049027,UNCATEGORIZED,1.7273356,6.751441
ссср,2,96.052389965,UNCATEGORIZED,6.1297936,8.095048
электромобиль,1,92.86427487,UNCATEGORIZED,3.2237556,7.429541
маменька,1,52.80170989,UNCATEGORIZED,1.9915614,8.004352
доченька,1,52.80170989,UNCATEGORIZED,1.8243759,8.079525
консоме,1,84.0750904,UNCATEGORIZED,3.0152354,1.7904856
палантин,1,93.55411898,UNCATEGORIZED,1.6937873,3.5670583
нефтепродукт,1,85.58282552,UNCATEGORIZED,6.6562757,3.4274096
литератор,2,86.654125345,UNCATEGORIZED,3.1053138,10.053412
мин,1,96.54536813,UNCATEGORIZED,6.796928,8.275352
правотворчество,1,96.54536813,UNCATEGORIZED,6.683638,3.3761737
самодостаточность,1,88.05547733,UNCATEGORIZED,9.188825,4.897939
архей,2,92.04816932,UNCATEGORIZED,6.258036,2.7570245
консолидация,1,91.34343196,UNCATEGORIZED,7.4335074,4.9049497
аудитор,1,91.34343196,UNCATEGORIZED,3.0900693,9.668475
цент,1,98.79165266,UNCATEGORIZED,4.3107457,4.373159
произвол,1,85.5457656,UNCATEGORIZED,8.5700865,5.8253703
адидас,1,91.32544915,UNCATEGORIZED,1.7983376,3.423751
джинса,1,87.95051106,UNCATEGORIZED,7.690231,4.2091227
аденин,2,89.54959319,UNCATEGORIZED,5.2829285,2.4951797
шанин,1,87.21085112,UNCATEGORIZED,1.0147105,7.0253525
утечка,1,97.11773461,UNCATEGORIZED,7.174889,5.71836
прил,1,87.30659107,UNCATEGORIZED,6.446613,8.168515
пря,1,87.30659107,UNCATEGORIZED,0.013467866,6.057606
но,1,87.30659107,UNCATEGORIZED,8.1653385,7.6127534
мамма,1,61.58762656,UNCATEGORIZED,0.69779325,6.4656267
синтепон,4,92.28460926249998,UNCATEGORIZED,4.0643897,3.1896675
фель,1,89.95000859,UNCATEGORIZED,0.5927348,6.5794516
подрясник,1,84.4465726,UNCATEGORIZED,1.6448233,3.6218657
мось,1,97.1536164,UNCATEGORIZED,-0.22540182,5.8426833
нием,1,93.4481912,UNCATEGORIZED,-0.06934541,5.993567
бета,2,86.80630786500001,UNCATEGORIZED,2.1305308,6.7436924
ра,2,75.626534015,UNCATEGORIZED,-0.05366362,6.0930734
жизнедеятельность,1,94.75242887,UNCATEGORIZED,7.9284105,4.01614
хаори,1,89.34072837,UNCATEGORIZED,1.7308987,3.5263767
диатез,1,86.7715139,UNCATEGORIZED,7.8914504,2.6419585
манифестация,1,92.13069451,UNCATEGORIZED,7.2595835,5.358715
предвкушение,1,92.13069451,UNCATEGORIZED,9.435757,6.2233067
дождевик,2,89.59050089,UNCATEGORIZED,1.5697774,3.6868188
чернослив,1,90.485316,UNCATEGORIZED,2.3371906,1.5007752
тунгус,1,95.70484033,UNCATEGORIZED,1.607764,8.574381
частное,1,97.67766636,UNCATEGORIZED,5.780074,8.073901
микробиолог,1,91.88833526,UNCATEGORIZED,2.8989027,10.358199
дешевизна,1,95.65502273,UNCATEGORIZED,9.473395,4.754923
камба,1,90.46364192,UNCATEGORIZED,1.3428411,7.0419397
пунш,2,93.44255586,UNCATEGORIZED,3.5302677,1.5765351
подсобка,2,90.91041335,UNCATEGORIZED,4.0838504,6.3144884
джеко,1,91.0263343,UNCATEGORIZED,0.6536794,6.7951517
русс,1,86.27876961,UNCATEGORIZED,0.56085247,6.7600822
саундтрек,1,94.96873766,UNCATEGORIZED,5.7210126,6.740448
лосьон,1,94.96873766,UNCATEGORIZED,3.8576906,2.4839535
кабардинец,2,92.60637188999999,UNCATEGORIZED,1.4289887,8.069252
кинофильм,2,90.97902311,UNCATEGORIZED,5.56363,7.108209
квартирантка,1,96.4412325,UNCATEGORIZED,2.2208607,7.717519
школьник,2,86.89819827,UNCATEGORIZED,2.3599594,9.034272
жонглирование,1,94.83171711,UNCATEGORIZED,6.646668,5.2935486
злато,2,91.74721234500001,UNCATEGORIZED,4.3555818,2.536221
тапочка,1,91.44332163,UNCATEGORIZED,2.9788866,3.688302
обри,1,91.44332163,UNCATEGORIZED,-0.025306711,6.9030495
разумение,1,93.94363327,UNCATEGORIZED,9.319258,5.9822364
носочек,1,87.48261358,UNCATEGORIZED,2.5299678,3.7740765
тат,1,85.58968857,UNCATEGORIZED,0.15525946,6.3870945
вконтакте,1,87.95760672,UNCATEGORIZED,3.2446191,6.404428
автопортрет,1,92.8587276,UNCATEGORIZED,5.4879913,5.7676387
детрит,2,89.291523925,UNCATEGORIZED,1.0341743,7.1919317
острог,2,91.958852235,UNCATEGORIZED,4.40018,6.6182
предохранитель,1,88.9928574,UNCATEGORIZED,2.193301,5.250992
оффшор,1,88.9928574,UNCATEGORIZED,4.0285034,7.863338
ай,1,95.17724248,UNCATEGORIZED,2.0242548,8.318706
атр,1,95.17724248,UNCATEGORIZED,0.6687999,6.887591
от,1,95.17724248,UNCATEGORIZED,8.129301,7.701774
кеб,1,95.17724248,UNCATEGORIZED,3.3461902,7.6595592
сепаратист,1,93.0699426,UNCATEGORIZED,6.325464,3.4241774
гласный,1,95.24419446,UNCATEGORIZED,6.835021,7.338781
психодрама,1,90.43931589,UNCATEGORIZED,6.8354216,4.3536963
кинозал,1,89.69339628,UNCATEGORIZED,4.153757,7.0208716
симс,1,80.36148479,UNCATEGORIZED,0.2884831,6.8546963
онлайн,1,93.6615912,UNCATEGORIZED,3.2127342,6.456187
окраина,1,90.38321018,UNCATEGORIZED,4.67802,6.591855
сокрушение,1,90.38321018,UNCATEGORIZED,9.108606,6.249352
киртан,4,86.56712186499999,UNCATEGORIZED,0.9711414,7.1164393
хайло,1,92.38943112,UNCATEGORIZED,0.7469168,9.467717
бэк,1,99.19950603,UNCATEGORIZED,0.3007521,6.4970503
тег,1,91.67179246,UNCATEGORIZED,0.19453122,6.893387
верт,1,92.08115956,UNCATEGORIZED,0.59380937,6.6992583
абс,1,92.08115956,UNCATEGORIZED,5.892346,6.992757
материалист,1,86.87449689,UNCATEGORIZED,1.6979034,10.211211
соприкосновение,1,87.46743486,UNCATEGORIZED,8.266486,6.355647
интервьюер,1,91.66987942,UNCATEGORIZED,3.1242874,9.839743
трубочка,4,85.230547805,UNCATEGORIZED,3.351173,4.209919
матрикс,2,91.187880145,UNCATEGORIZED,1.5628974,6.706127
драго,1,83.69735942,UNCATEGORIZED,0.38431904,6.877041
виртуализация,1,72.99935454,UNCATEGORIZED,6.820441,3.2822402
лангет,1,72.99935454,UNCATEGORIZED,3.1229393,2.1138933
икосаэдр,2,84.62365141000001,UNCATEGORIZED,5.2686977,4.5657783
интеллектуализация,1,80.55369998,UNCATEGORIZED,6.7867913,3.249822
сучка,2,83.64101804500001,UNCATEGORIZED,0.7190059,9.235735
гоголь,1,98.35970341,UNCATEGORIZED,2.9734328,9.616999
безнаказанность,1,98.63964635,UNCATEGORIZED,9.308989,4.8762302
размытие,1,89.88815272,UNCATEGORIZED,8.829636,4.118764
каротин,1,94.0597466,UNCATEGORIZED,5.108363,1.9771571
урри,1,94.0597466,UNCATEGORIZED,0.61355555,6.9783406
приезд,1,92.36755249,UNCATEGORIZED,7.692288,7.076608
гамета,1,96.04499453,UNCATEGORIZED,6.2611785,3.0888753
различие,1,90.46265478,UNCATEGORIZED,8.444255,6.244865
салдата,1,87.96810579,UNCATEGORIZED,-0.42042658,5.7457623
средство,1,84.95404675,UNCATEGORIZED,4.3741884,1.8727533
цирюльня,2,96.88328637000001,UNCATEGORIZED,3.4503152,5.642323
непослушание,1,93.64385745,UNCATEGORIZED,9.156911,5.6509237
грозность,1,90.17834744,UNCATEGORIZED,9.458126,4.2600203
угощение,1,89.32795541,UNCATEGORIZED,3.5261393,1.9323659
изучение,1,89.32795541,UNCATEGORIZED,7.704199,6.9851613
сейсмолог,1,97.40373359,UNCATEGORIZED,5.5459647,3.2184038
тяжба,1,85.11176801,UNCATEGORIZED,6.9738274,6.2522173
утопленник,1,93.80145594,UNCATEGORIZED,1.0835726,8.801869
майнинг,1,92.91633994,UNCATEGORIZED,2.4595428,6.833736
поливитамин,1,92.10075512,UNCATEGORIZED,4.7459993,1.826654
кипрей,1,80.09673425,UNCATEGORIZED,1.7893267,1.7356402
коммюнике,2,90.720186265,UNCATEGORIZED,7.453182,7.5315685
рукоятка,1,90.85007526,UNCATEGORIZED,2.464061,4.5729136
патогенез,1,87.92293792,UNCATEGORIZED,7.5612664,2.8382132
радиология,2,84.434380635,UNCATEGORIZED,6.8205943,2.8772006
разведение,1,91.10536147,UNCATEGORIZED,6.6094036,4.2837453
ненец,1,89.82205227,UNCATEGORIZED,1.4791049,8.0197
щегол,3,86.27524516333334,UNCATEGORIZED,0.25928664,7.8665385
конфигурация,1,95.51116836,UNCATEGORIZED,6.7736115,5.294769
исполнитель,2,91.12296547,UNCATEGORIZED,3.4298358,9.809299
иуда,1,93.73137482,UNCATEGORIZED,2.096274,9.607439
побоище,2,85.00744566,UNCATEGORIZED,7.21852,6.6166267
репрессия,1,93.31308646,UNCATEGORIZED,7.559611,4.5674133
психопатия,1,95.14856914,UNCATEGORIZED,8.134735,3.426984
кардиограф,1,88.87887849,UNCATEGORIZED,2.501405,5.665023
интегрирование,2,80.12130687,UNCATEGORIZED,7.5662093,4.473558
катехоламин,1,94.8891187,UNCATEGORIZED,6.0906477,2.4386613
суржик,3,88.45292665333334,UNCATEGORIZED,1.2138991,7.085403
варлок,1,91.58910856,UNCATEGORIZED,0.9990208,7.4216776
концептуализация,1,93.60567703,UNCATEGORIZED,7.396636,4.4993224
иды,2,90.628657865,UNCATEGORIZED,0.5270778,6.4987
марак,2,90.848222885,UNCATEGORIZED,1.2926642,6.9316926
плавка,2,90.47597306,UNCATEGORIZED,6.442895,4.1964917
медиа,2,81.79802959,UNCATEGORIZED,4.663201,7.0082207
чухня,1,88.09347276,UNCATEGORIZED,1.1029365,7.1949725
ветровка,1,57.67971357,UNCATEGORIZED,1.77846,3.3461478
спальник,1,90.25579357,UNCATEGORIZED,2.394765,4.0958796
знахарка,1,85.82355498,UNCATEGORIZED,2.1178901,8.089434
узкоколейка,3,86.56153325333332,UNCATEGORIZED,4.3478055,5.5342684
переселение,2,92.5596604,UNCATEGORIZED,8.078692,6.357565
шкет,1,87.00843804,UNCATEGORIZED,0.96750027,9.270531
канонир,1,91.3192012,UNCATEGORIZED,3.0452757,9.083867
демаркация,2,85.84342760999999,UNCATEGORIZED,6.694796,3.450508
милитаризация,1,79.41217857,UNCATEGORIZED,7.396555,4.8424716
голодовка,1,82.23298516,UNCATEGORIZED,7.0743647,5.5168552
мяуканье,2,79.051766265,UNCATEGORIZED,5.766836,5.851274
пришествие,1,93.90959417,UNCATEGORIZED,8.328394,6.861263
елеосвящение,5,87.43592043200002,UNCATEGORIZED,8.173186,7.13932
покушение,1,77.69889467,UNCATEGORIZED,8.299473,6.3917403
блицкриг,3,84.25523230333333,UNCATEGORIZED,7.9809895,5.3731074
мелирование,1,84.65065906,UNCATEGORIZED,6.242836,3.826792
пивоварня,1,95.61075417,UNCATEGORIZED,4.1552224,6.3927197
фосген,1,85.16369832,UNCATEGORIZED,4.82725,2.0451052
савка,2,93.10483920499999,UNCATEGORIZED,0.8936843,7.6925845
физрук,1,87.26380056,UNCATEGORIZED,2.9363399,9.002387
выгон,1,93.72640866,UNCATEGORIZED,3.9897192,6.653734
противопоказание,2,93.670370635,UNCATEGORIZED,8.0173855,2.9923797
разделение,1,90.78648035,UNCATEGORIZED,8.346497,6.1617045
пьянка,1,94.07497037,UNCATEGORIZED,6.8099823,6.6542897
отруб,1,89.53682551,UNCATEGORIZED,6.3727407,6.285112
милорд,3,94.24820090333333,UNCATEGORIZED,2.7709272,8.495659
танчико,1,87.05669133,UNCATEGORIZED,2.0516033,6.4771805
видеомагнитофон,1,88.32372691,UNCATEGORIZED,3.0915174,5.9065833
сникерс,1,80.32555864,UNCATEGORIZED,2.987443,2.3314013
иннервация,1,94.65906549,UNCATEGORIZED,7.3763723,3.4482396
облучение,1,91.72162963,UNCATEGORIZED,6.3673434,3.6934974
оскал,1,85.66058267,UNCATEGORIZED,4.6792364,4.243147
накопление,1,83.06752049,UNCATEGORIZED,8.1772585,6.2996874
нокс,2,94.982332945,UNCATEGORIZED,0.20350768,6.947183
пятистенка,1,72.68574081,UNCATEGORIZED,3.9507685,6.2291565
оговор,1,80.85821848,UNCATEGORIZED,7.698568,5.7990212
админ,1,89.82716715,UNCATEGORIZED,2.6914437,8.9615135
бульбуля,1,81.93675095,UNCATEGORIZED,0.8702951,7.132882
водник,1,81.93675095,UNCATEGORIZED,1.2871453,7.517805
фотосессия,1,93.82706857,UNCATEGORIZED,6.6947365,5.6326575
эмбриология,1,92.21252955,UNCATEGORIZED,6.8425593,4.5087056
гем,1,98.34766806,UNCATEGORIZED,0.7460797,6.8742824
фортель,1,96.82434717,UNCATEGORIZED,5.9251,6.462868
депря,1,86.6594368,UNCATEGORIZED,1.092608,6.8048906
ментал,1,77.2803346,UNCATEGORIZED,2.6620193,6.5512295
непроницаемость,1,77.03693574,UNCATEGORIZED,9.41381,4.6521854
растление,1,92.30199436,UNCATEGORIZED,8.517962,5.72899
домогательство,1,92.6191141,UNCATEGORIZED,8.344142,5.349111
домище,1,65.79703313,UNCATEGORIZED,4.0724134,6.340536
вертел,3,92.573763,UNCATEGORIZED,2.8369074,3.6935232
батл,2,92.17890082,UNCATEGORIZED,1.1972036,6.92821
саб,1,90.62852145,UNCATEGORIZED,0.8815478,6.9057064
ровесник,1,87.54816579,UNCATEGORIZED,2.205483,8.722789
тироксин,1,89.61357442,UNCATEGORIZED,5.7818475,2.385144
ворчание,1,92.38566732,UNCATEGORIZED,5.827498,5.8679543
невежество,1,89.46440444,UNCATEGORIZED,8.960664,5.485085
гидролиз,1,89.67426754,UNCATEGORIZED,6.545814,3.2957666
петушок,1,84.98594506,UNCATEGORIZED,-0.09169675,7.983737
абсцисса,1,89.35161999,UNCATEGORIZED,6.242733,4.3689623
овечка,1,90.62189927,UNCATEGORIZED,0.15925726,8.758921
харчевня,1,91.69459414,UNCATEGORIZED,4.3535047,6.8040752
фобос,1,91.69459414,UNCATEGORIZED,3.325405,7.209525
жилка,3,90.87223653666668,UNCATEGORIZED,4.2767787,3.9051385
триас,2,93.11415793,UNCATEGORIZED,1.5373616,6.2516003
выпаривание,1,92.71439907,UNCATEGORIZED,6.5797706,3.1615455
кутюра,1,92.55748528,UNCATEGORIZED,3.8242886,3.1501117
наркозависимость,2,94.37671369,UNCATEGORIZED,6.790573,3.3325403
следователь,1,95.88587732,UNCATEGORIZED,3.2982237,9.385303
подранок,1,86.51640679,UNCATEGORIZED,1.2841257,8.021858
ретривера,1,86.51640679,UNCATEGORIZED,-0.21166342,8.723745
укра,1,93.81742837,UNCATEGORIZED,-0.23450434,5.8741984
талиб,1,90.79805472,UNCATEGORIZED,1.8241224,9.016176
сэр,2,88.16578967000001,UNCATEGORIZED,2.7861602,8.55373
фоллом,1,89.76522442,UNCATEGORIZED,0.8104185,6.659948
караул,1,85.06455143,UNCATEGORIZED,4.9202347,8.363549
индостан,1,95.16960302,UNCATEGORIZED,4.7857084,6.3457694
ожег,1,96.9746229,UNCATEGORIZED,5.1494346,5.921911
миропомазание,1,85.65512317,UNCATEGORIZED,8.090204,7.0766435
энергоблок,1,90.19546585,UNCATEGORIZED,3.0339167,5.959487
стен,1,82.05044638,UNCATEGORIZED,4.2900147,5.4962964
склиф,3,90.65749058333334,UNCATEGORIZED,4.3853908,7.2624483
усидчивость,1,95.16832763,UNCATEGORIZED,9.909428,5.072539
мим,1,83.68971462,UNCATEGORIZED,0.87086403,7.253546
унылость,1,88.65837645,UNCATEGORIZED,9.498596,4.452978
устремленность,1,88.65837645,UNCATEGORIZED,9.679697,5.0881596
водохранилище,1,86.02936907,UNCATEGORIZED,4.363196,5.8632135
жрачка,1,86.02936907,UNCATEGORIZED,3.6964524,2.8519049
бланк,1,84.36805057,UNCATEGORIZED,6.4118047,7.5531087
перегруз,4,93.92339610249999,UNCATEGORIZED,6.897386,6.269761
телодвижение,1,81.95324045,UNCATEGORIZED,8.023293,5.3592577
идолопоклонник,1,77.46380415,UNCATEGORIZED,1.5544263,9.806274
самоуправство,1,77.46380415,UNCATEGORIZED,8.682912,5.6464214
полоскание,1,77.46380415,UNCATEGORIZED,6.4497614,3.652408
инфраструктура,1,86.94174659,UNCATEGORIZED,6.8119183,5.732006
стажировка,1,97.28194071,UNCATEGORIZED,7.0735,5.617654
человеколюбие,2,85.00999675,UNCATEGORIZED,9.386266,5.8281546
жаропонижающее,2,86.936867105,UNCATEGORIZED,4.521088,1.7979497
юродство,1,89.88342469,UNCATEGORIZED,8.580372,5.2640977
молитвенник,1,82.70509481,UNCATEGORIZED,5.990432,7.1120834
громыхание,1,86.447539,UNCATEGORIZED,5.707989,5.896691
формализм,1,88.28683392,UNCATEGORIZED,8.2594595,4.515409
навага,1,95.48833842,UNCATEGORIZED,0.28510803,5.1839128
повешение,1,95.28717836,UNCATEGORIZED,7.7238326,7.1134367
карбованец,2,91.0606015,UNCATEGORIZED,4.2276726,4.5048056
усмешка,2,93.84416267,UNCATEGORIZED,4.6369853,4.2675786
мститель,1,90.02238841,UNCATEGORIZED,1.7295794,9.571491
поприще,2,90.80308945499999,UNCATEGORIZED,8.563342,6.508577
скула,1,97.66593693,UNCATEGORIZED,3.9064608,3.881146
верчение,1,79.29506722,UNCATEGORIZED,7.569217,4.890073
кривотолки,1,94.3820064,UNCATEGORIZED,7.614029,5.8468585
головняк,2,89.76918099,UNCATEGORIZED,6.3892307,6.2445784
интеллигентность,1,93.80314508,UNCATEGORIZED,9.473218,4.9690843
отдаленность,1,92.65791826,UNCATEGORIZED,9.600828,4.6420856
плевел,1,85.51324353,UNCATEGORIZED,2.4702065,2.0768676
ренегатство,1,85.51324353,UNCATEGORIZED,8.328737,5.063593
пария,2,88.65701902,UNCATEGORIZED,1.3639586,9.877471
монстрик,2,93.95324876999999,UNCATEGORIZED,1.0533923,8.324773
мяско,1,97.58129478,UNCATEGORIZED,3.1164408,2.3065758
лимбо,3,91.78371072333334,UNCATEGORIZED,0.83456105,6.7857256
четкость,1,92.97827334,UNCATEGORIZED,9.452203,4.716202
муляж,1,87.0075109,UNCATEGORIZED,6.1855516,5.889669
горючее,1,63.68287611,UNCATEGORIZED,3.9524267,2.4236126
обиталище,1,58.61468927,UNCATEGORIZED,4.6482797,6.4387703
злоупотребление,1,98.33271333,UNCATEGORIZED,8.2649975,5.7299805
будущность,1,98.33271333,UNCATEGORIZED,8.767588,6.443059
летяга,1,93.10099814,UNCATEGORIZED,0.25647923,8.155811
нефрит,1,87.76868948,UNCATEGORIZED,4.267486,1.4132364
запутанность,1,86.98031602,UNCATEGORIZED,9.567782,4.364884
вставка,1,84.44657798,UNCATEGORIZED,6.4974117,5.056494
авторитет,2,86.75417788,UNCATEGORIZED,8.545301,6.390315
девственник,1,82.09527136,UNCATEGORIZED,1.1319382,9.782203
триместр,1,80.5306673,UNCATEGORIZED,7.809754,3.2065794
полати,2,85.26866642499999,UNCATEGORIZED,2.8513095,4.577072
яз,1,86.39954411,UNCATEGORIZED,1.5265118,8.344968
створ,1,92.24690534,UNCATEGORIZED,3.7106175,6.040788
ариго,1,96.56265229,UNCATEGORIZED,0.69239557,6.746004
сплетня,1,86.84452967,UNCATEGORIZED,7.2582254,6.04967
тель,1,93.46239953,UNCATEGORIZED,0.016115705,6.163579
квадра,1,96.11867794,UNCATEGORIZED,1.1384939,6.415318
праязык,1,90.40820846,UNCATEGORIZED,6.4823465,3.7398746
ажур,3,90.64439538333333,UNCATEGORIZED,6.3665905,6.3302855
курта,1,90.40820846,UNCATEGORIZED,1.0083795,6.173578
окоп,1,86.82942784,UNCATEGORIZED,4.141561,5.8521237
гровер,1,95.90131245,UNCATEGORIZED,0.551626,6.9599795
оскар,3,89.90230618333332,UNCATEGORIZED,0.23151173,7.110513
инструктаж,1,83.84711392,UNCATEGORIZED,6.9068666,7.3672214
перекос,1,93.26436257,UNCATEGORIZED,7.2059937,6.2250957
мелк,1,90.71079973,UNCATEGORIZED,0.681384,6.247562
спорынья,3,87.97456024999998,UNCATEGORIZED,6.228015,4.3804374
устрашение,1,83.66350061,UNCATEGORIZED,8.348564,5.6917486
финансирование,1,94.60157725,UNCATEGORIZED,7.721891,6.768593
забитость,1,93.58127258,UNCATEGORIZED,9.4204855,4.4125423
канадец,1,92.8984027,UNCATEGORIZED,1.7001553,9.075031
дюгонь,1,81.25071419,UNCATEGORIZED,0.8633024,7.7734795
корсар,1,81.4459887,UNCATEGORIZED,1.7695056,9.484498
франчайзинг,3,84.26923842333333,UNCATEGORIZED,7.412948,4.4186916
шериф,1,89.67511829,UNCATEGORIZED,3.0553339,9.19405
соцсеть,1,89.96512231,UNCATEGORIZED,3.1754777,6.489014
перегрузка,2,94.18222605,UNCATEGORIZED,7.0764346,4.6737323
кремнезем,1,88.36340327,UNCATEGORIZED,4.7500877,2.222737
снега,1,91.64802429,UNCATEGORIZED,5.1168756,4.4453044
пригород,2,90.79129037499999,UNCATEGORIZED,4.5677786,6.953905
спрингфилд,1,80.16256826,UNCATEGORIZED,3.696067,7.1865153
шарлотка,1,92.19025238,UNCATEGORIZED,3.1651707,2.3005664
феда,1,82.66386965,UNCATEGORIZED,1.1672003,6.9539337
зпппа,2,96.39029729500001,UNCATEGORIZED,7.415927,2.6426742
хэллоуин,1,89.20595192,UNCATEGORIZED,7.2186375,8.021149
горчичник,1,85.41099746,UNCATEGORIZED,5.012447,3.812829
фан,1,85.41099746,UNCATEGORIZED,0.10205683,6.3026023
гравировка,4,91.41171911499998,UNCATEGORIZED,5.4764752,4.127086
чистоплюй,1,80.50180088,UNCATEGORIZED,1.1061139,9.612691
метеорология,1,94.00666288,UNCATEGORIZED,6.756383,4.5052853
сталкинг,1,94.00666288,UNCATEGORIZED,8.084017,4.5896316
вечеря,2,93.793501735,UNCATEGORIZED,7.351951,6.978234
книгопечатание,1,82.70462462,UNCATEGORIZED,6.445806,4.7046547
домохозяйство,1,93.58034059,UNCATEGORIZED,8.548782,4.593723
виктори,1,88.53036189,UNCATEGORIZED,1.6994332,6.6647644
хель,1,92.03636361,UNCATEGORIZED,1.5105704,7.7286434
кочегарка,1,84.73865611,UNCATEGORIZED,4.169055,6.0809336
европ,1,84.73865611,UNCATEGORIZED,5.288639,2.5629833
силач,1,84.73865611,UNCATEGORIZED,1.8647139,9.247772
мультя,1,85.68828624,UNCATEGORIZED,4.8291254,4.15062
увал,2,91.89014928,UNCATEGORIZED,4.2676353,5.6509523
чернильница,1,89.62994796,UNCATEGORIZED,3.2314844,4.4575706
австралиец,2,87.93300406,UNCATEGORIZED,1.5361491,9.0093155
тройняшка,1,97.28148181,UNCATEGORIZED,6.0151525,3.1962132
хрип,1,91.10276244,UNCATEGORIZED,5.72588,5.9442096
цинизм,1,81.3861169,UNCATEGORIZED,8.973002,5.308627
квитанция,2,90.952290605,UNCATEGORIZED,6.387612,7.5189867
англия,2,93.85505914999999,UNCATEGORIZED,5.636961,7.7296677
нарком,1,95.53649623,UNCATEGORIZED,3.5411818,9.207527
гит,1,90.35859718,UNCATEGORIZED,0.54767966,6.627383
байон,1,94.25358682,UNCATEGORIZED,1.0875585,6.8905234
курильня,1,86.734129,UNCATEGORIZED,4.3245244,3.5387287
концерн,2,90.804276395,UNCATEGORIZED,5.1072855,7.8348403
ругательство,2,86.170783055,UNCATEGORIZED,6.40223,5.947396
марабу,1,68.52156754,UNCATEGORIZED,-0.10773411,7.994493
переписка,1,91.27911982,UNCATEGORIZED,6.779367,6.7622633
бахвальство,1,91.27911982,UNCATEGORIZED,8.690532,5.4530787
поэтесса,1,93.39472358,UNCATEGORIZED,2.3667002,7.768155
горемыка,1,89.95372625,UNCATEGORIZED,1.0318147,9.736623
мейнстрим,1,86.15529067,UNCATEGORIZED,7.769674,4.6389165
колон,1,92.33640139,UNCATEGORIZED,0.84702486,7.0767336
обещание,1,95.52836426,UNCATEGORIZED,7.7050104,7.5306945
обыск,1,99.62876557,UNCATEGORIZED,7.1785088,7.4130588
агентство,1,99.62876557,UNCATEGORIZED,5.7221684,8.065362
оперуполномоченный,1,95.37350929,UNCATEGORIZED,3.3159964,9.338219
функциональность,1,89.18603929,UNCATEGORIZED,9.450962,4.77331
паркинг,3,84.49019912666667,UNCATEGORIZED,3.6450298,6.659038
санузел,4,85.443416785,UNCATEGORIZED,3.908776,6.282169
фосфолипид,1,81.81855178,UNCATEGORIZED,6.027428,2.532631
релакс,2,86.42781275499999,UNCATEGORIZED,6.3846345,6.2465463
глумление,1,87.47659898,UNCATEGORIZED,8.695092,5.766894
говорение,1,88.14612394,UNCATEGORIZED,7.944825,5.3014793
горделивость,1,84.66408673,UNCATEGORIZED,9.346706,4.693672
отождествление,2,89.501819775,UNCATEGORIZED,8.393313,6.131177
расслабление,2,84.13820806999999,UNCATEGORIZED,6.951764,4.9706726
сосредоточение,1,83.31640399,UNCATEGORIZED,8.017073,6.2889757
моногамия,1,86.0964301,UNCATEGORIZED,8.027382,4.950216
ракитник,1,89.95012217,UNCATEGORIZED,2.0224867,2.2744591
анго,1,82.96107748,UNCATEGORIZED,1.192672,6.681833
обой,1,98.57624107,UNCATEGORIZED,4.9290786,4.219185
универ,1,98.57624107,UNCATEGORIZED,4.9746575,7.395948
грумера,1,92.95139978,UNCATEGORIZED,0.870924,6.9028745
едкость,2,93.00834752,UNCATEGORIZED,9.401675,4.242152
наг,1,92.95139978,UNCATEGORIZED,1.1199932,9.128915
найка,1,88.26965599,UNCATEGORIZED,1.0289687,6.5126853
умеренность,1,82.62583781,UNCATEGORIZED,9.757292,5.320003
испытатель,1,84.0255307,UNCATEGORIZED,2.8183553,9.793614
шпажка,1,93.07714304,UNCATEGORIZED,3.0315409,1.8408135
макрос,1,89.23605063,UNCATEGORIZED,0.62407476,6.8518224
шокер,1,94.32260578,UNCATEGORIZED,1.8157756,4.963451
шир,1,84.22350139,UNCATEGORIZED,0.4574988,7.1564536
ленк,1,86.99761463,UNCATEGORIZED,0.969075,6.920758
мортис,1,86.99761463,UNCATEGORIZED,0.9512731,7.1695743
андерграунд,3,89.42280693999999,UNCATEGORIZED,2.2129562,6.6111345
поко,1,96.63739571,UNCATEGORIZED,0.26406476,6.115385
подсластитель,1,78.07024362,UNCATEGORIZED,4.7723618,2.1792622
отречение,2,92.637969535,UNCATEGORIZED,8.670234,6.574326
приморье,1,91.7565699,UNCATEGORIZED,4.755316,6.340721
префектура,1,80.24544994,UNCATEGORIZED,4.858994,7.048292
гребенка,1,80.24544994,UNCATEGORIZED,3.0585685,3.820646
сладкое,2,90.71472471499999,UNCATEGORIZED,3.245417,1.9511588
оптимум,1,94.9341135,UNCATEGORIZED,7.4943385,4.617046
гемара,1,87.47799742,UNCATEGORIZED,6.1563525,6.7022963
сундучок,1,87.47799742,UNCATEGORIZED,2.645089,4.4675894
закуток,1,90.31916596,UNCATEGORIZED,3.9014165,6.217361
улия,2,91.853784405,UNCATEGORIZED,1.1057041,6.764222
зэк,3,90.14811900666666,UNCATEGORIZED,1.7452178,9.713695
ленинизм,2,93.360678355,UNCATEGORIZED,8.236509,4.729265
нона,1,97.63282855,UNCATEGORIZED,0.45694762,6.5267406
биомасса,2,85.394830305,UNCATEGORIZED,6.1066613,4.231305
диорама,1,92.62237408,UNCATEGORIZED,5.101029,5.1349926
начитанность,2,89.60547632,UNCATEGORIZED,9.567657,5.2112136
можа,1,92.68960612,UNCATEGORIZED,-0.42849457,5.7405143
шанель,2,93.564838615,UNCATEGORIZED,3.702527,3.1244013
аллель,1,77.49650707,UNCATEGORIZED,6.575028,3.8375177
хохолок,1,92.15089299,UNCATEGORIZED,2.628192,3.3240259
делопроизводство,2,93.18533629,UNCATEGORIZED,6.9543023,7.208623
побои,1,95.36901952,UNCATEGORIZED,8.761347,5.9364314
союзник,1,73.34547077,UNCATEGORIZED,2.9041297,9.046374
протодиакон,1,88.32609598,UNCATEGORIZED,2.3760526,9.600243
шрапнель,1,87.36730483,UNCATEGORIZED,2.2905502,5.226263
питье,2,79.13227862,UNCATEGORIZED,4.0048976,1.8022729
диспепсия,1,90.50076836,UNCATEGORIZED,7.9892664,2.8097215
меценат,1,89.23379721,UNCATEGORIZED,2.9699523,9.897212
биндюжник,1,89.23379721,UNCATEGORIZED,1.4136884,8.618007
булат,1,84.74454231,UNCATEGORIZED,4.4772763,2.4886968
брюшина,1,84.74454231,UNCATEGORIZED,5.3432927,3.2268507
выкладка,1,84.74454231,UNCATEGORIZED,6.8021994,5.032884
ванилин,1,96.56703977,UNCATEGORIZED,2.7537446,1.4655689
орм,3,86.74008142000001,UNCATEGORIZED,1.8647202,8.649977
мга,2,87.04514102499999,UNCATEGORIZED,1.1810883,6.4887443
стир,1,83.99082753,UNCATEGORIZED,0.527509,7.085315
пон,1,83.99082753,UNCATEGORIZED,0.8414675,6.3891025
червячок,1,95.56331894,UNCATEGORIZED,0.33914307,8.251423
холестерин,1,93.69796358,UNCATEGORIZED,5.4807844,2.2433355
гавканье,1,93.69796358,UNCATEGORIZED,5.8645678,5.6985626
нагий,1,96.02259422,UNCATEGORIZED,1.1537067,7.1532145
страдалец,1,87.62842762,UNCATEGORIZED,1.8343607,9.709621
вожжа,1,89.16886956,UNCATEGORIZED,3.960146,4.4711246
менестрель,1,91.99233,UNCATEGORIZED,2.0069747,9.127649
монетаризм,1,77.55697458,UNCATEGORIZED,7.6896415,4.315501
мерзавчик,1,90.75487718,UNCATEGORIZED,2.8436031,5.088602
казак,2,88.887066815,UNCATEGORIZED,2.5700164,9.04493
переключатель,2,91.60798512,UNCATEGORIZED,2.9888136,5.7600155
блудница,3,79.84830758999999,UNCATEGORIZED,2.0210915,8.004813
гугол,3,79.84830758999999,UNCATEGORIZED,1.2133244,7.1150575
трехлинейка,1,78.56328542,UNCATEGORIZED,2.187309,4.58421
контент,1,88.22611256,UNCATEGORIZED,3.2327821,6.4772754
баррель,2,94.717115905,UNCATEGORIZED,4.379441,4.292204
кеш,1,95.81130832,UNCATEGORIZED,0.39564157,6.7147737
экзогамия,1,85.86143828,UNCATEGORIZED,6.998918,3.4302237
заявка,2,90.491584265,UNCATEGORIZED,6.7661304,7.091811
подушечка,2,85.33213294000001,UNCATEGORIZED,2.7220278,3.8064704
адресат,1,87.63065457,UNCATEGORIZED,3.5656605,9.431259
квал,1,85.09757754,UNCATEGORIZED,-0.121700436,5.9721227
дерби,1,88.94324888,UNCATEGORIZED,3.90304,8.374689
кошель,1,83.58102835,UNCATEGORIZED,2.466209,4.202377
скол,1,89.16403756,UNCATEGORIZED,4.6736703,4.45651
пискун,1,91.2220066,UNCATEGORIZED,1.0914178,7.304169
древлянин,1,82.26893197,UNCATEGORIZED,1.4597087,7.6553364
плутовство,1,89.54765747,UNCATEGORIZED,8.543097,5.3963056
протекционизм,1,92.29349375,UNCATEGORIZED,8.163427,5.1142893
микроскопия,2,87.811820315,UNCATEGORIZED,6.721068,4.1667013
водопроводчик,1,84.31871392,UNCATEGORIZED,2.586953,9.832709
заначка,1,83.58307756,UNCATEGORIZED,4.4481807,4.510545
прижимистость,1,83.58307756,UNCATEGORIZED,9.553762,4.6845026
искорка,1,83.58307756,UNCATEGORIZED,4.5964437,4.530187
атрибуция,1,75.71004025,UNCATEGORIZED,7.1667233,4.421495
рема,1,75.71004025,UNCATEGORIZED,0.97945,6.195732
истероид,1,75.71004025,UNCATEGORIZED,1.3393489,10.005644
имплантант,1,87.23788687,UNCATEGORIZED,2.6320648,6.208915
застройка,1,87.23788687,UNCATEGORIZED,6.996389,5.293509
лого,1,81.57666895,UNCATEGORIZED,-0.09955349,6.0061426
бимбо,1,81.57666895,UNCATEGORIZED,0.5973725,7.819242
кондо,1,81.57666895,UNCATEGORIZED,0.51762044,6.901692
кондом,1,76.90367299,UNCATEGORIZED,1.8576057,3.9763741
отмазка,1,76.90367299,UNCATEGORIZED,6.20961,5.681153
шаньга,1,89.62057545,UNCATEGORIZED,3.3104804,2.2523139
медовик,1,89.62057545,UNCATEGORIZED,1.7336868,6.877101
неистовство,1,88.04839545,UNCATEGORIZED,9.505151,6.1729207
фарингит,1,94.02484351,UNCATEGORIZED,7.8048487,2.4787426
тренч,2,83.25417301499999,UNCATEGORIZED,0.42860037,6.87819
урбан,1,92.82415024,UNCATEGORIZED,2.3581405,8.902486
рор,1,90.09945452,UNCATEGORIZED,1.1084461,7.0182276
репрезентативность,2,88.009283885,UNCATEGORIZED,6.839644,3.3676395
дзот,1,86.90754526,UNCATEGORIZED,4.0199237,6.2002487
мотобот,1,86.90754526,UNCATEGORIZED,2.9019256,6.8644805
бакенбарда,2,90.04887168,UNCATEGORIZED,2.5732343,3.364869
комментарий,1,97.7681677,UNCATEGORIZED,6.5091057,7.060279
разгадка,1,92.1933403,UNCATEGORIZED,7.4666605,6.2877607
женственность,1,72.77416561,UNCATEGORIZED,9.665724,5.0071564
переедание,1,97.01282703,UNCATEGORIZED,8.058582,3.4279315
сигара,2,91.77371172,UNCATEGORIZED,3.2106185,4.224688
турок,1,99.00357072,UNCATEGORIZED,1.7466842,8.859447
полномочие,1,99.00357072,UNCATEGORIZED,7.5470686,7.4489903
крестница,1,99.00357072,UNCATEGORIZED,2.3123355,7.7890086
дельфинарий,1,96.26569378,UNCATEGORIZED,4.110858,7.108783
имаго,1,57.74416637,UNCATEGORIZED,0.8283231,8.049227
больша,2,92.40187839,UNCATEGORIZED,-0.4173107,5.7532945
мертвый,1,62.0066964,UNCATEGORIZED,1.1693552,8.66413
полента,1,93.34171079,UNCATEGORIZED,3.2374113,2.4842732
беспредметность,1,90.66998363,UNCATEGORIZED,8.924304,4.2087984
голыш,2,86.05996316,UNCATEGORIZED,3.4450119,3.2256896
госпожа,1,86.23992405,UNCATEGORIZED,2.5161319,8.179758
сатурналии,1,95.74373468,UNCATEGORIZED,7.2560596,8.00229
пролонгация,1,85.4644639,UNCATEGORIZED,6.5421424,3.2789497
затор,1,80.40491581,UNCATEGORIZED,4.8558736,5.226311
округа,1,81.98965484,UNCATEGORIZED,4.568865,7.9688997
плерома,1,87.30644069,UNCATEGORIZED,6.7471776,4.2829905
розга,1,92.44395437,UNCATEGORIZED,2.2032533,4.2865443
запал,1,92.44395437,UNCATEGORIZED,2.2333992,5.350698
сибиряк,1,90.87046027,UNCATEGORIZED,1.688496,8.943036
бестактность,1,95.23673953,UNCATEGORIZED,9.500881,5.2316604
чебрец,3,92.75302857666667,UNCATEGORIZED,1.8931558,1.6643788
румын,1,96.34220925,UNCATEGORIZED,1.6930827,8.788206
гипотермия,1,91.23402885,UNCATEGORIZED,7.6073833,3.423785
светочувствительность,1,91.92116161,UNCATEGORIZED,9.033592,4.179645
прицеп,1,92.18558875,UNCATEGORIZED,3.315202,7.4586697
миква,1,87.65135027,UNCATEGORIZED,6.66166,3.764417
бефстроганов,1,90.99048997,UNCATEGORIZED,3.0571716,2.0759315
конверс,1,99.01050083,UNCATEGORIZED,0.36106858,6.818053
горлопан,1,94.0344951,UNCATEGORIZED,1.0852972,9.465165
поблажка,1,92.11047541,UNCATEGORIZED,6.0688157,5.5505958
биосфера,1,92.70087679,UNCATEGORIZED,6.6515594,4.352034
традиционность,1,91.7774734,UNCATEGORIZED,9.192748,4.3052745
категоричность,1,93.31008913,UNCATEGORIZED,9.607263,4.8738084
амбре,1,91.65529858,UNCATEGORIZED,5.2428718,3.84911
наяда,1,88.13298426,UNCATEGORIZED,1.5304588,7.9393864
льдинка,1,90.71563343,UNCATEGORIZED,3.8411582,4.3076005
петара,2,87.59870999,UNCATEGORIZED,0.9336674,6.9283943
сушь,2,87.1643152,UNCATEGORIZED,5.5894437,4.6823244
автомобилист,1,84.53482307,UNCATEGORIZED,2.0527265,9.841835
параноик,1,88.73609619,UNCATEGORIZED,1.2281926,9.929798
пролом,1,88.73609619,UNCATEGORIZED,4.2008157,5.5509996
кип,2,83.24665713499999,UNCATEGORIZED,0.4157154,7.026035
обод,1,84.81417524,UNCATEGORIZED,2.7711394,4.7494116
дикция,1,95.03369391,UNCATEGORIZED,6.6430206,5.2508473
щепоть,1,95.03369391,UNCATEGORIZED,2.769338,3.5472715
враки,1,95.03369391,UNCATEGORIZED,7.344612,5.827244
интеллектуал,1,83.59409691,UNCATEGORIZED,1.7883421,10.128971
шелупонь,1,83.59409691,UNCATEGORIZED,5.4264436,8.549934
буканьер,1,86.72310048,UNCATEGORIZED,1.4689986,8.5423155
шиитака,1,88.4981686,UNCATEGORIZED,1.5394481,5.8031077
лов,1,92.92584147,UNCATEGORIZED,0.73184884,5.035414
кага,1,92.92584147,UNCATEGORIZED,1.1134185,6.535397
смешение,1,93.10816868,UNCATEGORIZED,8.419969,6.2311125
меньшинство,1,94.22111775,UNCATEGORIZED,5.6747603,8.12896
купечество,1,91.02683752,UNCATEGORIZED,5.718604,8.268334
непереносимость,1,84.0985202,UNCATEGORIZED,8.052734,3.007071
радушие,1,84.0985202,UNCATEGORIZED,9.791099,5.5872025
визажист,1,87.78938623,UNCATEGORIZED,2.8793566,10.036394
клешня,2,91.90768225,UNCATEGORIZED,3.6104915,3.7562563
княгиня,1,95.29060994,UNCATEGORIZED,2.4311595,8.219995
прихоть,3,89.92003109333335,UNCATEGORIZED,7.9065695,6.038854
товарка,1,89.88905174,UNCATEGORIZED,2.1700094,7.7695026
шлык,1,83.58434292,UNCATEGORIZED,1.6326985,3.6202993
включенность,1,62.11464494,UNCATEGORIZED,8.914663,4.4645734
морена,2,93.68315111499999,UNCATEGORIZED,0.6985428,6.825184
серебрянка,1,73.33375523,UNCATEGORIZED,0.54125524,7.656177
апория,2,80.6564284,UNCATEGORIZED,6.9189506,4.598414
разреженность,1,73.33375523,UNCATEGORIZED,8.753445,4.0843005
ненасытность,1,73.33375523,UNCATEGORIZED,9.50864,4.837667
уголовник,1,73.33375523,UNCATEGORIZED,1.5329458,9.668448
сверхпроводник,1,80.32914788,UNCATEGORIZED,4.8805757,2.8506129
теплотрасса,1,86.78678423,UNCATEGORIZED,3.2051659,5.3873363
зулус,1,83.95020585,UNCATEGORIZED,1.4020804,8.900854
снегоступ,2,83.785794115,UNCATEGORIZED,2.3185701,5.15222
слоган,1,90.75551027,UNCATEGORIZED,6.089712,6.5332127
антипротон,1,52.32595806,UNCATEGORIZED,5.816357,2.882238
зачес,2,94.25475242499999,UNCATEGORIZED,2.7586596,3.2650883
полисмен,1,86.39705576,UNCATEGORIZED,3.0195138,9.152487
держиморда,1,86.39705576,UNCATEGORIZED,1.2583712,9.361001
суровость,2,91.29819769,UNCATEGORIZED,9.77067,5.103018
сговор,1,94.96049312,UNCATEGORIZED,7.8646626,6.1475472
книгопродавец,1,94.06049824,UNCATEGORIZED,2.8978004,10.084229
кружок,4,89.0351540275,UNCATEGORIZED,5.0065413,4.957889
раззява,1,85.29153117,UNCATEGORIZED,0.6838231,9.784106
отдел,1,82.78417774,UNCATEGORIZED,5.471681,8.186747
экзорцист,1,91.92963558,UNCATEGORIZED,2.3035612,9.436093
репеллент,1,91.92963558,UNCATEGORIZED,4.381332,2.2768035
горд,1,83.35780454,UNCATEGORIZED,7.962527,7.4508953
дорогуша,1,93.93359271,UNCATEGORIZED,1.6781735,8.073622
перепад,1,95.77123195,UNCATEGORIZED,7.2909374,5.947871
аудит,2,94.63767648999999,UNCATEGORIZED,6.9360247,7.1302176
сытость,1,93.69295411,UNCATEGORIZED,9.338853,5.643579
генотип,2,89.91232809499999,UNCATEGORIZED,6.5475917,3.8915765
багор,1,90.68473505,UNCATEGORIZED,2.1262467,4.8269763
выбраковка,1,89.64481899,UNCATEGORIZED,6.7247777,4.3857007
подпол,1,89.75389854,UNCATEGORIZED,3.9665968,6.3794785
унисекс,1,98.26759014,UNCATEGORIZED,7.842051,4.362986
кильватер,1,98.26759014,UNCATEGORIZED,3.0335953,7.070864
телекамера,1,96.3142162,UNCATEGORIZED,3.3298132,5.5879683
избиение,1,96.3142162,UNCATEGORIZED,8.020473,6.391878
ермолка,4,86.75100429999999,UNCATEGORIZED,1.8812376,3.466964
удила,1,92.9265124,UNCATEGORIZED,0.35960636,8.915316
пожарище,1,81.54255461,UNCATEGORIZED,4.488914,5.485485
паровик,1,81.70390141,UNCATEGORIZED,2.9250324,5.845885
колит,1,92.55713591,UNCATEGORIZED,7.99987,2.6251106
сановник,1,92.55713591,UNCATEGORIZED,2.7089229,9.34441
фиеста,2,88.13368646,UNCATEGORIZED,1.3050166,6.4834266
похититель,1,91.08866244,UNCATEGORIZED,1.5230769,9.822584
ложбинка,3,85.82496412666667,UNCATEGORIZED,4.4511704,5.197822
велосипедист,1,92.42065243,UNCATEGORIZED,2.4637291,9.418537
перевязь,4,90.7382365525,UNCATEGORIZED,1.8516644,4.047834
джинн,3,90.70073669333333,UNCATEGORIZED,1.7335906,8.979274
политбюро,1,94.77913376,UNCATEGORIZED,6.1655235,8.12691
обгон,1,88.9199845,UNCATEGORIZED,5.1382074,6.606833
исцеление,1,95.81513354,UNCATEGORIZED,8.614127,6.6283298
прич,1,93.81845609,UNCATEGORIZED,0.24130477,6.2322283
белк,1,99.29907716,UNCATEGORIZED,0.8865972,7.0054817
самба,1,89.0893096,UNCATEGORIZED,1.0748069,6.4920964
соломка,1,94.25130731,UNCATEGORIZED,3.0957124,2.3743203
орлица,1,89.56056613,UNCATEGORIZED,0.034348026,7.9283395
поставка,1,91.43825922,UNCATEGORIZED,6.8878045,5.521517
собирательство,1,82.2318484,UNCATEGORIZED,6.3958893,4.5571566
безвкусица,2,87.390675735,UNCATEGORIZED,6.466956,5.4736743
шельма,1,86.53020352,UNCATEGORIZED,0.79186374,9.422982
бартон,1,93.22744383,UNCATEGORIZED,0.07961889,6.879254
эгль,1,97.0943455,UNCATEGORIZED,1.6929505,6.667515
гефест,1,90.93709351,UNCATEGORIZED,1.289131,8.228307
кройка,1,89.14956745,UNCATEGORIZED,6.3928375,3.9996138
необузданность,1,89.14956745,UNCATEGORIZED,9.4593,4.815924
ортодоксальность,1,91.02154705,UNCATEGORIZED,9.09572,4.349082
беспощадность,1,91.02154705,UNCATEGORIZED,9.716532,5.117857
любезность,1,94.08043905,UNCATEGORIZED,9.900456,5.4841976
копирайтер,1,94.11031334,UNCATEGORIZED,2.999246,9.813371
гидроузел,3,98.32229324000001,UNCATEGORIZED,3.6292207,5.8235335
аэросани,1,93.17816665,UNCATEGORIZED,3.153428,7.4903955
пилорама,1,95.4557134,UNCATEGORIZED,3.8578331,5.9022527
цареубийство,3,95.36529998666667,UNCATEGORIZED,8.623265,6.170893
затрата,1,95.87929567,UNCATEGORIZED,7.481522,6.0517473
житель,2,88.129920635,UNCATEGORIZED,2.233697,9.732493
сиделка,1,87.06138015,UNCATEGORIZED,2.4874585,8.057461
экспо,1,92.68510884,UNCATEGORIZED,2.1661541,6.84092
казик,2,94.97493992,UNCATEGORIZED,0.5740278,7.159172
вион,1,94.8207913,UNCATEGORIZED,1.0990281,6.69407
похуй,2,84.23948638499999,UNCATEGORIZED,1.7552457,7.3134727
дива,1,92.07654145,UNCATEGORIZED,1.8143722,8.004166
хонда,1,92.07654145,UNCATEGORIZED,3.3655748,7.7533975
могет,1,90.53646273,UNCATEGORIZED,3.8684208,5.8868103
медж,1,90.53646273,UNCATEGORIZED,0.5582929,6.933041
сида,1,90.53646273,UNCATEGORIZED,0.5801247,6.337279
запрос,1,91.66698856,UNCATEGORIZED,7.501983,7.53183
рил,1,93.17026603,UNCATEGORIZED,0.20726305,6.4483643
жива,1,92.13336686,UNCATEGORIZED,2.3502634,8.1646595
объективизм,1,89.2218084,UNCATEGORIZED,8.261993,4.5289493
упрямство,1,89.2218084,UNCATEGORIZED,9.498392,5.631536
курятина,1,85.62467672,UNCATEGORIZED,2.7646782,1.9238893
карпат,1,82.34796552,UNCATEGORIZED,4.582884,5.775687
работяга,1,97.8583168,UNCATEGORIZED,2.3027139,9.697622
вирши,1,97.8583168,UNCATEGORIZED,6.2589974,6.734404
приск,1,89.91060814,UNCATEGORIZED,2.1550994,8.794246
жо,2,89.447647835,UNCATEGORIZED,-0.46955335,5.717869
идентификатор,1,89.430893,UNCATEGORIZED,3.3092806,6.054572
нунчак,1,90.46238159,UNCATEGORIZED,1.7605737,7.3684883
слеп,1,88.98782483,UNCATEGORIZED,1.2666575,9.308983
шляпка,2,66.291894005,UNCATEGORIZED,1.8889606,3.465614
норв,1,89.37501958,UNCATEGORIZED,1.54011,8.142132
разновидность,1,89.91311641,UNCATEGORIZED,6.9266367,6.0592127
виджет,1,94.73857332,UNCATEGORIZED,2.5678377,6.6653733
телекоммуникация,1,92.26481882,UNCATEGORIZED,6.623479,4.5927334
курай,1,90.46448078,UNCATEGORIZED,2.2001572,5.5731635
мудрец,1,86.41113404,UNCATEGORIZED,2.2002223,9.336852
пирокинез,1,86.02271176,UNCATEGORIZED,8.017389,4.272437
эйдос,1,92.48742291,UNCATEGORIZED,7.924248,4.8580503
душка,1,76.12827554,UNCATEGORIZED,1.5213803,8.154987
твердолобость,1,96.72471605,UNCATEGORIZED,9.372966,4.459211
недоразвитие,1,91.63309671,UNCATEGORIZED,7.9689813,3.1610727
мегаватт,1,90.19906223,UNCATEGORIZED,3.9929235,5.002373
замкнутость,1,94.56728392,UNCATEGORIZED,9.633615,5.06063
боекомплект,2,93.23759571,UNCATEGORIZED,1.9542011,5.209305
наездница,1,99.11404023,UNCATEGORIZED,2.1688826,7.6901493
азерб,3,89.87892658,UNCATEGORIZED,1.526402,8.412603
маштак,2,95.631939295,UNCATEGORIZED,1.0691624,7.253013
селитра,1,94.05491278,UNCATEGORIZED,4.7281113,2.117847
набойка,1,94.05491278,UNCATEGORIZED,1.9425495,3.446737
панос,1,92.35348785,UNCATEGORIZED,0.9765133,6.914744
брика,1,83.12308131,UNCATEGORIZED,0.8236723,6.2307906
телек,2,85.33645240999999,UNCATEGORIZED,3.0345783,5.9421372
интим,1,98.62919125,UNCATEGORIZED,5.4132657,6.475259
сборник,1,90.42398175,UNCATEGORIZED,6.294818,7.346788
вредина,1,96.33446729,UNCATEGORIZED,0.9334925,9.632413
дурдом,1,90.30931457,UNCATEGORIZED,4.65607,6.9166803
фибра,1,89.81712265,UNCATEGORIZED,9.673401,4.5358744
прогул,1,89.81712265,UNCATEGORIZED,7.9418254,6.4702673
ню,1,92.74155251,UNCATEGORIZED,0.062663354,6.188251
фастфуд,1,92.74155251,UNCATEGORIZED,4.1087146,6.350917
регистрация,1,92.74155251,UNCATEGORIZED,6.8463435,7.0949945
училка,1,92.74155251,UNCATEGORIZED,2.407228,8.140272
ндфл,1,92.74155251,UNCATEGORIZED,6.9898953,7.5639157
бесприданница,1,94.96566853,UNCATEGORIZED,5.6384325,6.7622733
материальность,1,91.55764652,UNCATEGORIZED,9.168343,4.5673556
парод,1,94.11098124,UNCATEGORIZED,1.2734091,8.752258
парение,1,90.07210564,UNCATEGORIZED,7.8842897,5.372218
эгга,1,91.42955664,UNCATEGORIZED,0.7786263,6.3979554
гнездовье,1,92.1524685,UNCATEGORIZED,4.396262,6.3591337
рытье,1,92.1524685,UNCATEGORIZED,6.906155,6.169664
гадание,1,94.06412506,UNCATEGORIZED,7.9707804,5.9177365
гильдия,1,94.50907815,UNCATEGORIZED,5.367493,7.927128
католичество,1,92.39198334,UNCATEGORIZED,7.986094,5.141394
городничий,1,89.16721242,UNCATEGORIZED,2.8017294,9.416254
му,2,65.154259615,UNCATEGORIZED,-0.09759998,6.041682
тщета,2,89.77079536,UNCATEGORIZED,9.702508,4.267875
нехватка,1,64.9523577,UNCATEGORIZED,7.7997823,5.9833016
боп,1,90.00197765,UNCATEGORIZED,1.3866069,6.4828634
мыслишка,1,90.14721361,UNCATEGORIZED,6.4030385,5.738382
микробиология,1,90.14721361,UNCATEGORIZED,6.816524,4.473776
хлад,1,79.4893236,UNCATEGORIZED,4.693802,3.274922
ектенья,1,79.4893236,UNCATEGORIZED,6.2410226,3.2421434
симпатяга,1,79.4893236,UNCATEGORIZED,1.0844362,9.789118
картуз,2,89.600560085,UNCATEGORIZED,1.6258459,3.6400862
юкагир,1,88.09005964,UNCATEGORIZED,6.1892724,3.0521474
шандал,1,87.38034355,UNCATEGORIZED,2.9156437,4.764155
обладание,1,87.38034355,UNCATEGORIZED,8.100793,6.7894807
присоска,1,89.61097493,UNCATEGORIZED,3.7505746,4.4284554
лютеранин,1,95.68213583,UNCATEGORIZED,1.7548958,9.833957
фильмография,1,95.68213583,UNCATEGORIZED,6.271602,4.75414
спазматическа,1,86.60969076,UNCATEGORIZED,4.722125,3.496449
печенюшка,1,80.17369871,UNCATEGORIZED,3.771972,2.724153
категоризация,1,91.88509996,UNCATEGORIZED,7.5393543,4.416347
горилка,1,86.12614239,UNCATEGORIZED,3.606046,2.0111375
избегание,1,90.32285036,UNCATEGORIZED,8.185419,5.3986235
лыжник,1,99.202548,UNCATEGORIZED,2.6180465,9.435066
выведение,1,84.3782213,UNCATEGORIZED,8.197789,6.345554
карманник,1,88.55066049,UNCATEGORIZED,1.5666208,9.744886
дивера,1,88.37739725,UNCATEGORIZED,0.9939056,6.291844
познание,1,88.31112204,UNCATEGORIZED,8.578653,6.375786
бодь,1,90.65356588,UNCATEGORIZED,0.88136935,6.5924354
плаз,1,80.94822435,UNCATEGORIZED,3.6480517,6.942067
консерватизм,1,80.94822435,UNCATEGORIZED,8.4040575,4.7624483
разработчик,1,91.64785821,UNCATEGORIZED,3.218268,9.872552
унтерменша,1,84.47317861,UNCATEGORIZED,6.141244,3.1484745
алох,1,84.47317861,UNCATEGORIZED,1.5550194,6.7101316
половой,1,95.41914403,UNCATEGORIZED,8.175995,4.8614917
тром,1,95.41914403,UNCATEGORIZED,1.140533,6.9429884
финлей,1,95.41914403,UNCATEGORIZED,0.21312529,6.8986754
ретушь,1,96.20560277,UNCATEGORIZED,8.732052,4.0789523
боеголовка,1,83.46545297,UNCATEGORIZED,2.9331295,5.190583
фиолента,1,88.3596428,UNCATEGORIZED,3.5159822,6.511464
пароходство,1,88.3596428,UNCATEGORIZED,5.119669,7.596082
унификация,1,64.97397222,UNCATEGORIZED,7.5946083,4.8093557
вакцинация,1,79.30426199,UNCATEGORIZED,6.8949347,3.7241147
расшифровка,1,90.33657901,UNCATEGORIZED,7.032875,5.3311133
элоквенция,1,81.57042499,UNCATEGORIZED,6.7873588,2.7758012
активатор,1,76.96498091,UNCATEGORIZED,2.523339,5.800215
пренебрежение,1,91.17715014,UNCATEGORIZED,9.486371,6.090842
барис,1,93.06551828,UNCATEGORIZED,0.98470604,6.861767
посудина,1,87.88096241,UNCATEGORIZED,3.009944,6.7989388
гуана,1,87.23717058,UNCATEGORIZED,0.7880616,6.383502
нагревание,1,90.52754769,UNCATEGORIZED,7.3073983,3.9625506
казенник,1,79.87088993,UNCATEGORIZED,2.1585007,5.133224
авионика,1,79.87088993,UNCATEGORIZED,6.66958,2.9593766
капиталовложение,1,84.16599858,UNCATEGORIZED,7.6554556,6.2483716
диспозиция,2,86.86643515,UNCATEGORIZED,6.737075,5.604344
славянофил,1,85.03162069,UNCATEGORIZED,2.7670171,10.257389
токсоплазмоз,1,85.03162069,UNCATEGORIZED,7.5989738,2.5105414
юморист,1,79.70568188,UNCATEGORIZED,3.1647832,9.886676
нейтралитет,1,94.16400446,UNCATEGORIZED,6.9927225,7.3795605
гипердвигатель,2,90.511840265,UNCATEGORIZED,2.7967288,6.348262
цитадель,3,90.73681301666666,UNCATEGORIZED,4.362676,6.4194584
гетеро,1,91.75610183,UNCATEGORIZED,8.435008,4.2958026
сигарилла,1,90.64548772,UNCATEGORIZED,2.1801002,5.763095
фибрилляция,3,89.73339424,UNCATEGORIZED,7.6845036,3.009019
далек,3,93.29133681333333,UNCATEGORIZED,7.8450837,7.4558296
ржа,1,90.7603132,UNCATEGORIZED,5.023661,3.6016686
парабеллум,1,88.6757713,UNCATEGORIZED,1.7684965,5.050655
хан,1,84.36678248,UNCATEGORIZED,2.1795552,8.998365
десятка,1,96.59334813,UNCATEGORIZED,5.9512887,8.474441
тонзиллит,1,96.59334813,UNCATEGORIZED,7.7956758,2.491641
центавро,1,94.2701006,UNCATEGORIZED,1.7573984,7.122899
пламегаситель,1,94.2701006,UNCATEGORIZED,2.1521144,5.2153444
распыление,1,96.59263555,UNCATEGORIZED,7.812263,5.687791
ригоризм,1,86.41446134,UNCATEGORIZED,8.339895,4.6639695
христианин,1,88.50109381,UNCATEGORIZED,1.9467655,9.76876
хламидиоз,1,88.97402239,UNCATEGORIZED,7.5481606,2.450244
господство,1,88.97402239,UNCATEGORIZED,8.603643,6.487223
серец,1,77.37092225,UNCATEGORIZED,-0.21817324,5.885418
лакейство,1,93.66004832,UNCATEGORIZED,8.5466385,5.3232284
ангора,1,91.30181848,UNCATEGORIZED,4.0527744,3.202041
рэкетир,1,95.58244674,UNCATEGORIZED,1.6606221,9.715657
сабак,1,98.45297172,UNCATEGORIZED,-0.36176267,5.7691216
статист,1,96.66404747,UNCATEGORIZED,1.6482613,9.635188
тучность,1,96.66404747,UNCATEGORIZED,9.351543,4.1667533
сверхчувствительность,1,88.651,UNCATEGORIZED,8.707349,3.7209356
шафер,1,95.24240002,UNCATEGORIZED,2.4736676,8.638471
быстрота,1,95.24240002,UNCATEGORIZED,9.702149,5.1471405
дайка,1,94.81454376,UNCATEGORIZED,0.7473645,6.496768
шхера,1,94.81454376,UNCATEGORIZED,1.2960588,6.5905256
сокращение,1,80.64728908,UNCATEGORIZED,8.119212,6.3812914
вакансия,2,86.42061874,UNCATEGORIZED,5.4051585,5.5801053
укладка,1,98.47339003,UNCATEGORIZED,6.666579,4.8390737
кофей,1,91.12274237,UNCATEGORIZED,3.521178,1.5477686
тамб,1,91.12274237,UNCATEGORIZED,0.9278463,5.928804
корреспонденция,1,94.52065205,UNCATEGORIZED,6.3459506,7.1493955
нейрофизиолог,2,81.67051464,UNCATEGORIZED,2.9052422,10.376472
апатит,2,81.67051464,UNCATEGORIZED,4.5831037,2.2709646
акселерат,1,91.36775902,UNCATEGORIZED,1.2948071,9.424705
чернокнижие,1,92.86857112,UNCATEGORIZED,8.146975,5.3959646
уйма,1,87.37249947,UNCATEGORIZED,6.1266065,8.232357
телесность,1,88.96623679,UNCATEGORIZED,9.065661,4.6470337
ровня,1,98.33092473,UNCATEGORIZED,1.7086351,9.521013
задымление,1,98.33092473,UNCATEGORIZED,7.4442806,4.039002
ведомость,1,93.17272019,UNCATEGORIZED,6.463905,7.4832277
проворность,1,92.49126379,UNCATEGORIZED,9.510144,4.5291367
косм,1,88.50678204,UNCATEGORIZED,2.7295916,3.2613819
колышек,1,83.97266948,UNCATEGORIZED,2.093751,4.665515
скал,1,92.59671657,UNCATEGORIZED,4.5454855,5.5556045
ужимка,1,88.0515206,UNCATEGORIZED,2.4105241,4.518363
чебуречная,1,91.22636818,UNCATEGORIZED,3.5017202,5.7246633
соглядатай,1,88.21595892,UNCATEGORIZED,1.5377618,9.760744
чахотка,1,81.33402516,UNCATEGORIZED,7.891862,2.4736376
инвестор,1,89.40582672,UNCATEGORIZED,3.4792395,9.768746
стенограмма,3,97.19083974666667,UNCATEGORIZED,6.3789597,7.592203
летучесть,1,83.75350598,UNCATEGORIZED,9.537078,4.3596573
авиастроение,1,83.75350598,UNCATEGORIZED,6.5138617,4.5906935
словотворчество,1,79.55241491,UNCATEGORIZED,7.0221124,4.5568094
дадаизм,1,79.55241491,UNCATEGORIZED,8.045004,4.2985883
потоотделение,2,77.85615109,UNCATEGORIZED,7.9376736,3.3917935
поправка,1,76.15988727,UNCATEGORIZED,6.7379646,7.092891
праведность,1,78.83189561,UNCATEGORIZED,9.236058,5.6914053
негоциант,1,95.59971665,UNCATEGORIZED,2.508629,9.860865
швеция,1,89.47427745,UNCATEGORIZED,5.59022,7.767118
евровидение,1,93.98419321,UNCATEGORIZED,5.840904,7.4104724
аудиокнига,1,90.66268507,UNCATEGORIZED,5.393672,5.0578203
бородач,1,94.96700318,UNCATEGORIZED,1.6817969,8.949108
альбион,1,87.54092115,UNCATEGORIZED,2.3323624,6.717667
макарон,1,87.54092115,UNCATEGORIZED,3.040451,1.8553864
николь,1,94.12329433,UNCATEGORIZED,-0.13669659,6.674506
бронетехника,1,86.32971392,UNCATEGORIZED,4.9647717,8.500239
сбор,1,89.78714443,UNCATEGORIZED,7.0489144,7.3375473
саентология,1,95.35514145,UNCATEGORIZED,7.072013,4.3703356
треух,1,91.71875174,UNCATEGORIZED,1.5652542,3.6371272
сорвиголова,1,92.16100855,UNCATEGORIZED,1.2543428,9.77689
баш,1,90.58592584,UNCATEGORIZED,0.36791748,6.8427615
аморальность,1,89.19202574,UNCATEGORIZED,9.231922,4.8682213
потасовка,1,95.2195376,UNCATEGORIZED,6.952938,6.1782503
залом,1,91.2210236,UNCATEGORIZED,4.007325,6.3586187
подкорка,1,92.94846256,UNCATEGORIZED,5.5509586,3.0170376
развращение,1,87.0383904,UNCATEGORIZED,8.554832,5.597948
нутрия,1,91.854672,UNCATEGORIZED,0.44813406,7.7737503
увлеченность,1,85.4014327,UNCATEGORIZED,9.6205015,5.2947364
автокатастрофа,1,86.83184264,UNCATEGORIZED,7.1487584,5.5975447
кержак,1,80.05924306,UNCATEGORIZED,1.0152327,7.488812
абсолютизация,2,87.63842928,UNCATEGORIZED,7.5636225,4.6474156
хирось,1,80.05924306,UNCATEGORIZED,0.97993404,6.8825607
концентрат,1,89.88682573,UNCATEGORIZED,4.315632,2.1048257
эмпат,1,85.46587986,UNCATEGORIZED,2.0270176,9.283682
гидромассаж,1,93.95356492,UNCATEGORIZED,6.424618,3.92563
лич,1,95.41158709,UNCATEGORIZED,1.9444393,8.808342
закрытость,1,90.49272849,UNCATEGORIZED,9.35794,4.735434
просвирка,1,88.45966771,UNCATEGORIZED,3.7846215,2.7845807
оболтус,1,95.87068636,UNCATEGORIZED,1.0525432,9.7028
оспина,1,86.31813831,UNCATEGORIZED,4.7877154,3.6043332
аутсайдер,1,86.21198839,UNCATEGORIZED,1.3475038,9.75475
электросварка,1,84.48008631,UNCATEGORIZED,3.6921372,4.988906
пенз,1,86.90297605,UNCATEGORIZED,0.8884518,6.0087156
невозвращенец,1,87.61169331,UNCATEGORIZED,1.7749901,9.7683
наличка,1,84.50752925,UNCATEGORIZED,4.9537797,4.4069295
бергамот,1,84.50752925,UNCATEGORIZED,1.8197745,1.7587678
всеядность,1,87.72945375,UNCATEGORIZED,9.457425,4.710283
инфильтрация,1,90.44071392,UNCATEGORIZED,7.894995,2.9518294
пташка,1,92.47675824,UNCATEGORIZED,-0.12544252,7.861311
концертмейстер,1,87.32218011,UNCATEGORIZED,3.4205086,9.719422
совхоз,1,87.8192931,UNCATEGORIZED,4.6370077,7.184329
метаморф,1,89.70321123,UNCATEGORIZED,1.0742254,8.207524
протоплазма,1,87.7742448,UNCATEGORIZED,5.6657596,3.8470943
стеб,1,89.86262178,UNCATEGORIZED,8.13198,5.4654512
инферна,1,84.49602022,UNCATEGORIZED,1.588883,6.6738563
превосходительство,1,91.33495443,UNCATEGORIZED,2.9689589,8.674472
присутствие,1,91.11341341,UNCATEGORIZED,8.281017,7.008168
ориентир,1,89.69899262,UNCATEGORIZED,5.135609,6.1168976
поветрие,1,89.69899262,UNCATEGORIZED,8.280784,3.439163
репарация,1,93.74391156,UNCATEGORIZED,6.2738376,3.3890498
ангажированность,1,96.35307623,UNCATEGORIZED,9.276877,4.630345
приборка,1,93.28825372,UNCATEGORIZED,6.5965066,5.2024784
панспермия,1,89.46255328,UNCATEGORIZED,7.699433,4.225917
кирха,1,96.97507907,UNCATEGORIZED,4.4938917,6.519002
курево,1,86.43827108,UNCATEGORIZED,3.6038363,2.4149044
безбрачие,1,91.64701897,UNCATEGORIZED,8.802272,5.286225
брожение,1,93.52969431,UNCATEGORIZED,7.534674,4.3503065
мармеладка,2,89.65424856,UNCATEGORIZED,1.0119845,6.6298633
грец,1,79.01935639,UNCATEGORIZED,1.0174193,7.0412884
приступка,1,95.41637826,UNCATEGORIZED,3.4564896,5.687902
мешалка,1,92.82766733,UNCATEGORIZED,3.4416344,5.37013
фестон,1,94.47353584,UNCATEGORIZED,3.7168899,4.159175
сиртака,3,96.93968650000001,UNCATEGORIZED,4.7948017,7.6134095
усекновение,1,88.52505757,UNCATEGORIZED,7.917098,7.21832
сожитель,1,85.75355312,UNCATEGORIZED,2.3107164,8.587644
победитель,2,95.35278815999999,UNCATEGORIZED,3.475234,8.95659
резонатор,1,92.85142224,UNCATEGORIZED,2.81361,5.7229633
зенитка,1,94.16786769,UNCATEGORIZED,2.1893103,5.2420473
акмеист,1,88.25219801,UNCATEGORIZED,6.3137107,3.2711632
ковыряние,1,89.69135385,UNCATEGORIZED,7.708354,5.125777
драга,1,90.9434734,UNCATEGORIZED,1.0330548,6.578603
гадюшник,1,88.27284134,UNCATEGORIZED,4.2111745,7.105632
равиоли,1,89.06812452,UNCATEGORIZED,3.1053221,1.9285313
яйценоскость,1,90.44184471,UNCATEGORIZED,8.745482,4.262423
перечница,1,84.54031277,UNCATEGORIZED,3.051691,4.55584
банкомат,1,86.2503432,UNCATEGORIZED,3.0886595,6.374673
отзвук,1,96.80423948,UNCATEGORIZED,5.5471272,5.589913
зевок,1,89.61230823,UNCATEGORIZED,5.785048,5.9827213
пожитки,1,92.37352488,UNCATEGORIZED,2.7122612,3.9063115
разногласие,1,92.37352488,UNCATEGORIZED,8.20772,6.098411
постановление,1,83.57049145,UNCATEGORIZED,7.421805,7.6540585
нейробиология,1,83.57049145,UNCATEGORIZED,6.7931395,2.840537
индексирование,1,99.67528428,UNCATEGORIZED,6.7195406,3.4318743
протектор,1,81.67129138,UNCATEGORIZED,2.5166645,8.750137
колядка,1,81.67129138,UNCATEGORIZED,7.263642,8.050857
афр,1,76.94648865,UNCATEGORIZED,0.69731534,6.795014
фол,1,76.94648865,UNCATEGORIZED,0.77654326,8.016504
трига,1,76.94648865,UNCATEGORIZED,0.58646005,6.9275327
снасть,1,89.85555455,UNCATEGORIZED,0.83734286,5.0391808
гимназия,1,90.75347657,UNCATEGORIZED,4.9935665,7.3163204
халфлинг,2,93.567140645,UNCATEGORIZED,0.9885113,7.5290303
примавера,3,84.02609310666666,UNCATEGORIZED,1.9765981,6.7698045
мизерность,1,83.23900813,UNCATEGORIZED,9.631423,4.360969
заливное,1,101.9826137,UNCATEGORIZED,2.9780433,2.154629
неотложка,1,96.76158527,UNCATEGORIZED,4.308262,7.346028
обсервация,1,90.02774326,UNCATEGORIZED,6.764437,2.8845708
конвой,1,93.46079821,UNCATEGORIZED,4.7201257,8.278788
симптоматика,1,87.47012143,UNCATEGORIZED,7.752906,3.178286
несоответствие,1,87.94488706,UNCATEGORIZED,8.401392,6.1933575
хатка,1,95.70980297,UNCATEGORIZED,4.196687,6.407827
фомка,1,95.70980297,UNCATEGORIZED,0.88164514,7.738886
святилище,1,87.85101834,UNCATEGORIZED,4.579764,6.5205736
дурень,1,93.1117291,UNCATEGORIZED,0.6007361,9.706604
сомнамбул,1,92.94964183,UNCATEGORIZED,7.2627172,3.3059855
космизм,1,88.4348258,UNCATEGORIZED,8.03806,4.527661
обличие,1,88.4348258,UNCATEGORIZED,8.130312,5.1916623
разлом,2,93.55359480499999,UNCATEGORIZED,4.496551,5.3054457
никс,1,70.98521857,UNCATEGORIZED,1.1924525,7.735144
гашение,1,85.75085852,UNCATEGORIZED,7.0228477,4.0808315
оп,3,55.40532898,UNCATEGORIZED,6.3512397,7.9074826
флой,1,57.29128192,UNCATEGORIZED,0.3499238,6.7799253
освидетельствование,1,93.88801932,UNCATEGORIZED,7.2667055,7.2954936
креслице,1,56.85099233,UNCATEGORIZED,2.8997407,4.714906
дадом,1,79.38546725,UNCATEGORIZED,-0.45374936,5.729201
ти,1,60.92180536,UNCATEGORIZED,-0.11237534,6.018434
блом,2,67.3795828,UNCATEGORIZED,0.7506406,7.2197986
брами,1,78.07234702,UNCATEGORIZED,4.7123723,3.0084956
др,2,64.494116315,UNCATEGORIZED,6.5394697,8.292471
коть,1,61.81417083,UNCATEGORIZED,1.4311337,6.853319
кить,1,61.47972761,UNCATEGORIZED,0.37588114,6.539524
песик,6,52.645592334999996,UNCATEGORIZED,-0.1342893,8.740245
перемещение,1,71.15696501,UNCATEGORIZED,8.051096,6.4036903
халява,1,78.53597509,UNCATEGORIZED,6.6308374,5.6732445
бездействие,1,78.53597509,UNCATEGORIZED,9.181012,5.509895
дать,1,56.90295163,UNCATEGORIZED,8.111103,7.33555
третие,1,77.20548924,UNCATEGORIZED,7.420725,4.966644
шестый,1,77.20548924,UNCATEGORIZED,6.929137,7.9762554
шумность,1,75.81492222,UNCATEGORIZED,9.158888,4.2449203
звучность,2,76.300832015,UNCATEGORIZED,9.602497,4.47058
озвучание,2,76.300832015,UNCATEGORIZED,6.650116,5.135768
саунд,2,76.300832015,UNCATEGORIZED,4.8455667,7.5464883
мный,1,71.70932188,UNCATEGORIZED,0.47594726,6.2020617
лям,1,71.40025899,UNCATEGORIZED,1.0343715,7.143655
протей,2,90.84840435000001,UNCATEGORIZED,1.0572529,8.182869
рожок,1,63.12172949,UNCATEGORIZED,3.3132546,6.163481
кираса,1,88.69778205,UNCATEGORIZED,2.0266826,3.836901
нефтедобыча,1,93.74030555,UNCATEGORIZED,6.7446837,3.06686
психотерапевт,1,93.60320374,UNCATEGORIZED,2.9840717,10.032983
овера,1,83.91524652,UNCATEGORIZED,0.6302481,6.9737663
тихоня,1,92.71454285,UNCATEGORIZED,0.8484405,9.698524
баг,1,80.15784491,UNCATEGORIZED,0.6340123,7.214559
кибернетик,1,94.42689322,UNCATEGORIZED,2.9561112,10.029163
республиканец,1,94.42689322,UNCATEGORIZED,2.3371596,10.259215
флегма,1,89.75482577,UNCATEGORIZED,5.2707286,3.6524882
носферат,1,88.46986805,UNCATEGORIZED,1.0505648,8.356779
арахна,1,93.47141683,UNCATEGORIZED,0.7533598,7.1147666
огрех,1,83.69628752,UNCATEGORIZED,6.4247675,6.417359
работоспособность,1,90.65456875,UNCATEGORIZED,9.088166,4.981554
расширение,1,91.92173499,UNCATEGORIZED,8.157553,6.4912605
лори,1,94.59644795,UNCATEGORIZED,-0.11301063,6.736286
евангелист,1,90.81920976,UNCATEGORIZED,2.2889585,9.750497
оснастка,1,90.81920976,UNCATEGORIZED,0.8005898,5.014759
претор,1,90.81920976,UNCATEGORIZED,2.3546152,8.820416
небосклон,1,89.52083441,UNCATEGORIZED,4.8292546,4.837428
хризопраз,1,86.57022876,UNCATEGORIZED,4.2827983,1.3459572
салочка,1,95.70111953,UNCATEGORIZED,4.285248,8.326257
целеста,2,91.49880372999999,UNCATEGORIZED,1.2613906,6.5154643
употребление,1,93.96047116,UNCATEGORIZED,8.115483,6.465338
невротик,1,88.42606993,UNCATEGORIZED,1.2710418,10.011446
карда,1,90.50751733,UNCATEGORIZED,0.771238,6.3202763
орясина,1,90.30789354,UNCATEGORIZED,1.1112303,8.511073
запуск,1,95.04121419,UNCATEGORIZED,5.814329,6.5657425
арго,1,90.2820793,UNCATEGORIZED,2.9589217,6.919972
прогиб,1,89.75850155,UNCATEGORIZED,5.774344,5.283685
пачули,4,92.84969483500001,UNCATEGORIZED,1.8910626,1.7236946
сотворение,1,82.0482988,UNCATEGORIZED,8.290801,6.663775
индиец,1,90.08654375,UNCATEGORIZED,1.6355867,9.043785
иноходец,1,97.76124585,UNCATEGORIZED,0.39875892,8.873697
мурка,1,55.62832206,UNCATEGORIZED,0.96003616,8.073161
пушистик,1,55.62832206,UNCATEGORIZED,0.64417523,8.442864
кубло,1,93.0437201,UNCATEGORIZED,5.7615232,5.4925003
унисон,7,93.00756647428571,UNCATEGORIZED,5.5901375,6.6775513
инк,1,88.34037787,UNCATEGORIZED,2.6184108,6.720132
неудачник,1,91.54702875,UNCATEGORIZED,1.1149827,9.907355
